-- Generated by Craft v1.3.2507 on Mar 20, 2014 9:04:49 PM.

--
-- Disable foreign key checks and autocommit.
--

SET FOREIGN_KEY_CHECKS = 0;
SET SQL_MODE = "NO_AUTO_VALUE_ON_ZERO";
SET AUTOCOMMIT = 0;
SET NAMES utf8;


--
-- Schema for table `craft_assetfiles`
--

DROP TABLE IF EXISTS `craft_assetfiles`;

CREATE TABLE `craft_assetfiles` (
  `id` int(11) NOT NULL,
  `sourceId` int(11) NOT NULL,
  `folderId` int(11) NOT NULL,
  `filename` varchar(255) COLLATE utf8_unicode_ci NOT NULL,
  `kind` varchar(50) COLLATE utf8_unicode_ci NOT NULL DEFAULT 'unknown',
  `width` smallint(6) unsigned DEFAULT NULL,
  `height` smallint(6) unsigned DEFAULT NULL,
  `size` int(11) unsigned DEFAULT NULL,
  `dateModified` datetime DEFAULT NULL,
  `dateCreated` datetime NOT NULL,
  `dateUpdated` datetime NOT NULL,
  `uid` char(36) COLLATE utf8_unicode_ci NOT NULL DEFAULT '0',
  PRIMARY KEY (`id`),
  UNIQUE KEY `craft_assetfiles_filename_folderId_unq_idx` (`filename`,`folderId`),
  KEY `craft_assetfiles_sourceId_fk` (`sourceId`),
  KEY `craft_assetfiles_folderId_fk` (`folderId`)
) ENGINE=InnoDB DEFAULT CHARSET=utf8 COLLATE=utf8_unicode_ci;

--
-- Data for table `craft_assetfiles`
--

INSERT INTO `craft_assetfiles` (`id`, `sourceId`, `folderId`, `filename`, `kind`, `width`, `height`, `size`, `dateModified`, `dateCreated`, `dateUpdated`, `uid`) VALUES ('21', '1', '1', 'about.png', 'image', '316', '381', '208710', '2014-03-19 22:05:18', '2014-03-19 21:46:59', '2014-03-19 22:05:23', 'dee2a58b-91a6-49ad-bd8f-96b2ee950b8d');
INSERT INTO `craft_assetfiles` (`id`, `sourceId`, `folderId`, `filename`, `kind`, `width`, `height`, `size`, `dateModified`, `dateCreated`, `dateUpdated`, `uid`) VALUES ('25', '1', '1', 'site-logo.svg', 'image', NULL, NULL, '4463', '2014-03-20 01:34:27', '2014-03-20 01:34:27', '2014-03-20 01:34:27', 'f0b9efc0-385e-442e-aca6-027e45da180f');
INSERT INTO `craft_assetfiles` (`id`, `sourceId`, `folderId`, `filename`, `kind`, `width`, `height`, `size`, `dateModified`, `dateCreated`, `dateUpdated`, `uid`) VALUES ('26', '1', '1', 'imgres-3.jpg', 'image', '276', '183', '5909', '2014-03-20 01:38:32', '2014-03-20 01:38:32', '2014-03-20 01:38:32', '32f621ac-345a-4dd7-94f8-d200d6cbcb88');
INSERT INTO `craft_assetfiles` (`id`, `sourceId`, `folderId`, `filename`, `kind`, `width`, `height`, `size`, `dateModified`, `dateCreated`, `dateUpdated`, `uid`) VALUES ('27', '1', '1', 'imgres-2.jpg', 'image', '219', '230', '3771', '2014-03-20 01:38:32', '2014-03-20 01:38:32', '2014-03-20 01:38:32', 'c92049a2-62bf-47e2-aae2-0e15448fa688');
INSERT INTO `craft_assetfiles` (`id`, `sourceId`, `folderId`, `filename`, `kind`, `width`, `height`, `size`, `dateModified`, `dateCreated`, `dateUpdated`, `uid`) VALUES ('28', '1', '1', 'imgres-1.jpg', 'image', '275', '183', '6143', '2014-03-20 01:38:32', '2014-03-20 01:38:33', '2014-03-20 01:38:33', 'f2f3857b-8685-4be8-83de-1201f3877e2d');
INSERT INTO `craft_assetfiles` (`id`, `sourceId`, `folderId`, `filename`, `kind`, `width`, `height`, `size`, `dateModified`, `dateCreated`, `dateUpdated`, `uid`) VALUES ('29', '1', '1', 'imgres.jpg', 'image', '338', '149', '4299', '2014-03-20 01:38:33', '2014-03-20 01:38:33', '2014-03-20 01:38:33', '46369c35-3ddd-4981-a8de-51c4fc56f96a');
INSERT INTO `craft_assetfiles` (`id`, `sourceId`, `folderId`, `filename`, `kind`, `width`, `height`, `size`, `dateModified`, `dateCreated`, `dateUpdated`, `uid`) VALUES ('30', '1', '1', 'images.jpg', 'image', '373', '135', '5645', '2014-03-20 01:38:33', '2014-03-20 01:38:33', '2014-03-20 01:38:33', 'eefc0988-960f-4cb8-8f7e-16fde6d40465');
INSERT INTO `craft_assetfiles` (`id`, `sourceId`, `folderId`, `filename`, `kind`, `width`, `height`, `size`, `dateModified`, `dateCreated`, `dateUpdated`, `uid`) VALUES ('61', '1', '1', 'Untitled-1.png', 'image', '497', '344', '40852', '2014-03-20 19:51:19', '2014-03-20 19:51:20', '2014-03-20 19:51:20', '1f005d16-4276-4cf1-b0a2-6de3e122a875');
INSERT INTO `craft_assetfiles` (`id`, `sourceId`, `folderId`, `filename`, `kind`, `width`, `height`, `size`, `dateModified`, `dateCreated`, `dateUpdated`, `uid`) VALUES ('62', '1', '1', 'eyeglass.png', 'image', '256', '182', '94375', '2014-03-20 20:10:07', '2014-03-20 20:09:46', '2014-03-20 20:10:11', '89e6da08-557e-4278-8403-aaad8826b90f');
INSERT INTO `craft_assetfiles` (`id`, `sourceId`, `folderId`, `filename`, `kind`, `width`, `height`, `size`, `dateModified`, `dateCreated`, `dateUpdated`, `uid`) VALUES ('63', '1', '1', 'sunglass.png', 'image', '256', '182', '82563', '2014-03-20 20:09:47', '2014-03-20 20:09:47', '2014-03-20 20:09:47', '74ba5069-0c7d-4900-9541-80365509acf4');



--
-- Schema for table `craft_assetfolders`
--

DROP TABLE IF EXISTS `craft_assetfolders`;

CREATE TABLE `craft_assetfolders` (
  `id` int(11) NOT NULL AUTO_INCREMENT,
  `parentId` int(11) DEFAULT NULL,
  `sourceId` int(11) NOT NULL,
  `name` varchar(255) COLLATE utf8_unicode_ci NOT NULL,
  `fullPath` varchar(255) COLLATE utf8_unicode_ci DEFAULT NULL,
  `dateCreated` datetime NOT NULL,
  `dateUpdated` datetime NOT NULL,
  `uid` char(36) COLLATE utf8_unicode_ci NOT NULL DEFAULT '0',
  PRIMARY KEY (`id`),
  UNIQUE KEY `craft_assetfolders_name_parentId_sourceId_unq_idx` (`name`,`parentId`,`sourceId`),
  KEY `craft_assetfolders_parentId_fk` (`parentId`),
  KEY `craft_assetfolders_sourceId_fk` (`sourceId`)
) ENGINE=InnoDB AUTO_INCREMENT=2 DEFAULT CHARSET=utf8 COLLATE=utf8_unicode_ci;

--
-- Data for table `craft_assetfolders`
--

INSERT INTO `craft_assetfolders` (`id`, `parentId`, `sourceId`, `name`, `fullPath`, `dateCreated`, `dateUpdated`, `uid`) VALUES ('1', NULL, '1', 'Photos', '', '2014-03-19 21:44:21', '2014-03-19 21:44:21', '153be5cf-b91f-4580-86ea-2af3a67096d0');



--
-- Schema for table `craft_assetindexdata`
--

DROP TABLE IF EXISTS `craft_assetindexdata`;

CREATE TABLE `craft_assetindexdata` (
  `id` int(11) NOT NULL AUTO_INCREMENT,
  `sessionId` varchar(36) COLLATE utf8_unicode_ci NOT NULL DEFAULT '',
  `sourceId` int(10) NOT NULL,
  `offset` int(10) NOT NULL,
  `uri` varchar(255) COLLATE utf8_unicode_ci DEFAULT NULL,
  `size` int(10) DEFAULT NULL,
  `recordId` int(10) DEFAULT NULL,
  `dateCreated` datetime NOT NULL,
  `dateUpdated` datetime NOT NULL,
  `uid` char(36) COLLATE utf8_unicode_ci NOT NULL DEFAULT '0',
  PRIMARY KEY (`id`),
  UNIQUE KEY `craft_assetindexdata_sessionId_sourceId_offset_unq_idx` (`sessionId`,`sourceId`,`offset`),
  KEY `craft_assetindexdata_sourceId_fk` (`sourceId`)
) ENGINE=InnoDB DEFAULT CHARSET=utf8 COLLATE=utf8_unicode_ci;

--
-- Schema for table `craft_assetsources`
--

DROP TABLE IF EXISTS `craft_assetsources`;

CREATE TABLE `craft_assetsources` (
  `id` int(11) NOT NULL AUTO_INCREMENT,
  `name` varchar(255) COLLATE utf8_unicode_ci NOT NULL,
  `type` char(150) COLLATE utf8_unicode_ci NOT NULL,
  `settings` text COLLATE utf8_unicode_ci,
  `sortOrder` tinyint(4) DEFAULT NULL,
  `dateCreated` datetime NOT NULL,
  `dateUpdated` datetime NOT NULL,
  `uid` char(36) COLLATE utf8_unicode_ci NOT NULL DEFAULT '0',
  PRIMARY KEY (`id`),
  UNIQUE KEY `craft_assetsources_name_unq_idx` (`name`)
) ENGINE=InnoDB AUTO_INCREMENT=2 DEFAULT CHARSET=utf8 COLLATE=utf8_unicode_ci;

--
-- Data for table `craft_assetsources`
--

INSERT INTO `craft_assetsources` (`id`, `name`, `type`, `settings`, `sortOrder`, `dateCreated`, `dateUpdated`, `uid`) VALUES ('1', 'Photos', 'Local', '{\"path\":\"images\\/\",\"url\":\"http:\\/\\/localhost:9999\\/clients\\/gatorworks\\/opticalshoppe\\/public\\/images\\/\"}', '1', '2014-03-19 21:44:21', '2014-03-19 22:05:04', '74b9bd75-bbe9-408d-9cf3-782d6f3327df');



--
-- Schema for table `craft_assettransformindex`
--

DROP TABLE IF EXISTS `craft_assettransformindex`;

CREATE TABLE `craft_assettransformindex` (
  `id` int(11) NOT NULL AUTO_INCREMENT,
  `fileId` int(11) NOT NULL,
  `location` varchar(255) COLLATE utf8_unicode_ci NOT NULL,
  `sourceId` int(11) NOT NULL,
  `fileExists` tinyint(1) DEFAULT NULL,
  `inProgress` tinyint(1) DEFAULT NULL,
  `dateIndexed` datetime DEFAULT NULL,
  `dateCreated` datetime NOT NULL,
  `dateUpdated` datetime NOT NULL,
  `uid` char(36) COLLATE utf8_unicode_ci NOT NULL DEFAULT '0',
  PRIMARY KEY (`id`),
  KEY `craft_assettransformindex_sourceId_fileId_location_idx` (`sourceId`,`fileId`,`location`)
) ENGINE=InnoDB DEFAULT CHARSET=utf8 COLLATE=utf8_unicode_ci;

--
-- Schema for table `craft_assettransforms`
--

DROP TABLE IF EXISTS `craft_assettransforms`;

CREATE TABLE `craft_assettransforms` (
  `id` int(11) NOT NULL AUTO_INCREMENT,
  `name` varchar(255) COLLATE utf8_unicode_ci NOT NULL,
  `handle` varchar(255) COLLATE utf8_unicode_ci NOT NULL,
  `mode` enum('stretch','fit','crop') COLLATE utf8_unicode_ci NOT NULL DEFAULT 'crop',
  `position` enum('top-left','top-center','top-right','center-left','center-center','center-right','bottom-left','bottom-center','bottom-right') COLLATE utf8_unicode_ci NOT NULL DEFAULT 'center-center',
  `height` int(10) DEFAULT NULL,
  `width` int(10) DEFAULT NULL,
  `dimensionChangeTime` datetime DEFAULT NULL,
  `dateCreated` datetime NOT NULL,
  `dateUpdated` datetime NOT NULL,
  `uid` char(36) COLLATE utf8_unicode_ci NOT NULL DEFAULT '0',
  PRIMARY KEY (`id`),
  UNIQUE KEY `craft_assettransforms_name_unq_idx` (`name`),
  UNIQUE KEY `craft_assettransforms_handle_unq_idx` (`handle`)
) ENGINE=InnoDB DEFAULT CHARSET=utf8 COLLATE=utf8_unicode_ci;

--
-- Schema for table `craft_content`
--

DROP TABLE IF EXISTS `craft_content`;

CREATE TABLE `craft_content` (
  `id` int(11) NOT NULL AUTO_INCREMENT,
  `elementId` int(11) NOT NULL,
  `locale` char(12) COLLATE utf8_unicode_ci NOT NULL,
  `title` varchar(255) COLLATE utf8_unicode_ci DEFAULT NULL,
  `field_bodyHeadingCopy` text COLLATE utf8_unicode_ci,
  `field_bodyCopy` text COLLATE utf8_unicode_ci,
  `field_storeName` text COLLATE utf8_unicode_ci,
  `field_addressFirstLine` text COLLATE utf8_unicode_ci,
  `field_addressSecondLine` text COLLATE utf8_unicode_ci,
  `field_phoneNumber` text COLLATE utf8_unicode_ci,
  `field_faxNumber` text COLLATE utf8_unicode_ci,
  `field_saleInfoText` text COLLATE utf8_unicode_ci,
  `field_contactFormTitle` varchar(25) COLLATE utf8_unicode_ci DEFAULT NULL,
  `field_contactFormEmail` text COLLATE utf8_unicode_ci,
  `field_saleInfoTitle` varchar(25) COLLATE utf8_unicode_ci DEFAULT NULL,
  `field_saleInfoHanging` varchar(50) COLLATE utf8_unicode_ci DEFAULT NULL,
  `field_panelText` text COLLATE utf8_unicode_ci,
  `field_itemName` text COLLATE utf8_unicode_ci,
  `field_itemPrice` varchar(7) COLLATE utf8_unicode_ci DEFAULT NULL,
  `field_itemSerial` text COLLATE utf8_unicode_ci,
  `dateCreated` datetime NOT NULL,
  `dateUpdated` datetime NOT NULL,
  `uid` char(36) COLLATE utf8_unicode_ci NOT NULL DEFAULT '0',
  PRIMARY KEY (`id`),
  UNIQUE KEY `craft_content_elementId_locale_unq_idx` (`elementId`,`locale`),
  KEY `craft_content_title_idx` (`title`),
  KEY `craft_content_locale_fk` (`locale`)
) ENGINE=InnoDB AUTO_INCREMENT=38 DEFAULT CHARSET=utf8 COLLATE=utf8_unicode_ci;

--
-- Data for table `craft_content`
--

INSERT INTO `craft_content` (`id`, `elementId`, `locale`, `title`, `field_bodyHeadingCopy`, `field_bodyCopy`, `field_storeName`, `field_addressFirstLine`, `field_addressSecondLine`, `field_phoneNumber`, `field_faxNumber`, `field_saleInfoText`, `field_contactFormTitle`, `field_contactFormEmail`, `field_saleInfoTitle`, `field_saleInfoHanging`, `field_panelText`, `field_itemName`, `field_itemPrice`, `field_itemSerial`, `dateCreated`, `dateUpdated`, `uid`) VALUES ('1', '1', 'en_us', NULL, NULL, NULL, NULL, NULL, NULL, NULL, NULL, NULL, NULL, NULL, NULL, NULL, NULL, NULL, NULL, NULL, '2014-03-15 17:07:12', '2014-03-15 17:07:12', '7dcf9f6c-27b6-42f0-bba4-14ffa36b9e33');
INSERT INTO `craft_content` (`id`, `elementId`, `locale`, `title`, `field_bodyHeadingCopy`, `field_bodyCopy`, `field_storeName`, `field_addressFirstLine`, `field_addressSecondLine`, `field_phoneNumber`, `field_faxNumber`, `field_saleInfoText`, `field_contactFormTitle`, `field_contactFormEmail`, `field_saleInfoTitle`, `field_saleInfoHanging`, `field_panelText`, `field_itemName`, `field_itemPrice`, `field_itemSerial`, `dateCreated`, `dateUpdated`, `uid`) VALUES ('2', '2', 'en_us', 'Frames', 'We service everything we sell for the lifetime of the frame for FREE.', '<p>Need an adjustment? Just stop by! If you ever sit on your glasses or bend them out of shape, make sure not to try to bend them back yourself, as we use specialized equipment in the shop to restore your frames to their natural shape!</p>', NULL, NULL, NULL, NULL, NULL, NULL, NULL, NULL, NULL, NULL, '<p><strong><em>Interested in the top Eyewear lines? </em></strong>Check out our brands exclusive to our store in Baton Rouge!</p>', NULL, NULL, NULL, '2014-03-15 17:07:16', '2014-03-20 20:10:31', 'cb10a382-a7b6-40e1-b696-2c5230cc8693');
INSERT INTO `craft_content` (`id`, `elementId`, `locale`, `title`, `field_bodyHeadingCopy`, `field_bodyCopy`, `field_storeName`, `field_addressFirstLine`, `field_addressSecondLine`, `field_phoneNumber`, `field_faxNumber`, `field_saleInfoText`, `field_contactFormTitle`, `field_contactFormEmail`, `field_saleInfoTitle`, `field_saleInfoHanging`, `field_panelText`, `field_itemName`, `field_itemPrice`, `field_itemSerial`, `dateCreated`, `dateUpdated`, `uid`) VALUES ('4', '4', 'en_us', 'About', 'We are a locally owned eyewear boutique with an exciting selection of classic, sophisticated eyewear. In business for over 30 years, the Optical Shoppe was the first luxury eyewear boutique in Baton Rouge.', '<p>We are known for fitting customers with the perfect frame in a relaxed comfortable friendly manner. Once you have your perfect frame, we can fit them with your prescription lenses. Our selection includes a variety of lenses and they will vary in price depending on what your eyes need. We offer an array of choices to all customers, including those with astigmatism. Whether you are nearsighted, farsighted, or both, we work with you to get the perfect lens/frame combination for your unique eyesight.</p><p>The Optical Shoppe is located in the Bocage Village shopping center with other local merchants including Dearman\'s and Calvin\'s grocery. If you lose your way, look for Le Madeline on the corner for a landmark.&nbsp;</p>', 'The Optical Shoppe', '7641 Jefferson Highway ', 'Baton Rouge, LA 7080', '225-928-5798', '225-926-2808', NULL, NULL, NULL, NULL, NULL, NULL, NULL, NULL, NULL, '2014-03-16 17:49:10', '2014-03-19 21:48:46', '6cc99547-a10e-4e76-9bc9-9013ac6df4ad');
INSERT INTO `craft_content` (`id`, `elementId`, `locale`, `title`, `field_bodyHeadingCopy`, `field_bodyCopy`, `field_storeName`, `field_addressFirstLine`, `field_addressSecondLine`, `field_phoneNumber`, `field_faxNumber`, `field_saleInfoText`, `field_contactFormTitle`, `field_contactFormEmail`, `field_saleInfoTitle`, `field_saleInfoHanging`, `field_panelText`, `field_itemName`, `field_itemPrice`, `field_itemSerial`, `dateCreated`, `dateUpdated`, `uid`) VALUES ('5', '5', 'en_us', 'Lenses', NULL, NULL, NULL, NULL, NULL, NULL, NULL, NULL, NULL, NULL, NULL, NULL, NULL, NULL, NULL, NULL, '2014-03-16 17:49:28', '2014-03-20 17:24:00', '9bc04ea5-35a6-4f57-8249-ecce7432b355');
INSERT INTO `craft_content` (`id`, `elementId`, `locale`, `title`, `field_bodyHeadingCopy`, `field_bodyCopy`, `field_storeName`, `field_addressFirstLine`, `field_addressSecondLine`, `field_phoneNumber`, `field_faxNumber`, `field_saleInfoText`, `field_contactFormTitle`, `field_contactFormEmail`, `field_saleInfoTitle`, `field_saleInfoHanging`, `field_panelText`, `field_itemName`, `field_itemPrice`, `field_itemSerial`, `dateCreated`, `dateUpdated`, `uid`) VALUES ('6', '6', 'en_us', 'Contact', NULL, NULL, NULL, NULL, NULL, NULL, NULL, NULL, NULL, NULL, NULL, NULL, NULL, NULL, NULL, NULL, '2014-03-16 17:49:38', '2014-03-16 17:49:38', 'cb383f7d-4308-472a-bd68-b48f2a1d23f8');
INSERT INTO `craft_content` (`id`, `elementId`, `locale`, `title`, `field_bodyHeadingCopy`, `field_bodyCopy`, `field_storeName`, `field_addressFirstLine`, `field_addressSecondLine`, `field_phoneNumber`, `field_faxNumber`, `field_saleInfoText`, `field_contactFormTitle`, `field_contactFormEmail`, `field_saleInfoTitle`, `field_saleInfoHanging`, `field_panelText`, `field_itemName`, `field_itemPrice`, `field_itemSerial`, `dateCreated`, `dateUpdated`, `uid`) VALUES ('8', '8', 'en_us', 'Ray Ban Wayfarer Square', NULL, '<p>Ray-Ban® Wayfarer® Square RB2151 sunglasses are a more rigid, modern interpretation of the iconic Wayfarer shape. The Ray-Ban sunglasses feature the embossed Ray-Ban signature logo on the temples as well as a signature logo printed on the lenses of this unisex style. With these distinct lines, Wayfarer Square RB2151 sunglasses manage a more sophisticated look without compromising the unmistakable identity of the Original Wayfarer. The Wayfarer Square sunglasses are prescription friendly.</p>', NULL, NULL, NULL, NULL, NULL, NULL, NULL, NULL, NULL, NULL, NULL, 'Ray Ban Wayfarer Square', '135.00', 'j8dsjas9dE234', '2014-03-16 21:57:18', '2014-03-20 19:54:58', '2e110388-fa91-4ce8-930e-0d61e3f38b30');
INSERT INTO `craft_content` (`id`, `elementId`, `locale`, `title`, `field_bodyHeadingCopy`, `field_bodyCopy`, `field_storeName`, `field_addressFirstLine`, `field_addressSecondLine`, `field_phoneNumber`, `field_faxNumber`, `field_saleInfoText`, `field_contactFormTitle`, `field_contactFormEmail`, `field_saleInfoTitle`, `field_saleInfoHanging`, `field_panelText`, `field_itemName`, `field_itemPrice`, `field_itemSerial`, `dateCreated`, `dateUpdated`, `uid`) VALUES ('9', '9', 'en_us', NULL, NULL, NULL, 'The Optical Shoppe', '7641 Jefferson Highway', 'Baton Rouge, LA 7080', '225-928-5798', '225-926-2808', NULL, NULL, NULL, NULL, NULL, NULL, NULL, NULL, NULL, '2014-03-18 23:53:20', '2014-03-20 20:16:51', 'c57c6634-9e1b-477f-b42a-9d6a25739fd3');
INSERT INTO `craft_content` (`id`, `elementId`, `locale`, `title`, `field_bodyHeadingCopy`, `field_bodyCopy`, `field_storeName`, `field_addressFirstLine`, `field_addressSecondLine`, `field_phoneNumber`, `field_faxNumber`, `field_saleInfoText`, `field_contactFormTitle`, `field_contactFormEmail`, `field_saleInfoTitle`, `field_saleInfoHanging`, `field_panelText`, `field_itemName`, `field_itemPrice`, `field_itemSerial`, `dateCreated`, `dateUpdated`, `uid`) VALUES ('10', '10', 'en_us', NULL, NULL, NULL, NULL, NULL, NULL, NULL, NULL, '<p>of new name</p><p>brand sunglasses&nbsp;</p><p>and eyeglass&nbsp;</p><p>frames always,</p>', NULL, NULL, '50% Off Section', 'All Year Around', NULL, NULL, NULL, NULL, '2014-03-19 15:06:17', '2014-03-19 15:38:43', 'd97cc2a1-76fd-47db-93e7-225f70909178');
INSERT INTO `craft_content` (`id`, `elementId`, `locale`, `title`, `field_bodyHeadingCopy`, `field_bodyCopy`, `field_storeName`, `field_addressFirstLine`, `field_addressSecondLine`, `field_phoneNumber`, `field_faxNumber`, `field_saleInfoText`, `field_contactFormTitle`, `field_contactFormEmail`, `field_saleInfoTitle`, `field_saleInfoHanging`, `field_panelText`, `field_itemName`, `field_itemPrice`, `field_itemSerial`, `dateCreated`, `dateUpdated`, `uid`) VALUES ('14', '21', 'en_us', 'about', NULL, NULL, NULL, NULL, NULL, NULL, NULL, NULL, NULL, NULL, NULL, NULL, NULL, NULL, NULL, NULL, '2014-03-19 21:46:59', '2014-03-19 21:46:59', 'bc56a1d0-d488-4ca5-960e-6c1e06842813');
INSERT INTO `craft_content` (`id`, `elementId`, `locale`, `title`, `field_bodyHeadingCopy`, `field_bodyCopy`, `field_storeName`, `field_addressFirstLine`, `field_addressSecondLine`, `field_phoneNumber`, `field_faxNumber`, `field_saleInfoText`, `field_contactFormTitle`, `field_contactFormEmail`, `field_saleInfoTitle`, `field_saleInfoHanging`, `field_panelText`, `field_itemName`, `field_itemPrice`, `field_itemSerial`, `dateCreated`, `dateUpdated`, `uid`) VALUES ('16', '23', 'en_us', 'Aviator TM Large Metal', NULL, '<p>The classic since the late 1960\'s. This is example text, something you should replace before we launch this website on April 1st. Of course it is not going to be the April\'s fools for us.&nbsp;</p>', NULL, NULL, NULL, NULL, NULL, NULL, NULL, NULL, NULL, NULL, NULL, 'Aviator TM Large Metal', '165.00', '88adsf7aw34k', '2014-03-20 00:01:06', '2014-03-20 17:19:08', '2eae4e38-8194-4494-be04-31a0360e1aa7');
INSERT INTO `craft_content` (`id`, `elementId`, `locale`, `title`, `field_bodyHeadingCopy`, `field_bodyCopy`, `field_storeName`, `field_addressFirstLine`, `field_addressSecondLine`, `field_phoneNumber`, `field_faxNumber`, `field_saleInfoText`, `field_contactFormTitle`, `field_contactFormEmail`, `field_saleInfoTitle`, `field_saleInfoHanging`, `field_panelText`, `field_itemName`, `field_itemPrice`, `field_itemSerial`, `dateCreated`, `dateUpdated`, `uid`) VALUES ('18', '25', 'en_us', 'site-logo', NULL, NULL, NULL, NULL, NULL, NULL, NULL, NULL, NULL, NULL, NULL, NULL, NULL, NULL, NULL, NULL, '2014-03-20 01:34:27', '2014-03-20 01:34:27', 'bdc4286d-e9fc-4b6b-8a51-4f78089a5624');
INSERT INTO `craft_content` (`id`, `elementId`, `locale`, `title`, `field_bodyHeadingCopy`, `field_bodyCopy`, `field_storeName`, `field_addressFirstLine`, `field_addressSecondLine`, `field_phoneNumber`, `field_faxNumber`, `field_saleInfoText`, `field_contactFormTitle`, `field_contactFormEmail`, `field_saleInfoTitle`, `field_saleInfoHanging`, `field_panelText`, `field_itemName`, `field_itemPrice`, `field_itemSerial`, `dateCreated`, `dateUpdated`, `uid`) VALUES ('19', '26', 'en_us', 'imgres-3', NULL, NULL, NULL, NULL, NULL, NULL, NULL, NULL, NULL, NULL, NULL, NULL, NULL, NULL, NULL, NULL, '2014-03-20 01:38:32', '2014-03-20 01:38:32', 'cbe38340-60c9-4c59-af1e-541b3e8914f7');
INSERT INTO `craft_content` (`id`, `elementId`, `locale`, `title`, `field_bodyHeadingCopy`, `field_bodyCopy`, `field_storeName`, `field_addressFirstLine`, `field_addressSecondLine`, `field_phoneNumber`, `field_faxNumber`, `field_saleInfoText`, `field_contactFormTitle`, `field_contactFormEmail`, `field_saleInfoTitle`, `field_saleInfoHanging`, `field_panelText`, `field_itemName`, `field_itemPrice`, `field_itemSerial`, `dateCreated`, `dateUpdated`, `uid`) VALUES ('20', '27', 'en_us', 'imgres-2', NULL, NULL, NULL, NULL, NULL, NULL, NULL, NULL, NULL, NULL, NULL, NULL, NULL, NULL, NULL, NULL, '2014-03-20 01:38:32', '2014-03-20 01:38:32', 'fa0d191d-379d-429b-aadc-4cd26e1bc4de');
INSERT INTO `craft_content` (`id`, `elementId`, `locale`, `title`, `field_bodyHeadingCopy`, `field_bodyCopy`, `field_storeName`, `field_addressFirstLine`, `field_addressSecondLine`, `field_phoneNumber`, `field_faxNumber`, `field_saleInfoText`, `field_contactFormTitle`, `field_contactFormEmail`, `field_saleInfoTitle`, `field_saleInfoHanging`, `field_panelText`, `field_itemName`, `field_itemPrice`, `field_itemSerial`, `dateCreated`, `dateUpdated`, `uid`) VALUES ('21', '28', 'en_us', 'imgres-1', NULL, NULL, NULL, NULL, NULL, NULL, NULL, NULL, NULL, NULL, NULL, NULL, NULL, NULL, NULL, NULL, '2014-03-20 01:38:33', '2014-03-20 01:38:33', 'bc26a059-0557-44fc-a881-eb323700a8ff');
INSERT INTO `craft_content` (`id`, `elementId`, `locale`, `title`, `field_bodyHeadingCopy`, `field_bodyCopy`, `field_storeName`, `field_addressFirstLine`, `field_addressSecondLine`, `field_phoneNumber`, `field_faxNumber`, `field_saleInfoText`, `field_contactFormTitle`, `field_contactFormEmail`, `field_saleInfoTitle`, `field_saleInfoHanging`, `field_panelText`, `field_itemName`, `field_itemPrice`, `field_itemSerial`, `dateCreated`, `dateUpdated`, `uid`) VALUES ('22', '29', 'en_us', 'imgres', NULL, NULL, NULL, NULL, NULL, NULL, NULL, NULL, NULL, NULL, NULL, NULL, NULL, NULL, NULL, NULL, '2014-03-20 01:38:33', '2014-03-20 01:38:33', '2b5b9e49-a02f-4ab1-988d-8b1773eebe3c');
INSERT INTO `craft_content` (`id`, `elementId`, `locale`, `title`, `field_bodyHeadingCopy`, `field_bodyCopy`, `field_storeName`, `field_addressFirstLine`, `field_addressSecondLine`, `field_phoneNumber`, `field_faxNumber`, `field_saleInfoText`, `field_contactFormTitle`, `field_contactFormEmail`, `field_saleInfoTitle`, `field_saleInfoHanging`, `field_panelText`, `field_itemName`, `field_itemPrice`, `field_itemSerial`, `dateCreated`, `dateUpdated`, `uid`) VALUES ('23', '30', 'en_us', 'images', NULL, NULL, NULL, NULL, NULL, NULL, NULL, NULL, NULL, NULL, NULL, NULL, NULL, NULL, NULL, NULL, '2014-03-20 01:38:33', '2014-03-20 01:38:33', 'f08b3445-a6b3-45d8-a146-89c098f4cda8');
INSERT INTO `craft_content` (`id`, `elementId`, `locale`, `title`, `field_bodyHeadingCopy`, `field_bodyCopy`, `field_storeName`, `field_addressFirstLine`, `field_addressSecondLine`, `field_phoneNumber`, `field_faxNumber`, `field_saleInfoText`, `field_contactFormTitle`, `field_contactFormEmail`, `field_saleInfoTitle`, `field_saleInfoHanging`, `field_panelText`, `field_itemName`, `field_itemPrice`, `field_itemSerial`, `dateCreated`, `dateUpdated`, `uid`) VALUES ('24', '31', 'en_us', 'Sunglasses', NULL, NULL, NULL, NULL, NULL, NULL, NULL, NULL, NULL, NULL, NULL, NULL, '<p>The Optical Shoppe carries the following brands of eyeglasses. If you see something not listed, please contact us, we are always looking to improve our selection!</p>', NULL, NULL, NULL, '2014-03-20 01:47:22', '2014-03-20 09:37:57', '8c6049cb-2607-4a0d-ba0e-76b65e6812a1');
INSERT INTO `craft_content` (`id`, `elementId`, `locale`, `title`, `field_bodyHeadingCopy`, `field_bodyCopy`, `field_storeName`, `field_addressFirstLine`, `field_addressSecondLine`, `field_phoneNumber`, `field_faxNumber`, `field_saleInfoText`, `field_contactFormTitle`, `field_contactFormEmail`, `field_saleInfoTitle`, `field_saleInfoHanging`, `field_panelText`, `field_itemName`, `field_itemPrice`, `field_itemSerial`, `dateCreated`, `dateUpdated`, `uid`) VALUES ('25', '32', 'en_us', 'Eyeglasses', NULL, NULL, NULL, NULL, NULL, NULL, NULL, NULL, NULL, NULL, NULL, NULL, NULL, NULL, NULL, NULL, '2014-03-20 01:47:58', '2014-03-20 01:47:58', '28396d06-cc83-4a56-a185-6e16b74d9953');
INSERT INTO `craft_content` (`id`, `elementId`, `locale`, `title`, `field_bodyHeadingCopy`, `field_bodyCopy`, `field_storeName`, `field_addressFirstLine`, `field_addressSecondLine`, `field_phoneNumber`, `field_faxNumber`, `field_saleInfoText`, `field_contactFormTitle`, `field_contactFormEmail`, `field_saleInfoTitle`, `field_saleInfoHanging`, `field_panelText`, `field_itemName`, `field_itemPrice`, `field_itemSerial`, `dateCreated`, `dateUpdated`, `uid`) VALUES ('26', '33', 'en_us', 'Some Eyeglasses', NULL, NULL, NULL, NULL, NULL, NULL, NULL, NULL, NULL, NULL, NULL, NULL, NULL, 'Some Eyeglasses', '55.00', '234df934', '2014-03-20 01:48:35', '2014-03-20 01:49:10', 'ee1afc77-ef87-4911-8ce9-69cc2c34466d');
INSERT INTO `craft_content` (`id`, `elementId`, `locale`, `title`, `field_bodyHeadingCopy`, `field_bodyCopy`, `field_storeName`, `field_addressFirstLine`, `field_addressSecondLine`, `field_phoneNumber`, `field_faxNumber`, `field_saleInfoText`, `field_contactFormTitle`, `field_contactFormEmail`, `field_saleInfoTitle`, `field_saleInfoHanging`, `field_panelText`, `field_itemName`, `field_itemPrice`, `field_itemSerial`, `dateCreated`, `dateUpdated`, `uid`) VALUES ('27', '51', 'en_us', NULL, NULL, '<p>Testing This is Houston.</p>', NULL, NULL, NULL, NULL, NULL, NULL, NULL, NULL, NULL, NULL, NULL, NULL, NULL, NULL, '2014-03-20 14:25:12', '2014-03-20 17:17:52', '00346c73-4833-4511-8b65-7ddb40f98789');
INSERT INTO `craft_content` (`id`, `elementId`, `locale`, `title`, `field_bodyHeadingCopy`, `field_bodyCopy`, `field_storeName`, `field_addressFirstLine`, `field_addressSecondLine`, `field_phoneNumber`, `field_faxNumber`, `field_saleInfoText`, `field_contactFormTitle`, `field_contactFormEmail`, `field_saleInfoTitle`, `field_saleInfoHanging`, `field_panelText`, `field_itemName`, `field_itemPrice`, `field_itemSerial`, `dateCreated`, `dateUpdated`, `uid`) VALUES ('28', '53', 'en_us', NULL, NULL, NULL, NULL, NULL, NULL, NULL, NULL, NULL, NULL, NULL, NULL, NULL, NULL, NULL, NULL, NULL, '2014-03-20 14:36:00', '2014-03-20 14:48:16', '82ab7c98-27f7-4fcf-be61-7632b53c854b');
INSERT INTO `craft_content` (`id`, `elementId`, `locale`, `title`, `field_bodyHeadingCopy`, `field_bodyCopy`, `field_storeName`, `field_addressFirstLine`, `field_addressSecondLine`, `field_phoneNumber`, `field_faxNumber`, `field_saleInfoText`, `field_contactFormTitle`, `field_contactFormEmail`, `field_saleInfoTitle`, `field_saleInfoHanging`, `field_panelText`, `field_itemName`, `field_itemPrice`, `field_itemSerial`, `dateCreated`, `dateUpdated`, `uid`) VALUES ('29', '55', 'en_us', 'Ray Ban', NULL, '<p>Ray-Ban® sunglasses are one of the most popular brands on the market.  The Optical Shoppe carries some of the most popular Ray-Ban frames and sunglasses in Baton Rouge.   Please do not hesitate to contact us or come by to see our large selection of Ray-Bans, including our custom optical lenses that can ordered to match your prescription.</p>', NULL, NULL, NULL, NULL, NULL, NULL, NULL, NULL, NULL, NULL, NULL, NULL, NULL, NULL, '2014-03-20 14:53:06', '2014-03-20 14:54:43', '5da935e7-f52f-4d54-8e1d-cfd9cd2dd15e');
INSERT INTO `craft_content` (`id`, `elementId`, `locale`, `title`, `field_bodyHeadingCopy`, `field_bodyCopy`, `field_storeName`, `field_addressFirstLine`, `field_addressSecondLine`, `field_phoneNumber`, `field_faxNumber`, `field_saleInfoText`, `field_contactFormTitle`, `field_contactFormEmail`, `field_saleInfoTitle`, `field_saleInfoHanging`, `field_panelText`, `field_itemName`, `field_itemPrice`, `field_itemSerial`, `dateCreated`, `dateUpdated`, `uid`) VALUES ('30', '57', 'en_us', NULL, NULL, NULL, NULL, NULL, NULL, NULL, NULL, NULL, NULL, NULL, NULL, NULL, NULL, NULL, NULL, NULL, '2014-03-20 16:02:48', '2014-03-20 16:02:48', '93506784-5955-4ea5-9179-c4bae9bbb389');
INSERT INTO `craft_content` (`id`, `elementId`, `locale`, `title`, `field_bodyHeadingCopy`, `field_bodyCopy`, `field_storeName`, `field_addressFirstLine`, `field_addressSecondLine`, `field_phoneNumber`, `field_faxNumber`, `field_saleInfoText`, `field_contactFormTitle`, `field_contactFormEmail`, `field_saleInfoTitle`, `field_saleInfoHanging`, `field_panelText`, `field_itemName`, `field_itemPrice`, `field_itemSerial`, `dateCreated`, `dateUpdated`, `uid`) VALUES ('31', '59', 'en_us', NULL, NULL, NULL, NULL, NULL, NULL, NULL, NULL, NULL, NULL, NULL, NULL, NULL, NULL, NULL, NULL, NULL, '2014-03-20 16:03:16', '2014-03-20 16:03:16', 'b6636221-82d8-4202-9d03-ce5e30070963');
INSERT INTO `craft_content` (`id`, `elementId`, `locale`, `title`, `field_bodyHeadingCopy`, `field_bodyCopy`, `field_storeName`, `field_addressFirstLine`, `field_addressSecondLine`, `field_phoneNumber`, `field_faxNumber`, `field_saleInfoText`, `field_contactFormTitle`, `field_contactFormEmail`, `field_saleInfoTitle`, `field_saleInfoHanging`, `field_panelText`, `field_itemName`, `field_itemPrice`, `field_itemSerial`, `dateCreated`, `dateUpdated`, `uid`) VALUES ('33', '60', 'en_us', NULL, NULL, '<p>The Menu</p>', NULL, NULL, NULL, NULL, NULL, NULL, NULL, NULL, NULL, NULL, NULL, NULL, NULL, NULL, '2014-03-20 17:57:21', '2014-03-20 18:31:10', '80dc5b21-cd29-429b-ab85-1900be59d0eb');
INSERT INTO `craft_content` (`id`, `elementId`, `locale`, `title`, `field_bodyHeadingCopy`, `field_bodyCopy`, `field_storeName`, `field_addressFirstLine`, `field_addressSecondLine`, `field_phoneNumber`, `field_faxNumber`, `field_saleInfoText`, `field_contactFormTitle`, `field_contactFormEmail`, `field_saleInfoTitle`, `field_saleInfoHanging`, `field_panelText`, `field_itemName`, `field_itemPrice`, `field_itemSerial`, `dateCreated`, `dateUpdated`, `uid`) VALUES ('34', '61', 'en_us', 'Untitled-1', NULL, NULL, NULL, NULL, NULL, NULL, NULL, NULL, NULL, NULL, NULL, NULL, NULL, NULL, NULL, NULL, '2014-03-20 19:51:20', '2014-03-20 19:51:20', '59213af5-e1ef-4739-830c-f19391215277');
INSERT INTO `craft_content` (`id`, `elementId`, `locale`, `title`, `field_bodyHeadingCopy`, `field_bodyCopy`, `field_storeName`, `field_addressFirstLine`, `field_addressSecondLine`, `field_phoneNumber`, `field_faxNumber`, `field_saleInfoText`, `field_contactFormTitle`, `field_contactFormEmail`, `field_saleInfoTitle`, `field_saleInfoHanging`, `field_panelText`, `field_itemName`, `field_itemPrice`, `field_itemSerial`, `dateCreated`, `dateUpdated`, `uid`) VALUES ('35', '62', 'en_us', 'eyeglass', NULL, NULL, NULL, NULL, NULL, NULL, NULL, NULL, NULL, NULL, NULL, NULL, NULL, NULL, NULL, NULL, '2014-03-20 20:09:46', '2014-03-20 20:09:46', 'c3ee064c-fce8-4444-a99d-0bcbd5143d7d');
INSERT INTO `craft_content` (`id`, `elementId`, `locale`, `title`, `field_bodyHeadingCopy`, `field_bodyCopy`, `field_storeName`, `field_addressFirstLine`, `field_addressSecondLine`, `field_phoneNumber`, `field_faxNumber`, `field_saleInfoText`, `field_contactFormTitle`, `field_contactFormEmail`, `field_saleInfoTitle`, `field_saleInfoHanging`, `field_panelText`, `field_itemName`, `field_itemPrice`, `field_itemSerial`, `dateCreated`, `dateUpdated`, `uid`) VALUES ('36', '63', 'en_us', 'sunglass', NULL, NULL, NULL, NULL, NULL, NULL, NULL, NULL, NULL, NULL, NULL, NULL, NULL, NULL, NULL, NULL, '2014-03-20 20:09:47', '2014-03-20 20:09:47', '45ee6608-f26a-48da-83ee-2c527b7e8744');



--
-- Schema for table `craft_elements`
--

DROP TABLE IF EXISTS `craft_elements`;

CREATE TABLE `craft_elements` (
  `id` int(11) NOT NULL AUTO_INCREMENT,
  `type` char(150) COLLATE utf8_unicode_ci NOT NULL,
  `enabled` tinyint(1) unsigned NOT NULL DEFAULT '1',
  `archived` tinyint(1) unsigned NOT NULL DEFAULT '0',
  `dateCreated` datetime NOT NULL,
  `dateUpdated` datetime NOT NULL,
  `uid` char(36) COLLATE utf8_unicode_ci NOT NULL DEFAULT '0',
  PRIMARY KEY (`id`),
  KEY `craft_elements_type_idx` (`type`),
  KEY `craft_elements_enabled_idx` (`enabled`),
  KEY `craft_elements_archived_idx` (`archived`)
) ENGINE=InnoDB AUTO_INCREMENT=72 DEFAULT CHARSET=utf8 COLLATE=utf8_unicode_ci;

--
-- Data for table `craft_elements`
--

INSERT INTO `craft_elements` (`id`, `type`, `enabled`, `archived`, `dateCreated`, `dateUpdated`, `uid`) VALUES ('1', 'User', '1', '0', '2014-03-15 17:07:12', '2014-03-15 17:07:12', 'b38899ca-9e36-4c24-9c7f-780e94bea7f0');
INSERT INTO `craft_elements` (`id`, `type`, `enabled`, `archived`, `dateCreated`, `dateUpdated`, `uid`) VALUES ('2', 'Entry', '1', '0', '2014-03-15 17:07:16', '2014-03-20 20:10:31', '14379975-8751-46d1-9f21-8b7e4b331eb0');
INSERT INTO `craft_elements` (`id`, `type`, `enabled`, `archived`, `dateCreated`, `dateUpdated`, `uid`) VALUES ('4', 'Entry', '1', '0', '2014-03-16 17:49:10', '2014-03-19 21:48:46', '8d99e7db-d9f6-45f8-ab6b-7395c2a6512b');
INSERT INTO `craft_elements` (`id`, `type`, `enabled`, `archived`, `dateCreated`, `dateUpdated`, `uid`) VALUES ('5', 'Entry', '1', '0', '2014-03-16 17:49:28', '2014-03-20 17:24:00', '8b76d587-d1e6-4811-85b0-d4936959f553');
INSERT INTO `craft_elements` (`id`, `type`, `enabled`, `archived`, `dateCreated`, `dateUpdated`, `uid`) VALUES ('6', 'Entry', '1', '0', '2014-03-16 17:49:38', '2014-03-16 17:49:38', '384245f8-69eb-4942-9685-92053f4b5fd1');
INSERT INTO `craft_elements` (`id`, `type`, `enabled`, `archived`, `dateCreated`, `dateUpdated`, `uid`) VALUES ('7', 'Entry', '1', '0', '2014-03-16 21:56:16', '2014-03-16 21:56:16', 'f94e4d80-e9b5-48ee-bca7-b8b749d91dc4');
INSERT INTO `craft_elements` (`id`, `type`, `enabled`, `archived`, `dateCreated`, `dateUpdated`, `uid`) VALUES ('8', 'Entry', '1', '0', '2014-03-16 21:57:18', '2014-03-20 19:54:58', '07bb3eb4-c185-4810-855d-ff895dfb8206');
INSERT INTO `craft_elements` (`id`, `type`, `enabled`, `archived`, `dateCreated`, `dateUpdated`, `uid`) VALUES ('9', 'GlobalSet', '1', '0', '2014-03-18 23:53:20', '2014-03-20 20:15:21', '73bdea1e-d03b-480f-8684-16a8b550bcc5');
INSERT INTO `craft_elements` (`id`, `type`, `enabled`, `archived`, `dateCreated`, `dateUpdated`, `uid`) VALUES ('10', 'GlobalSet', '1', '0', '2014-03-19 15:06:17', '2014-03-19 15:23:21', 'e693a2a1-906e-436c-afa4-b338577ddbf8');
INSERT INTO `craft_elements` (`id`, `type`, `enabled`, `archived`, `dateCreated`, `dateUpdated`, `uid`) VALUES ('11', 'MatrixBlock', '1', '0', '2014-03-19 19:33:34', '2014-03-20 20:10:31', '77ca0687-a7fa-4a95-9f95-22a3b3d0ae7a');
INSERT INTO `craft_elements` (`id`, `type`, `enabled`, `archived`, `dateCreated`, `dateUpdated`, `uid`) VALUES ('12', 'MatrixBlock', '1', '0', '2014-03-19 19:33:34', '2014-03-20 20:10:31', '4acd2c6a-47f8-4264-bc54-2ace71a94a2b');
INSERT INTO `craft_elements` (`id`, `type`, `enabled`, `archived`, `dateCreated`, `dateUpdated`, `uid`) VALUES ('13', 'MatrixBlock', '1', '0', '2014-03-19 19:33:34', '2014-03-20 20:10:31', 'cb0302ee-7e4f-4461-94fc-76ba797576da');
INSERT INTO `craft_elements` (`id`, `type`, `enabled`, `archived`, `dateCreated`, `dateUpdated`, `uid`) VALUES ('14', 'MatrixBlock', '1', '0', '2014-03-19 19:33:34', '2014-03-20 20:10:31', 'dff9057e-47fb-42f3-bb0b-371cbc532da8');
INSERT INTO `craft_elements` (`id`, `type`, `enabled`, `archived`, `dateCreated`, `dateUpdated`, `uid`) VALUES ('15', 'MatrixBlock', '1', '0', '2014-03-19 20:00:15', '2014-03-20 20:10:31', '61f5fc2b-8ced-410d-abfa-beaf2fe8c28a');
INSERT INTO `craft_elements` (`id`, `type`, `enabled`, `archived`, `dateCreated`, `dateUpdated`, `uid`) VALUES ('16', 'MatrixBlock', '1', '0', '2014-03-19 20:00:15', '2014-03-20 20:10:31', 'b2999991-7da1-4454-ae38-a7d7c0e21492');
INSERT INTO `craft_elements` (`id`, `type`, `enabled`, `archived`, `dateCreated`, `dateUpdated`, `uid`) VALUES ('17', 'MatrixBlock', '1', '0', '2014-03-19 20:00:15', '2014-03-20 20:10:31', '9f3f27ff-2a78-4952-9c7c-4e2505388d4b');
INSERT INTO `craft_elements` (`id`, `type`, `enabled`, `archived`, `dateCreated`, `dateUpdated`, `uid`) VALUES ('18', 'MatrixBlock', '1', '0', '2014-03-19 20:00:15', '2014-03-20 20:10:31', 'f415ea41-eae5-4659-bcce-96667ba8c943');
INSERT INTO `craft_elements` (`id`, `type`, `enabled`, `archived`, `dateCreated`, `dateUpdated`, `uid`) VALUES ('19', 'MatrixBlock', '1', '0', '2014-03-19 21:22:22', '2014-03-20 20:10:31', '00082aba-f13e-457b-baee-06de4506c20e');
INSERT INTO `craft_elements` (`id`, `type`, `enabled`, `archived`, `dateCreated`, `dateUpdated`, `uid`) VALUES ('20', 'MatrixBlock', '1', '0', '2014-03-19 21:22:22', '2014-03-20 20:10:31', '86dcbc9b-6f4f-4751-8d11-7e4cf11ee912');
INSERT INTO `craft_elements` (`id`, `type`, `enabled`, `archived`, `dateCreated`, `dateUpdated`, `uid`) VALUES ('21', 'Asset', '1', '0', '2014-03-19 21:46:59', '2014-03-19 21:46:59', '01a0b9a5-2735-4da9-b832-1398ce17f829');
INSERT INTO `craft_elements` (`id`, `type`, `enabled`, `archived`, `dateCreated`, `dateUpdated`, `uid`) VALUES ('23', 'Entry', '1', '0', '2014-03-20 00:01:05', '2014-03-20 17:19:08', '12427585-72b8-4e9c-9dd5-87d7c546eab1');
INSERT INTO `craft_elements` (`id`, `type`, `enabled`, `archived`, `dateCreated`, `dateUpdated`, `uid`) VALUES ('25', 'Asset', '1', '0', '2014-03-20 01:34:27', '2014-03-20 01:34:27', 'b31c6d43-2d42-4967-9741-40b4bea148f2');
INSERT INTO `craft_elements` (`id`, `type`, `enabled`, `archived`, `dateCreated`, `dateUpdated`, `uid`) VALUES ('26', 'Asset', '1', '0', '2014-03-20 01:38:32', '2014-03-20 01:38:32', 'ff775801-beff-4742-b94a-c23214a2fed0');
INSERT INTO `craft_elements` (`id`, `type`, `enabled`, `archived`, `dateCreated`, `dateUpdated`, `uid`) VALUES ('27', 'Asset', '1', '0', '2014-03-20 01:38:32', '2014-03-20 01:38:32', '67a32ac2-8de5-4388-b59a-2d433e313270');
INSERT INTO `craft_elements` (`id`, `type`, `enabled`, `archived`, `dateCreated`, `dateUpdated`, `uid`) VALUES ('28', 'Asset', '1', '0', '2014-03-20 01:38:32', '2014-03-20 01:38:32', 'bada8b59-47b4-42a4-842f-dc1b07d2e485');
INSERT INTO `craft_elements` (`id`, `type`, `enabled`, `archived`, `dateCreated`, `dateUpdated`, `uid`) VALUES ('29', 'Asset', '1', '0', '2014-03-20 01:38:33', '2014-03-20 01:38:33', 'd73e0812-801d-4c02-8bd2-de153bb3b7cd');
INSERT INTO `craft_elements` (`id`, `type`, `enabled`, `archived`, `dateCreated`, `dateUpdated`, `uid`) VALUES ('30', 'Asset', '1', '0', '2014-03-20 01:38:33', '2014-03-20 01:38:33', '745e531f-325d-4681-b5bf-ef0261a50a98');
INSERT INTO `craft_elements` (`id`, `type`, `enabled`, `archived`, `dateCreated`, `dateUpdated`, `uid`) VALUES ('31', 'Entry', '1', '0', '2014-03-20 01:47:22', '2014-03-20 09:37:57', '5530196f-efec-49a8-bfc5-552cb880e673');
INSERT INTO `craft_elements` (`id`, `type`, `enabled`, `archived`, `dateCreated`, `dateUpdated`, `uid`) VALUES ('32', 'Entry', '1', '0', '2014-03-20 01:47:58', '2014-03-20 01:47:58', '93a08537-1fd2-418f-80b3-fdc4436b1d99');
INSERT INTO `craft_elements` (`id`, `type`, `enabled`, `archived`, `dateCreated`, `dateUpdated`, `uid`) VALUES ('33', 'Entry', '1', '0', '2014-03-20 01:48:35', '2014-03-20 01:49:10', '6654206b-1472-47ea-b830-d193b6d3d7f9');
INSERT INTO `craft_elements` (`id`, `type`, `enabled`, `archived`, `dateCreated`, `dateUpdated`, `uid`) VALUES ('34', 'MatrixBlock', '1', '0', '2014-03-20 09:37:57', '2014-03-20 09:37:57', '62372582-151d-4605-9422-a889d92ec2a6');
INSERT INTO `craft_elements` (`id`, `type`, `enabled`, `archived`, `dateCreated`, `dateUpdated`, `uid`) VALUES ('35', 'MatrixBlock', '1', '0', '2014-03-20 09:37:57', '2014-03-20 09:37:57', '0289265f-c46b-4f53-875a-caeceebfe925');
INSERT INTO `craft_elements` (`id`, `type`, `enabled`, `archived`, `dateCreated`, `dateUpdated`, `uid`) VALUES ('36', 'MatrixBlock', '1', '0', '2014-03-20 09:37:57', '2014-03-20 09:37:57', '3f02446e-70e0-4731-8ab1-e968327d41f5');
INSERT INTO `craft_elements` (`id`, `type`, `enabled`, `archived`, `dateCreated`, `dateUpdated`, `uid`) VALUES ('37', 'MatrixBlock', '1', '0', '2014-03-20 09:37:57', '2014-03-20 09:37:57', '185f35cc-619b-47c6-a2bc-ef5a1a7c6b4e');
INSERT INTO `craft_elements` (`id`, `type`, `enabled`, `archived`, `dateCreated`, `dateUpdated`, `uid`) VALUES ('38', 'MatrixBlock', '1', '0', '2014-03-20 09:37:58', '2014-03-20 09:37:58', '48a93e8f-ef87-4b17-a6ee-9edcd62e9149');
INSERT INTO `craft_elements` (`id`, `type`, `enabled`, `archived`, `dateCreated`, `dateUpdated`, `uid`) VALUES ('39', 'MatrixBlock', '1', '0', '2014-03-20 09:37:58', '2014-03-20 09:37:58', 'c4c841d0-8bc5-441b-881f-3bb24f00cd19');
INSERT INTO `craft_elements` (`id`, `type`, `enabled`, `archived`, `dateCreated`, `dateUpdated`, `uid`) VALUES ('40', 'MatrixBlock', '1', '0', '2014-03-20 09:37:58', '2014-03-20 09:37:58', '7bef2a62-0f0b-41d6-82bc-39d1c5c5ae13');
INSERT INTO `craft_elements` (`id`, `type`, `enabled`, `archived`, `dateCreated`, `dateUpdated`, `uid`) VALUES ('41', 'MatrixBlock', '1', '0', '2014-03-20 09:37:58', '2014-03-20 09:37:58', 'd68671ff-86a4-470c-af8a-fb023887eb64');
INSERT INTO `craft_elements` (`id`, `type`, `enabled`, `archived`, `dateCreated`, `dateUpdated`, `uid`) VALUES ('42', 'MatrixBlock', '1', '0', '2014-03-20 09:37:58', '2014-03-20 09:37:58', '62067726-0ee3-4168-99bd-74185baf2f11');
INSERT INTO `craft_elements` (`id`, `type`, `enabled`, `archived`, `dateCreated`, `dateUpdated`, `uid`) VALUES ('43', 'MatrixBlock', '1', '0', '2014-03-20 09:37:58', '2014-03-20 09:37:58', '2ce3dd1b-5649-4585-8239-c75f641f2c17');
INSERT INTO `craft_elements` (`id`, `type`, `enabled`, `archived`, `dateCreated`, `dateUpdated`, `uid`) VALUES ('44', 'MatrixBlock', '1', '0', '2014-03-20 09:37:58', '2014-03-20 09:37:58', '8b71147b-b973-4f4d-9f18-9fda4dbfd604');
INSERT INTO `craft_elements` (`id`, `type`, `enabled`, `archived`, `dateCreated`, `dateUpdated`, `uid`) VALUES ('45', 'MatrixBlock', '1', '0', '2014-03-20 09:37:58', '2014-03-20 09:37:58', 'f3e25501-833a-41cb-abd4-2b2a55f6b9a3');
INSERT INTO `craft_elements` (`id`, `type`, `enabled`, `archived`, `dateCreated`, `dateUpdated`, `uid`) VALUES ('46', 'MatrixBlock', '1', '0', '2014-03-20 09:37:58', '2014-03-20 09:37:58', 'a6ddcd0e-548e-48d4-b579-30516310e009');
INSERT INTO `craft_elements` (`id`, `type`, `enabled`, `archived`, `dateCreated`, `dateUpdated`, `uid`) VALUES ('47', 'MatrixBlock', '1', '0', '2014-03-20 09:37:58', '2014-03-20 09:37:58', '1e17ce80-d05d-414b-9665-fdfe7999f43b');
INSERT INTO `craft_elements` (`id`, `type`, `enabled`, `archived`, `dateCreated`, `dateUpdated`, `uid`) VALUES ('48', 'MatrixBlock', '1', '0', '2014-03-20 09:37:58', '2014-03-20 09:37:58', '195b59c8-68ba-409d-9e2a-a40b2e191ac4');
INSERT INTO `craft_elements` (`id`, `type`, `enabled`, `archived`, `dateCreated`, `dateUpdated`, `uid`) VALUES ('49', 'MatrixBlock', '1', '0', '2014-03-20 09:37:58', '2014-03-20 09:37:58', '4178d738-51a8-49d5-905e-4847facb3225');
INSERT INTO `craft_elements` (`id`, `type`, `enabled`, `archived`, `dateCreated`, `dateUpdated`, `uid`) VALUES ('50', 'MatrixBlock', '1', '0', '2014-03-20 09:37:58', '2014-03-20 09:37:58', '179ae678-74ed-4fa0-bf33-883fce3498ee');
INSERT INTO `craft_elements` (`id`, `type`, `enabled`, `archived`, `dateCreated`, `dateUpdated`, `uid`) VALUES ('51', 'GlobalSet', '1', '0', '2014-03-20 14:25:12', '2014-03-20 16:44:11', '12629b4b-b1a4-4c45-a02b-4b1c2a420546');
INSERT INTO `craft_elements` (`id`, `type`, `enabled`, `archived`, `dateCreated`, `dateUpdated`, `uid`) VALUES ('52', 'MatrixBlock', '1', '0', '2014-03-20 14:31:29', '2014-03-20 17:17:52', '7f8bc3ae-1d35-44e1-9f1f-60c0d1a44ea1');
INSERT INTO `craft_elements` (`id`, `type`, `enabled`, `archived`, `dateCreated`, `dateUpdated`, `uid`) VALUES ('53', 'Tag', '1', '0', '2014-03-20 14:36:00', '2014-03-20 14:36:00', '82c4ff44-811e-4b7f-83b2-1395dbf11799');
INSERT INTO `craft_elements` (`id`, `type`, `enabled`, `archived`, `dateCreated`, `dateUpdated`, `uid`) VALUES ('54', 'Entry', '1', '0', '2014-03-20 14:50:24', '2014-03-20 14:50:24', '7f470118-752f-4245-8148-51d1032f2dd0');
INSERT INTO `craft_elements` (`id`, `type`, `enabled`, `archived`, `dateCreated`, `dateUpdated`, `uid`) VALUES ('55', 'Entry', '1', '0', '2014-03-20 14:53:06', '2014-03-20 14:54:43', 'cc2c80c4-e2c6-4fcc-a60b-d1f32bb75d61');
INSERT INTO `craft_elements` (`id`, `type`, `enabled`, `archived`, `dateCreated`, `dateUpdated`, `uid`) VALUES ('56', 'MatrixBlock', '0', '0', '2014-03-20 14:54:43', '2014-03-20 14:54:43', '14b52d5a-a1a1-4ef5-b23d-f2eee8d90816');
INSERT INTO `craft_elements` (`id`, `type`, `enabled`, `archived`, `dateCreated`, `dateUpdated`, `uid`) VALUES ('57', 'Tag', '1', '0', '2014-03-20 16:02:47', '2014-03-20 16:02:47', '59f21147-e899-41a4-8451-883073f3d4bb');
INSERT INTO `craft_elements` (`id`, `type`, `enabled`, `archived`, `dateCreated`, `dateUpdated`, `uid`) VALUES ('58', 'MatrixBlock', '1', '0', '2014-03-20 16:03:16', '2014-03-20 17:17:52', '303b46d8-68cd-4b0f-b1c4-91ef7b9a6eda');
INSERT INTO `craft_elements` (`id`, `type`, `enabled`, `archived`, `dateCreated`, `dateUpdated`, `uid`) VALUES ('59', 'Tag', '1', '0', '2014-03-20 16:03:16', '2014-03-20 16:03:16', '7f4efc04-697b-465b-9d6f-73aa3a9aea36');
INSERT INTO `craft_elements` (`id`, `type`, `enabled`, `archived`, `dateCreated`, `dateUpdated`, `uid`) VALUES ('60', 'GlobalSet', '1', '0', '2014-03-20 17:57:21', '2014-03-20 18:29:40', '831c9fd4-d872-4664-a3bf-cb74d645ed46');
INSERT INTO `craft_elements` (`id`, `type`, `enabled`, `archived`, `dateCreated`, `dateUpdated`, `uid`) VALUES ('61', 'Asset', '1', '0', '2014-03-20 19:51:20', '2014-03-20 19:51:20', 'c50a9322-39d4-455d-b3dc-a636e3be0291');
INSERT INTO `craft_elements` (`id`, `type`, `enabled`, `archived`, `dateCreated`, `dateUpdated`, `uid`) VALUES ('62', 'Asset', '1', '0', '2014-03-20 20:09:46', '2014-03-20 20:09:46', '1f00aeb5-9f33-4ead-9b90-2a28276d0da8');
INSERT INTO `craft_elements` (`id`, `type`, `enabled`, `archived`, `dateCreated`, `dateUpdated`, `uid`) VALUES ('63', 'Asset', '1', '0', '2014-03-20 20:09:47', '2014-03-20 20:09:47', 'b41a6848-045a-4174-94e4-f22f9f1c21db');
INSERT INTO `craft_elements` (`id`, `type`, `enabled`, `archived`, `dateCreated`, `dateUpdated`, `uid`) VALUES ('65', 'MatrixBlock', '1', '0', '2014-03-20 20:16:52', '2014-03-20 20:16:52', '51c420db-2693-4775-84ac-1c5dd00f7dfc');
INSERT INTO `craft_elements` (`id`, `type`, `enabled`, `archived`, `dateCreated`, `dateUpdated`, `uid`) VALUES ('66', 'MatrixBlock', '1', '0', '2014-03-20 20:16:52', '2014-03-20 20:16:52', '85915d11-3a7f-4f5a-8b22-20cae9011212');
INSERT INTO `craft_elements` (`id`, `type`, `enabled`, `archived`, `dateCreated`, `dateUpdated`, `uid`) VALUES ('67', 'MatrixBlock', '1', '0', '2014-03-20 20:16:52', '2014-03-20 20:16:52', 'bdab8526-6df3-454c-9808-230108c52aed');
INSERT INTO `craft_elements` (`id`, `type`, `enabled`, `archived`, `dateCreated`, `dateUpdated`, `uid`) VALUES ('68', 'MatrixBlock', '1', '0', '2014-03-20 20:16:52', '2014-03-20 20:16:52', 'ed0b9191-dccb-4127-b642-c552f090c459');
INSERT INTO `craft_elements` (`id`, `type`, `enabled`, `archived`, `dateCreated`, `dateUpdated`, `uid`) VALUES ('69', 'MatrixBlock', '1', '0', '2014-03-20 20:16:52', '2014-03-20 20:16:52', '697aa68f-d01a-43b5-a174-23da966ff78e');
INSERT INTO `craft_elements` (`id`, `type`, `enabled`, `archived`, `dateCreated`, `dateUpdated`, `uid`) VALUES ('70', 'MatrixBlock', '1', '0', '2014-03-20 20:16:52', '2014-03-20 20:16:52', 'd012dfb2-2ace-45cc-a126-658504ad4cba');
INSERT INTO `craft_elements` (`id`, `type`, `enabled`, `archived`, `dateCreated`, `dateUpdated`, `uid`) VALUES ('71', 'MatrixBlock', '1', '0', '2014-03-20 20:16:52', '2014-03-20 20:16:52', '75bcd273-c1a4-4a49-85e6-ebc70a2e1ff1');



--
-- Schema for table `craft_elements_i18n`
--

DROP TABLE IF EXISTS `craft_elements_i18n`;

CREATE TABLE `craft_elements_i18n` (
  `id` int(11) NOT NULL AUTO_INCREMENT,
  `elementId` int(11) NOT NULL,
  `locale` char(12) COLLATE utf8_unicode_ci NOT NULL,
  `uri` varchar(255) COLLATE utf8_unicode_ci DEFAULT NULL,
  `dateCreated` datetime NOT NULL,
  `dateUpdated` datetime NOT NULL,
  `uid` char(36) COLLATE utf8_unicode_ci NOT NULL DEFAULT '0',
  PRIMARY KEY (`id`),
  UNIQUE KEY `craft_elements_i18n_elementId_locale_unq_idx` (`elementId`,`locale`),
  UNIQUE KEY `craft_elements_i18n_uri_locale_unq_idx` (`uri`,`locale`),
  KEY `craft_elements_i18n_locale_fk` (`locale`)
) ENGINE=InnoDB AUTO_INCREMENT=59 DEFAULT CHARSET=utf8 COLLATE=utf8_unicode_ci;

--
-- Data for table `craft_elements_i18n`
--

INSERT INTO `craft_elements_i18n` (`id`, `elementId`, `locale`, `uri`, `dateCreated`, `dateUpdated`, `uid`) VALUES ('1', '2', 'en_us', '__home__', '2014-03-15 17:07:16', '2014-03-19 18:35:59', '4ef746e3-bfef-4921-9821-ff1b71472dc6');
INSERT INTO `craft_elements_i18n` (`id`, `elementId`, `locale`, `uri`, `dateCreated`, `dateUpdated`, `uid`) VALUES ('3', '4', 'en_us', 'about', '2014-03-16 17:49:10', '2014-03-19 18:38:20', '6785f2fd-43d7-4a89-8403-3939752be92a');
INSERT INTO `craft_elements_i18n` (`id`, `elementId`, `locale`, `uri`, `dateCreated`, `dateUpdated`, `uid`) VALUES ('4', '5', 'en_us', 'lenses', '2014-03-16 17:49:28', '2014-03-20 17:24:00', '6a743b46-198e-4303-8182-7040a674c411');
INSERT INTO `craft_elements_i18n` (`id`, `elementId`, `locale`, `uri`, `dateCreated`, `dateUpdated`, `uid`) VALUES ('5', '6', 'en_us', 'contact', '2014-03-16 17:49:38', '2014-03-16 17:49:38', 'a8f731c1-e893-47b5-815d-acfd85bbdd7a');
INSERT INTO `craft_elements_i18n` (`id`, `elementId`, `locale`, `uri`, `dateCreated`, `dateUpdated`, `uid`) VALUES ('7', '8', 'en_us', 'sunglasses/ray-ban-wayfarer-square', '2014-03-16 21:57:18', '2014-03-20 19:54:58', '8e54cac2-ae0b-45af-9c30-de0915382c2a');
INSERT INTO `craft_elements_i18n` (`id`, `elementId`, `locale`, `uri`, `dateCreated`, `dateUpdated`, `uid`) VALUES ('8', '9', 'en_us', NULL, '2014-03-18 23:53:20', '2014-03-18 23:53:20', '65e92266-91d7-41be-8ac0-7a2d2a7defeb');
INSERT INTO `craft_elements_i18n` (`id`, `elementId`, `locale`, `uri`, `dateCreated`, `dateUpdated`, `uid`) VALUES ('9', '10', 'en_us', NULL, '2014-03-19 15:06:17', '2014-03-19 15:06:17', '498e5e53-a5b6-419e-9f01-5da6683e8bcc');
INSERT INTO `craft_elements_i18n` (`id`, `elementId`, `locale`, `uri`, `dateCreated`, `dateUpdated`, `uid`) VALUES ('13', '11', 'en_us', NULL, '2014-03-19 19:33:34', '2014-03-20 20:10:31', 'e4cce96e-fad7-445c-9c89-c9c284dd43af');
INSERT INTO `craft_elements_i18n` (`id`, `elementId`, `locale`, `uri`, `dateCreated`, `dateUpdated`, `uid`) VALUES ('14', '12', 'en_us', NULL, '2014-03-19 19:33:34', '2014-03-20 20:10:31', '3ece776a-58d1-4911-be48-b6edabe2ebb9');
INSERT INTO `craft_elements_i18n` (`id`, `elementId`, `locale`, `uri`, `dateCreated`, `dateUpdated`, `uid`) VALUES ('15', '13', 'en_us', NULL, '2014-03-19 19:33:34', '2014-03-20 20:10:31', 'eac3cf6a-e421-405b-9702-ef947c06e614');
INSERT INTO `craft_elements_i18n` (`id`, `elementId`, `locale`, `uri`, `dateCreated`, `dateUpdated`, `uid`) VALUES ('16', '14', 'en_us', NULL, '2014-03-19 19:33:34', '2014-03-20 20:10:31', '301b14ed-402a-43fb-94e0-8bf6b6347a92');
INSERT INTO `craft_elements_i18n` (`id`, `elementId`, `locale`, `uri`, `dateCreated`, `dateUpdated`, `uid`) VALUES ('17', '15', 'en_us', NULL, '2014-03-19 20:00:15', '2014-03-20 20:10:31', '0bff5eca-4e50-457b-aa75-e5eff98b3d50');
INSERT INTO `craft_elements_i18n` (`id`, `elementId`, `locale`, `uri`, `dateCreated`, `dateUpdated`, `uid`) VALUES ('18', '16', 'en_us', NULL, '2014-03-19 20:00:15', '2014-03-20 20:10:31', '853ed938-a85b-4de9-b0a2-4787d1f8311d');
INSERT INTO `craft_elements_i18n` (`id`, `elementId`, `locale`, `uri`, `dateCreated`, `dateUpdated`, `uid`) VALUES ('19', '17', 'en_us', NULL, '2014-03-19 20:00:15', '2014-03-20 20:10:31', 'f35f6cc5-0cf0-47d8-80e1-940fb81a0cd7');
INSERT INTO `craft_elements_i18n` (`id`, `elementId`, `locale`, `uri`, `dateCreated`, `dateUpdated`, `uid`) VALUES ('20', '18', 'en_us', NULL, '2014-03-19 20:00:15', '2014-03-20 20:10:31', 'f8199549-9171-4dfa-8e7a-7644aba82c99');
INSERT INTO `craft_elements_i18n` (`id`, `elementId`, `locale`, `uri`, `dateCreated`, `dateUpdated`, `uid`) VALUES ('21', '19', 'en_us', NULL, '2014-03-19 21:22:22', '2014-03-20 20:10:31', 'c5cb97a8-83fe-412c-a47d-0313a9902e43');
INSERT INTO `craft_elements_i18n` (`id`, `elementId`, `locale`, `uri`, `dateCreated`, `dateUpdated`, `uid`) VALUES ('22', '20', 'en_us', NULL, '2014-03-19 21:22:22', '2014-03-20 20:10:31', 'a6cdec58-31db-4d41-9c1f-a1a7a2962dfd');
INSERT INTO `craft_elements_i18n` (`id`, `elementId`, `locale`, `uri`, `dateCreated`, `dateUpdated`, `uid`) VALUES ('23', '23', 'en_us', 'sunglasses/aviator-tm-large-metal', '2014-03-20 00:01:06', '2014-03-20 17:19:08', '5e6736ea-db2a-4b91-b6ad-3a76ad82de12');
INSERT INTO `craft_elements_i18n` (`id`, `elementId`, `locale`, `uri`, `dateCreated`, `dateUpdated`, `uid`) VALUES ('25', '31', 'en_us', 'sunglasses', '2014-03-20 01:47:22', '2014-03-20 09:37:57', '4fc5056f-243c-4b6e-84f5-9125f657d513');
INSERT INTO `craft_elements_i18n` (`id`, `elementId`, `locale`, `uri`, `dateCreated`, `dateUpdated`, `uid`) VALUES ('26', '32', 'en_us', 'eyeglasses', '2014-03-20 01:47:58', '2014-03-20 12:38:16', '556c7c96-320e-4eef-80cb-51f5b1c4160a');
INSERT INTO `craft_elements_i18n` (`id`, `elementId`, `locale`, `uri`, `dateCreated`, `dateUpdated`, `uid`) VALUES ('27', '33', 'en_us', 'eyeglasses/some-eyeglass', '2014-03-20 01:48:35', '2014-03-20 12:38:20', '7e111a7e-d9de-44ee-af23-aa42980c2fbc');
INSERT INTO `craft_elements_i18n` (`id`, `elementId`, `locale`, `uri`, `dateCreated`, `dateUpdated`, `uid`) VALUES ('28', '34', 'en_us', NULL, '2014-03-20 09:37:57', '2014-03-20 09:37:57', '76042c50-26a6-4ca3-976c-0029f626a812');
INSERT INTO `craft_elements_i18n` (`id`, `elementId`, `locale`, `uri`, `dateCreated`, `dateUpdated`, `uid`) VALUES ('29', '35', 'en_us', NULL, '2014-03-20 09:37:57', '2014-03-20 09:37:57', '2e74e87c-143a-4bd5-849a-e6c11419232b');
INSERT INTO `craft_elements_i18n` (`id`, `elementId`, `locale`, `uri`, `dateCreated`, `dateUpdated`, `uid`) VALUES ('30', '36', 'en_us', NULL, '2014-03-20 09:37:57', '2014-03-20 09:37:57', 'f4cb01f0-b592-4c42-89ca-81105dc0168e');
INSERT INTO `craft_elements_i18n` (`id`, `elementId`, `locale`, `uri`, `dateCreated`, `dateUpdated`, `uid`) VALUES ('31', '37', 'en_us', NULL, '2014-03-20 09:37:57', '2014-03-20 09:37:57', '0ef1744d-3642-4445-a19c-514c222708ae');
INSERT INTO `craft_elements_i18n` (`id`, `elementId`, `locale`, `uri`, `dateCreated`, `dateUpdated`, `uid`) VALUES ('32', '38', 'en_us', NULL, '2014-03-20 09:37:58', '2014-03-20 09:37:58', 'efacb906-cd77-405f-835d-6e7e2806d3fb');
INSERT INTO `craft_elements_i18n` (`id`, `elementId`, `locale`, `uri`, `dateCreated`, `dateUpdated`, `uid`) VALUES ('33', '39', 'en_us', NULL, '2014-03-20 09:37:58', '2014-03-20 09:37:58', '539c941d-8df4-4101-af6a-bda313bae81e');
INSERT INTO `craft_elements_i18n` (`id`, `elementId`, `locale`, `uri`, `dateCreated`, `dateUpdated`, `uid`) VALUES ('34', '40', 'en_us', NULL, '2014-03-20 09:37:58', '2014-03-20 09:37:58', 'b9becc59-6123-4d39-a8a8-6be69f7d2ac6');
INSERT INTO `craft_elements_i18n` (`id`, `elementId`, `locale`, `uri`, `dateCreated`, `dateUpdated`, `uid`) VALUES ('35', '41', 'en_us', NULL, '2014-03-20 09:37:58', '2014-03-20 09:37:58', '24de26b2-4db7-4099-a247-f9f97798502d');
INSERT INTO `craft_elements_i18n` (`id`, `elementId`, `locale`, `uri`, `dateCreated`, `dateUpdated`, `uid`) VALUES ('36', '42', 'en_us', NULL, '2014-03-20 09:37:58', '2014-03-20 09:37:58', '63da9584-713f-4f4a-9050-7f9d4fb7f9b4');
INSERT INTO `craft_elements_i18n` (`id`, `elementId`, `locale`, `uri`, `dateCreated`, `dateUpdated`, `uid`) VALUES ('37', '43', 'en_us', NULL, '2014-03-20 09:37:58', '2014-03-20 09:37:58', 'c933e570-8416-4901-a376-51de44058a79');
INSERT INTO `craft_elements_i18n` (`id`, `elementId`, `locale`, `uri`, `dateCreated`, `dateUpdated`, `uid`) VALUES ('38', '44', 'en_us', NULL, '2014-03-20 09:37:58', '2014-03-20 09:37:58', '4ca8c3a7-4744-403a-be31-650bf75f05c6');
INSERT INTO `craft_elements_i18n` (`id`, `elementId`, `locale`, `uri`, `dateCreated`, `dateUpdated`, `uid`) VALUES ('39', '45', 'en_us', NULL, '2014-03-20 09:37:58', '2014-03-20 09:37:58', '04e0e118-e246-42cf-8de3-5dbf41a3692f');
INSERT INTO `craft_elements_i18n` (`id`, `elementId`, `locale`, `uri`, `dateCreated`, `dateUpdated`, `uid`) VALUES ('40', '46', 'en_us', NULL, '2014-03-20 09:37:58', '2014-03-20 09:37:58', '53280e22-e3f7-433d-ad96-8647b8d11389');
INSERT INTO `craft_elements_i18n` (`id`, `elementId`, `locale`, `uri`, `dateCreated`, `dateUpdated`, `uid`) VALUES ('41', '47', 'en_us', NULL, '2014-03-20 09:37:58', '2014-03-20 09:37:58', 'bdc5d3ae-7537-4469-8ed7-2f7ee1d996fd');
INSERT INTO `craft_elements_i18n` (`id`, `elementId`, `locale`, `uri`, `dateCreated`, `dateUpdated`, `uid`) VALUES ('42', '48', 'en_us', NULL, '2014-03-20 09:37:58', '2014-03-20 09:37:58', '24e305f8-c3ec-4213-9bc5-16b412d330de');
INSERT INTO `craft_elements_i18n` (`id`, `elementId`, `locale`, `uri`, `dateCreated`, `dateUpdated`, `uid`) VALUES ('43', '49', 'en_us', NULL, '2014-03-20 09:37:58', '2014-03-20 09:37:58', '0bd97393-9b4d-45fd-a0a7-d04864dcf7d4');
INSERT INTO `craft_elements_i18n` (`id`, `elementId`, `locale`, `uri`, `dateCreated`, `dateUpdated`, `uid`) VALUES ('44', '50', 'en_us', NULL, '2014-03-20 09:37:58', '2014-03-20 09:37:58', 'c39fb706-be43-483a-a09b-a0f0b7e3374c');
INSERT INTO `craft_elements_i18n` (`id`, `elementId`, `locale`, `uri`, `dateCreated`, `dateUpdated`, `uid`) VALUES ('45', '51', 'en_us', NULL, '2014-03-20 14:25:12', '2014-03-20 14:25:12', '99da5532-ab2e-49b2-bec2-739311a43ace');
INSERT INTO `craft_elements_i18n` (`id`, `elementId`, `locale`, `uri`, `dateCreated`, `dateUpdated`, `uid`) VALUES ('46', '52', 'en_us', NULL, '2014-03-20 14:31:29', '2014-03-20 17:17:52', '27d8defb-8464-4737-a6ec-c13fb18044e7');
INSERT INTO `craft_elements_i18n` (`id`, `elementId`, `locale`, `uri`, `dateCreated`, `dateUpdated`, `uid`) VALUES ('47', '55', 'en_us', 'brands/rayban', '2014-03-20 14:53:06', '2014-03-20 14:54:43', '0ae2fa63-ed35-42b5-bac4-c87881658aab');
INSERT INTO `craft_elements_i18n` (`id`, `elementId`, `locale`, `uri`, `dateCreated`, `dateUpdated`, `uid`) VALUES ('48', '56', 'en_us', NULL, '2014-03-20 14:54:43', '2014-03-20 14:54:43', 'e9e46fa7-f87e-475d-b0ba-6c31df2f2caf');
INSERT INTO `craft_elements_i18n` (`id`, `elementId`, `locale`, `uri`, `dateCreated`, `dateUpdated`, `uid`) VALUES ('49', '58', 'en_us', NULL, '2014-03-20 16:03:16', '2014-03-20 17:17:52', '7b59fa93-f412-4e6b-9fd2-001895ba0986');
INSERT INTO `craft_elements_i18n` (`id`, `elementId`, `locale`, `uri`, `dateCreated`, `dateUpdated`, `uid`) VALUES ('51', '60', 'en_us', NULL, '2014-03-20 17:57:21', '2014-03-20 17:57:21', '1082d5e6-8b0c-40d5-b8f5-10c4e5a9ac8f');
INSERT INTO `craft_elements_i18n` (`id`, `elementId`, `locale`, `uri`, `dateCreated`, `dateUpdated`, `uid`) VALUES ('52', '65', 'en_us', NULL, '2014-03-20 20:16:52', '2014-03-20 20:16:52', '5eab3566-ec9e-4713-a175-d15d68576d96');
INSERT INTO `craft_elements_i18n` (`id`, `elementId`, `locale`, `uri`, `dateCreated`, `dateUpdated`, `uid`) VALUES ('53', '66', 'en_us', NULL, '2014-03-20 20:16:52', '2014-03-20 20:16:52', '61347bdc-1fd3-47e0-8584-f1997973f112');
INSERT INTO `craft_elements_i18n` (`id`, `elementId`, `locale`, `uri`, `dateCreated`, `dateUpdated`, `uid`) VALUES ('54', '67', 'en_us', NULL, '2014-03-20 20:16:52', '2014-03-20 20:16:52', '03725980-c7bf-4e03-a563-de5098f07c6c');
INSERT INTO `craft_elements_i18n` (`id`, `elementId`, `locale`, `uri`, `dateCreated`, `dateUpdated`, `uid`) VALUES ('55', '68', 'en_us', NULL, '2014-03-20 20:16:52', '2014-03-20 20:16:52', '836abe3a-9609-4d7c-b300-195ff47be596');
INSERT INTO `craft_elements_i18n` (`id`, `elementId`, `locale`, `uri`, `dateCreated`, `dateUpdated`, `uid`) VALUES ('56', '69', 'en_us', NULL, '2014-03-20 20:16:52', '2014-03-20 20:16:52', '1debeddb-aa68-416a-ac3c-1a657f0a71e8');
INSERT INTO `craft_elements_i18n` (`id`, `elementId`, `locale`, `uri`, `dateCreated`, `dateUpdated`, `uid`) VALUES ('57', '70', 'en_us', NULL, '2014-03-20 20:16:52', '2014-03-20 20:16:52', '1881f9bd-52ae-4be3-9299-8d38db0a9da0');
INSERT INTO `craft_elements_i18n` (`id`, `elementId`, `locale`, `uri`, `dateCreated`, `dateUpdated`, `uid`) VALUES ('58', '71', 'en_us', NULL, '2014-03-20 20:16:52', '2014-03-20 20:16:52', '3bd21116-5487-4a4a-9d6b-1fa70366a83e');



--
-- Schema for table `craft_emailmessages`
--

DROP TABLE IF EXISTS `craft_emailmessages`;

CREATE TABLE `craft_emailmessages` (
  `id` int(11) NOT NULL AUTO_INCREMENT,
  `key` char(150) COLLATE utf8_unicode_ci NOT NULL,
  `locale` char(12) COLLATE utf8_unicode_ci NOT NULL,
  `subject` varchar(1000) COLLATE utf8_unicode_ci NOT NULL,
  `body` text COLLATE utf8_unicode_ci NOT NULL,
  `dateCreated` datetime NOT NULL,
  `dateUpdated` datetime NOT NULL,
  `uid` char(36) COLLATE utf8_unicode_ci NOT NULL DEFAULT '0',
  PRIMARY KEY (`id`),
  UNIQUE KEY `craft_emailmessages_key_locale_unq_idx` (`key`,`locale`),
  KEY `craft_emailmessages_locale_fk` (`locale`)
) ENGINE=InnoDB DEFAULT CHARSET=utf8 COLLATE=utf8_unicode_ci;

--
-- Schema for table `craft_entries`
--

DROP TABLE IF EXISTS `craft_entries`;

CREATE TABLE `craft_entries` (
  `id` int(11) NOT NULL,
  `sectionId` int(11) NOT NULL,
  `typeId` int(11) DEFAULT NULL,
  `authorId` int(11) DEFAULT NULL,
  `root` int(10) DEFAULT NULL,
  `lft` int(10) unsigned DEFAULT NULL,
  `rgt` int(10) unsigned DEFAULT NULL,
  `depth` smallint(6) unsigned DEFAULT NULL,
  `postDate` datetime DEFAULT NULL,
  `expiryDate` datetime DEFAULT NULL,
  `dateCreated` datetime NOT NULL,
  `dateUpdated` datetime NOT NULL,
  `uid` char(36) COLLATE utf8_unicode_ci NOT NULL DEFAULT '0',
  PRIMARY KEY (`id`),
  KEY `craft_entries_sectionId_idx` (`sectionId`),
  KEY `craft_entries_typeId_idx` (`typeId`),
  KEY `craft_entries_root_idx` (`root`),
  KEY `craft_entries_lft_idx` (`lft`),
  KEY `craft_entries_rgt_idx` (`rgt`),
  KEY `craft_entries_depth_idx` (`depth`),
  KEY `craft_entries_postDate_idx` (`postDate`),
  KEY `craft_entries_expiryDate_idx` (`expiryDate`),
  KEY `craft_entries_authorId_fk` (`authorId`)
) ENGINE=InnoDB DEFAULT CHARSET=utf8 COLLATE=utf8_unicode_ci;

--
-- Data for table `craft_entries`
--

INSERT INTO `craft_entries` (`id`, `sectionId`, `typeId`, `authorId`, `root`, `lft`, `rgt`, `depth`, `postDate`, `expiryDate`, `dateCreated`, `dateUpdated`, `uid`) VALUES ('2', '1', '1', NULL, NULL, NULL, NULL, NULL, '2014-03-19 18:35:59', NULL, '2014-03-15 17:07:16', '2014-03-20 20:10:31', '530c1085-47de-44c5-9b2b-9ac499f852cc');
INSERT INTO `craft_entries` (`id`, `sectionId`, `typeId`, `authorId`, `root`, `lft`, `rgt`, `depth`, `postDate`, `expiryDate`, `dateCreated`, `dateUpdated`, `uid`) VALUES ('4', '3', '3', NULL, NULL, NULL, NULL, NULL, '2014-03-19 18:38:20', NULL, '2014-03-16 17:49:10', '2014-03-19 21:48:46', '850bc72f-cee9-4c80-87c2-ac61b99480c1');
INSERT INTO `craft_entries` (`id`, `sectionId`, `typeId`, `authorId`, `root`, `lft`, `rgt`, `depth`, `postDate`, `expiryDate`, `dateCreated`, `dateUpdated`, `uid`) VALUES ('5', '4', '4', NULL, NULL, NULL, NULL, NULL, '2014-03-20 17:24:00', NULL, '2014-03-16 17:49:28', '2014-03-20 17:24:00', 'df373037-9ab1-46a7-b13e-22af0ca25e80');
INSERT INTO `craft_entries` (`id`, `sectionId`, `typeId`, `authorId`, `root`, `lft`, `rgt`, `depth`, `postDate`, `expiryDate`, `dateCreated`, `dateUpdated`, `uid`) VALUES ('6', '5', '5', NULL, NULL, NULL, NULL, NULL, '2014-03-16 17:49:38', NULL, '2014-03-16 17:49:38', '2014-03-16 17:49:38', '7400f706-0116-4516-929f-7668f728cf06');
INSERT INTO `craft_entries` (`id`, `sectionId`, `typeId`, `authorId`, `root`, `lft`, `rgt`, `depth`, `postDate`, `expiryDate`, `dateCreated`, `dateUpdated`, `uid`) VALUES ('7', '6', NULL, NULL, '7', '1', '14', '0', NULL, NULL, '2014-03-16 21:56:16', '2014-03-16 21:56:16', 'bc01b842-2862-4e8d-bfc4-f43e1876e09a');
INSERT INTO `craft_entries` (`id`, `sectionId`, `typeId`, `authorId`, `root`, `lft`, `rgt`, `depth`, `postDate`, `expiryDate`, `dateCreated`, `dateUpdated`, `uid`) VALUES ('8', '6', '7', '1', '7', '5', '6', '2', '2014-03-16 21:57:00', NULL, '2014-03-16 21:57:18', '2014-03-20 19:54:58', 'b6141ede-ba15-4176-a5d2-ef5cec72f89d');
INSERT INTO `craft_entries` (`id`, `sectionId`, `typeId`, `authorId`, `root`, `lft`, `rgt`, `depth`, `postDate`, `expiryDate`, `dateCreated`, `dateUpdated`, `uid`) VALUES ('23', '6', '7', '1', '7', '3', '4', '2', '2014-03-20 00:01:00', NULL, '2014-03-20 00:01:06', '2014-03-20 17:19:08', '649618f3-a5d9-4932-a57f-61894e9bdcbe');
INSERT INTO `craft_entries` (`id`, `sectionId`, `typeId`, `authorId`, `root`, `lft`, `rgt`, `depth`, `postDate`, `expiryDate`, `dateCreated`, `dateUpdated`, `uid`) VALUES ('31', '6', '8', '1', '7', '2', '7', '1', '2014-03-20 01:47:00', NULL, '2014-03-20 01:47:22', '2014-03-20 09:37:57', '5538f02b-7f21-4c4b-b0ce-86f86b6e9144');
INSERT INTO `craft_entries` (`id`, `sectionId`, `typeId`, `authorId`, `root`, `lft`, `rgt`, `depth`, `postDate`, `expiryDate`, `dateCreated`, `dateUpdated`, `uid`) VALUES ('32', '6', '8', '1', '7', '8', '11', '1', '2014-03-20 01:47:58', NULL, '2014-03-20 01:47:58', '2014-03-20 01:47:58', '47556789-b2de-43c4-a19b-ccbedc8c0dbd');
INSERT INTO `craft_entries` (`id`, `sectionId`, `typeId`, `authorId`, `root`, `lft`, `rgt`, `depth`, `postDate`, `expiryDate`, `dateCreated`, `dateUpdated`, `uid`) VALUES ('33', '6', '7', '1', '7', '9', '10', '2', '2014-03-20 01:48:00', NULL, '2014-03-20 01:48:35', '2014-03-20 01:49:10', 'cd415a05-7f94-4a56-a382-e6246e20edf0');
INSERT INTO `craft_entries` (`id`, `sectionId`, `typeId`, `authorId`, `root`, `lft`, `rgt`, `depth`, `postDate`, `expiryDate`, `dateCreated`, `dateUpdated`, `uid`) VALUES ('54', '7', NULL, NULL, '54', '1', '4', '0', NULL, NULL, '2014-03-20 14:50:24', '2014-03-20 14:50:24', '4f4dbf1f-9434-48a1-bf95-895afd93c6a9');
INSERT INTO `craft_entries` (`id`, `sectionId`, `typeId`, `authorId`, `root`, `lft`, `rgt`, `depth`, `postDate`, `expiryDate`, `dateCreated`, `dateUpdated`, `uid`) VALUES ('55', '7', '9', '1', '54', '2', '3', '1', '2014-03-20 14:53:00', NULL, '2014-03-20 14:53:06', '2014-03-20 14:54:43', 'a44fb941-0dd7-48ad-ba71-63b1c76085e0');



--
-- Schema for table `craft_entries_i18n`
--

DROP TABLE IF EXISTS `craft_entries_i18n`;

CREATE TABLE `craft_entries_i18n` (
  `id` int(11) NOT NULL AUTO_INCREMENT,
  `entryId` int(11) NOT NULL,
  `sectionId` int(11) NOT NULL,
  `locale` char(12) COLLATE utf8_unicode_ci NOT NULL,
  `slug` varchar(255) COLLATE utf8_unicode_ci NOT NULL,
  `dateCreated` datetime NOT NULL,
  `dateUpdated` datetime NOT NULL,
  `uid` char(36) COLLATE utf8_unicode_ci NOT NULL DEFAULT '0',
  PRIMARY KEY (`id`),
  UNIQUE KEY `craft_entries_i18n_entryId_locale_unq_idx` (`entryId`,`locale`),
  UNIQUE KEY `craft_entries_i18n_slug_sectionId_locale_unq_idx` (`slug`,`sectionId`,`locale`),
  KEY `craft_entries_i18n_sectionId_fk` (`sectionId`),
  KEY `craft_entries_i18n_locale_fk` (`locale`)
) ENGINE=InnoDB AUTO_INCREMENT=15 DEFAULT CHARSET=utf8 COLLATE=utf8_unicode_ci;

--
-- Data for table `craft_entries_i18n`
--

INSERT INTO `craft_entries_i18n` (`id`, `entryId`, `sectionId`, `locale`, `slug`, `dateCreated`, `dateUpdated`, `uid`) VALUES ('1', '2', '1', 'en_us', 'homepage', '2014-03-15 17:07:16', '2014-03-19 18:35:59', '98a3a777-48f9-419a-8e47-229ba26415a9');
INSERT INTO `craft_entries_i18n` (`id`, `entryId`, `sectionId`, `locale`, `slug`, `dateCreated`, `dateUpdated`, `uid`) VALUES ('3', '4', '3', 'en_us', 'about', '2014-03-16 17:49:10', '2014-03-19 18:38:20', 'd56a4002-0d39-4944-8f51-499a82d0f4c2');
INSERT INTO `craft_entries_i18n` (`id`, `entryId`, `sectionId`, `locale`, `slug`, `dateCreated`, `dateUpdated`, `uid`) VALUES ('4', '5', '4', 'en_us', 'lenses', '2014-03-16 17:49:28', '2014-03-20 17:24:00', '7bafdfe7-c00a-4209-b522-fd82a281138a');
INSERT INTO `craft_entries_i18n` (`id`, `entryId`, `sectionId`, `locale`, `slug`, `dateCreated`, `dateUpdated`, `uid`) VALUES ('5', '6', '5', 'en_us', 'contact', '2014-03-16 17:49:38', '2014-03-16 17:49:38', '3b39b11c-8007-4e83-a041-43347b3b9351');
INSERT INTO `craft_entries_i18n` (`id`, `entryId`, `sectionId`, `locale`, `slug`, `dateCreated`, `dateUpdated`, `uid`) VALUES ('7', '8', '6', 'en_us', 'ray-ban-wayfarer-square', '2014-03-16 21:57:18', '2014-03-20 19:54:58', 'ca54fee2-3bdc-4157-865b-8e0a5760f2f8');
INSERT INTO `craft_entries_i18n` (`id`, `entryId`, `sectionId`, `locale`, `slug`, `dateCreated`, `dateUpdated`, `uid`) VALUES ('8', '23', '6', 'en_us', 'aviator-tm-large-metal', '2014-03-20 00:01:06', '2014-03-20 17:19:08', '28dbad9a-180e-4ec6-b51b-bcca849fae86');
INSERT INTO `craft_entries_i18n` (`id`, `entryId`, `sectionId`, `locale`, `slug`, `dateCreated`, `dateUpdated`, `uid`) VALUES ('10', '31', '6', 'en_us', 'sunglasses', '2014-03-20 01:47:22', '2014-03-20 09:37:57', '6e8b3eac-4492-467d-a8fa-8e8b01341c30');
INSERT INTO `craft_entries_i18n` (`id`, `entryId`, `sectionId`, `locale`, `slug`, `dateCreated`, `dateUpdated`, `uid`) VALUES ('11', '32', '6', 'en_us', 'eyeglasses', '2014-03-20 01:47:58', '2014-03-20 01:47:58', 'd96f53b5-9fb2-4129-9837-52533cb18ec5');
INSERT INTO `craft_entries_i18n` (`id`, `entryId`, `sectionId`, `locale`, `slug`, `dateCreated`, `dateUpdated`, `uid`) VALUES ('12', '33', '6', 'en_us', 'some-eyeglass', '2014-03-20 01:48:35', '2014-03-20 01:49:10', '919db897-ac55-4742-b7c5-64f4b2e38437');
INSERT INTO `craft_entries_i18n` (`id`, `entryId`, `sectionId`, `locale`, `slug`, `dateCreated`, `dateUpdated`, `uid`) VALUES ('13', '55', '7', 'en_us', 'rayban', '2014-03-20 14:53:06', '2014-03-20 14:54:43', 'df4f0aab-4338-4d05-81a6-396442b3e387');



--
-- Schema for table `craft_entrydrafts`
--

DROP TABLE IF EXISTS `craft_entrydrafts`;

CREATE TABLE `craft_entrydrafts` (
  `id` int(11) NOT NULL AUTO_INCREMENT,
  `entryId` int(11) NOT NULL,
  `sectionId` int(11) NOT NULL,
  `creatorId` int(11) NOT NULL,
  `locale` char(12) COLLATE utf8_unicode_ci NOT NULL,
  `name` varchar(255) COLLATE utf8_unicode_ci DEFAULT NULL,
  `data` mediumtext COLLATE utf8_unicode_ci NOT NULL,
  `dateCreated` datetime NOT NULL,
  `dateUpdated` datetime NOT NULL,
  `uid` char(36) COLLATE utf8_unicode_ci NOT NULL DEFAULT '0',
  PRIMARY KEY (`id`),
  KEY `craft_entrydrafts_entryId_locale_idx` (`entryId`,`locale`),
  KEY `craft_entrydrafts_sectionId_fk` (`sectionId`),
  KEY `craft_entrydrafts_creatorId_fk` (`creatorId`),
  KEY `craft_entrydrafts_locale_fk` (`locale`)
) ENGINE=InnoDB DEFAULT CHARSET=utf8 COLLATE=utf8_unicode_ci;

--
-- Schema for table `craft_entrytypes`
--

DROP TABLE IF EXISTS `craft_entrytypes`;

CREATE TABLE `craft_entrytypes` (
  `id` int(11) NOT NULL AUTO_INCREMENT,
  `sectionId` int(11) NOT NULL,
  `fieldLayoutId` int(11) DEFAULT NULL,
  `name` varchar(255) COLLATE utf8_unicode_ci NOT NULL,
  `handle` varchar(255) COLLATE utf8_unicode_ci NOT NULL,
  `titleLabel` varchar(255) COLLATE utf8_unicode_ci DEFAULT 'Title',
  `sortOrder` tinyint(4) DEFAULT NULL,
  `dateCreated` datetime NOT NULL,
  `dateUpdated` datetime NOT NULL,
  `uid` char(36) COLLATE utf8_unicode_ci NOT NULL DEFAULT '0',
  PRIMARY KEY (`id`),
  UNIQUE KEY `craft_entrytypes_name_sectionId_unq_idx` (`name`,`sectionId`),
  UNIQUE KEY `craft_entrytypes_handle_sectionId_unq_idx` (`handle`,`sectionId`),
  KEY `craft_entrytypes_sectionId_fk` (`sectionId`),
  KEY `craft_entrytypes_fieldLayoutId_fk` (`fieldLayoutId`)
) ENGINE=InnoDB AUTO_INCREMENT=10 DEFAULT CHARSET=utf8 COLLATE=utf8_unicode_ci;

--
-- Data for table `craft_entrytypes`
--

INSERT INTO `craft_entrytypes` (`id`, `sectionId`, `fieldLayoutId`, `name`, `handle`, `titleLabel`, `sortOrder`, `dateCreated`, `dateUpdated`, `uid`) VALUES ('1', '1', '38', 'Homepage', 'homepage', 'Title', NULL, '2014-03-15 17:07:16', '2014-03-19 21:19:01', '750b756a-0e7f-4527-9752-6a713104a758');
INSERT INTO `craft_entrytypes` (`id`, `sectionId`, `fieldLayoutId`, `name`, `handle`, `titleLabel`, `sortOrder`, `dateCreated`, `dateUpdated`, `uid`) VALUES ('3', '3', '40', 'About', 'about', 'Title', NULL, '2014-03-16 17:49:10', '2014-03-19 21:48:32', 'bb249002-8f3f-4ec6-afed-b9158beb60a7');
INSERT INTO `craft_entrytypes` (`id`, `sectionId`, `fieldLayoutId`, `name`, `handle`, `titleLabel`, `sortOrder`, `dateCreated`, `dateUpdated`, `uid`) VALUES ('4', '4', '46', 'Lenses', 'lenses', 'Title', NULL, '2014-03-16 17:49:28', '2014-03-20 01:32:29', 'dd154435-b1cc-4ef4-a8c2-e2cf06d98175');
INSERT INTO `craft_entrytypes` (`id`, `sectionId`, `fieldLayoutId`, `name`, `handle`, `titleLabel`, `sortOrder`, `dateCreated`, `dateUpdated`, `uid`) VALUES ('5', '5', '9', 'Contact', 'contact', 'Title', NULL, '2014-03-16 17:49:38', '2014-03-16 17:49:38', 'afb88587-3bfb-4388-95c9-3e2d78437646');
INSERT INTO `craft_entrytypes` (`id`, `sectionId`, `fieldLayoutId`, `name`, `handle`, `titleLabel`, `sortOrder`, `dateCreated`, `dateUpdated`, `uid`) VALUES ('7', '6', '64', 'Merch Item', 'merchItem', 'Product Name', NULL, '2014-03-19 23:53:24', '2014-03-20 14:52:19', '4a1b56f2-b083-4dca-9c27-abf271db3286');
INSERT INTO `craft_entrytypes` (`id`, `sectionId`, `fieldLayoutId`, `name`, `handle`, `titleLabel`, `sortOrder`, `dateCreated`, `dateUpdated`, `uid`) VALUES ('8', '6', '50', 'Merch Collection', 'merchCollection', 'Title', NULL, '2014-03-20 01:46:54', '2014-03-20 09:34:54', '7947aeb7-7728-40a2-b333-1ee095354c09');
INSERT INTO `craft_entrytypes` (`id`, `sectionId`, `fieldLayoutId`, `name`, `handle`, `titleLabel`, `sortOrder`, `dateCreated`, `dateUpdated`, `uid`) VALUES ('9', '7', '65', 'Brands', 'brands', 'Title', NULL, '2014-03-20 14:50:24', '2014-03-20 14:54:13', 'e11f6b4a-d48e-4e81-a8ea-ba3db3e7332a');



--
-- Schema for table `craft_entryversions`
--

DROP TABLE IF EXISTS `craft_entryversions`;

CREATE TABLE `craft_entryversions` (
  `id` int(11) NOT NULL AUTO_INCREMENT,
  `entryId` int(11) NOT NULL,
  `sectionId` int(11) NOT NULL,
  `creatorId` int(11) DEFAULT NULL,
  `locale` char(12) COLLATE utf8_unicode_ci NOT NULL,
  `notes` tinytext COLLATE utf8_unicode_ci,
  `data` mediumtext COLLATE utf8_unicode_ci NOT NULL,
  `dateCreated` datetime NOT NULL,
  `dateUpdated` datetime NOT NULL,
  `uid` char(36) COLLATE utf8_unicode_ci NOT NULL DEFAULT '0',
  PRIMARY KEY (`id`),
  KEY `craft_entryversions_entryId_locale_idx` (`entryId`,`locale`),
  KEY `craft_entryversions_sectionId_fk` (`sectionId`),
  KEY `craft_entryversions_creatorId_fk` (`creatorId`),
  KEY `craft_entryversions_locale_fk` (`locale`)
) ENGINE=InnoDB AUTO_INCREMENT=44 DEFAULT CHARSET=utf8 COLLATE=utf8_unicode_ci;

--
-- Data for table `craft_entryversions`
--

INSERT INTO `craft_entryversions` (`id`, `entryId`, `sectionId`, `creatorId`, `locale`, `notes`, `data`, `dateCreated`, `dateUpdated`, `uid`) VALUES ('1', '4', '3', '1', 'en_us', NULL, '{\"authorId\":null,\"title\":\"About\",\"slug\":\"about\",\"postDate\":1395006421,\"expiryDate\":null,\"enabled\":1,\"fields\":{\"5\":\"7641 Jefferson Highway \",\"6\":\"Baton Rouge, LA 7080\",\"2\":\"\",\"8\":\"225-926-2808\",\"1\":\"\",\"7\":\"225-928-5798\",\"4\":\"The Optical Shoppe\",\"3\":\"\"}}', '2014-03-16 21:54:21', '2014-03-16 21:54:21', '3656950f-5abc-4ff3-9ec3-f359522a092b');
INSERT INTO `craft_entryversions` (`id`, `entryId`, `sectionId`, `creatorId`, `locale`, `notes`, `data`, `dateCreated`, `dateUpdated`, `uid`) VALUES ('2', '8', '6', '1', 'en_us', NULL, '{\"authorId\":\"1\",\"title\":\"Sunglasses\",\"slug\":\"sunglasses\",\"postDate\":1395007038,\"expiryDate\":null,\"enabled\":1,\"fields\":[]}', '2014-03-16 21:57:18', '2014-03-16 21:57:18', '3963086f-0ff6-4803-b423-e46e9eeb9567');
INSERT INTO `craft_entryversions` (`id`, `entryId`, `sectionId`, `creatorId`, `locale`, `notes`, `data`, `dateCreated`, `dateUpdated`, `uid`) VALUES ('3', '8', '6', '1', 'en_us', NULL, '{\"authorId\":\"1\",\"title\":\"Sunglasses\",\"slug\":\"sunglasses\",\"postDate\":1395007020,\"expiryDate\":null,\"enabled\":1,\"fields\":[]}', '2014-03-16 21:57:36', '2014-03-16 21:57:36', '301acbb1-57ae-45d7-a89a-419f93b4cdcd');
INSERT INTO `craft_entryversions` (`id`, `entryId`, `sectionId`, `creatorId`, `locale`, `notes`, `data`, `dateCreated`, `dateUpdated`, `uid`) VALUES ('4', '2', '1', '1', 'en_us', NULL, '{\"authorId\":null,\"title\":\"Frames\",\"slug\":\"homepage\",\"postDate\":1395254159,\"expiryDate\":null,\"enabled\":1,\"fields\":{\"2\":\"<p>Need an adjustment? Just stop by! If you ever sit on your glasses or bend them out of shape, make sure not to try to bend them back yourself, as we use specialized equipment in the shop to restore your frames to their natural shape!<\\/p>\",\"1\":\"<p>We service everything we sell for the lifetime of the frame for FREE.<\\/p>\",\"15\":\"\"}}', '2014-03-19 18:42:39', '2014-03-19 18:42:39', '22d509d6-d21c-474a-837f-49bbf68e4371');
INSERT INTO `craft_entryversions` (`id`, `entryId`, `sectionId`, `creatorId`, `locale`, `notes`, `data`, `dateCreated`, `dateUpdated`, `uid`) VALUES ('5', '2', '1', '1', 'en_us', NULL, '{\"authorId\":null,\"title\":\"Frames\",\"slug\":\"homepage\",\"postDate\":1395254159,\"expiryDate\":null,\"enabled\":1,\"fields\":{\"2\":\"<p>Need an adjustment? Just stop by! If you ever sit on your glasses or bend them out of shape, make sure not to try to bend them back yourself, as we use specialized equipment in the shop to restore your frames to their natural shape!<\\/p>\",\"1\":\"We service everything we sell for the lifetime of the frame for FREE.\",\"15\":\"\"}}', '2014-03-19 19:01:07', '2014-03-19 19:01:07', '5047ce03-698b-4dc1-9a20-2c89e927c107');
INSERT INTO `craft_entryversions` (`id`, `entryId`, `sectionId`, `creatorId`, `locale`, `notes`, `data`, `dateCreated`, `dateUpdated`, `uid`) VALUES ('6', '2', '1', '1', 'en_us', NULL, '{\"authorId\":null,\"title\":\"Frames\",\"slug\":\"homepage\",\"postDate\":1395254159,\"expiryDate\":null,\"enabled\":1,\"fields\":{\"2\":\"<p>Need an adjustment? Just stop by! If you ever sit on your glasses or bend them out of shape, make sure not to try to bend them back yourself, as we use specialized equipment in the shop to restore your frames to their natural shape!<\\/p>\",\"1\":\"We service everything we sell for the lifetime of the frame for FREE.\",\"15\":\"\"}}', '2014-03-19 19:01:09', '2014-03-19 19:01:09', '7b8e8e70-5f50-4510-8261-48f4e5e68821');
INSERT INTO `craft_entryversions` (`id`, `entryId`, `sectionId`, `creatorId`, `locale`, `notes`, `data`, `dateCreated`, `dateUpdated`, `uid`) VALUES ('7', '4', '3', '1', 'en_us', NULL, '{\"authorId\":null,\"title\":\"About\",\"slug\":\"about\",\"postDate\":1395254300,\"expiryDate\":null,\"enabled\":1,\"fields\":{\"5\":\"7641 Jefferson Highway \",\"6\":\"Baton Rouge, LA 7080\",\"2\":\"<p>We are known for fitting customers with the perfect frame in a relaxed comfortable friendly manner. Once you have your perfect frame, we can fit them with your prescription lenses. Our selection includes a variety of lenses and they will vary in price depending on what your eyes need. We offer an array of choices to all customers, including those with astigmatism. Whether you are nearsighted, farsighted, or both, we work with you to get the perfect lens\\/frame combination for your unique eyesight.<\\/p><p>The Optical Shoppe is located in the Bocage Village shopping center with other local merchants including Dearman\'s and Calvin\'s grocery. If you lose your way, look for Le Madeline on the corner for a landmark.&nbsp;<\\/p>\",\"1\":\"We are a locally owned eyewear boutique with an exciting selection of classic, sophisticated eyewear. In business for over 30 years, the Optical Shoppe was the first luxury eyewear boutique in Baton Rouge.\",\"8\":\"225-926-2808\",\"7\":\"225-928-5798\",\"4\":\"The Optical Shoppe\"}}', '2014-03-19 19:04:09', '2014-03-19 19:04:09', '6290edbe-12f9-4aa6-ba2b-9c48ff1ecb91');
INSERT INTO `craft_entryversions` (`id`, `entryId`, `sectionId`, `creatorId`, `locale`, `notes`, `data`, `dateCreated`, `dateUpdated`, `uid`) VALUES ('8', '2', '1', '1', 'en_us', NULL, '{\"authorId\":null,\"title\":\"Frames\",\"slug\":\"homepage\",\"postDate\":1395254159,\"expiryDate\":null,\"enabled\":1,\"fields\":{\"2\":\"<p>Need an adjustment? Just stop by! If you ever sit on your glasses or bend them out of shape, make sure not to try to bend them back yourself, as we use specialized equipment in the shop to restore your frames to their natural shape!<\\/p>\",\"1\":\"We service everything we sell for the lifetime of the frame for FREE.\",\"15\":\"<p><strong><em>Interested in the top Eyewear lines? <\\/em><\\/strong>Check out our brands exclusive to our store in Baton Rouge!<\\/p>\"}}', '2014-03-19 19:17:20', '2014-03-19 19:17:20', '21aa3a51-2112-4c73-85a2-a0c3d9328adb');
INSERT INTO `craft_entryversions` (`id`, `entryId`, `sectionId`, `creatorId`, `locale`, `notes`, `data`, `dateCreated`, `dateUpdated`, `uid`) VALUES ('9', '2', '1', '1', 'en_us', NULL, '{\"authorId\":null,\"title\":\"Frames\",\"slug\":\"homepage\",\"postDate\":1395254159,\"expiryDate\":null,\"enabled\":1,\"fields\":{\"2\":\"<p>Need an adjustment? Just stop by! If you ever sit on your glasses or bend them out of shape, make sure not to try to bend them back yourself, as we use specialized equipment in the shop to restore your frames to their natural shape!<\\/p>\",\"1\":\"We service everything we sell for the lifetime of the frame for FREE.\",\"16\":[{\"id\":null,\"enabled\":1,\"archived\":0,\"locale\":\"en_us\",\"uri\":null,\"dateCreated\":null,\"dateUpdated\":null,\"fieldId\":\"16\",\"ownerId\":\"2\",\"typeId\":\"1\",\"sortOrder\":1},{\"id\":null,\"enabled\":1,\"archived\":0,\"locale\":\"en_us\",\"uri\":null,\"dateCreated\":null,\"dateUpdated\":null,\"fieldId\":\"16\",\"ownerId\":\"2\",\"typeId\":\"1\",\"sortOrder\":2},{\"id\":null,\"enabled\":1,\"archived\":0,\"locale\":\"en_us\",\"uri\":null,\"dateCreated\":null,\"dateUpdated\":null,\"fieldId\":\"16\",\"ownerId\":\"2\",\"typeId\":\"1\",\"sortOrder\":3},{\"id\":null,\"enabled\":1,\"archived\":0,\"locale\":\"en_us\",\"uri\":null,\"dateCreated\":null,\"dateUpdated\":null,\"fieldId\":\"16\",\"ownerId\":\"2\",\"typeId\":\"1\",\"sortOrder\":4}],\"15\":\"<p><strong><em>Interested in the top Eyewear lines? <\\/em><\\/strong>Check out our brands exclusive to our store in Baton Rouge!<\\/p>\"}}', '2014-03-19 19:33:34', '2014-03-19 19:33:34', 'b4c15d8f-b194-45a8-b610-a5a6072fb21a');
INSERT INTO `craft_entryversions` (`id`, `entryId`, `sectionId`, `creatorId`, `locale`, `notes`, `data`, `dateCreated`, `dateUpdated`, `uid`) VALUES ('10', '2', '1', '1', 'en_us', NULL, '{\"authorId\":null,\"title\":\"Frames\",\"slug\":\"homepage\",\"postDate\":1395254159,\"expiryDate\":null,\"enabled\":1,\"fields\":{\"2\":\"<p>Need an adjustment? Just stop by! If you ever sit on your glasses or bend them out of shape, make sure not to try to bend them back yourself, as we use specialized equipment in the shop to restore your frames to their natural shape!<\\/p>\",\"1\":\"We service everything we sell for the lifetime of the frame for FREE.\",\"16\":[{\"id\":\"11\",\"enabled\":1,\"archived\":\"0\",\"locale\":\"en_us\",\"uri\":null,\"dateCreated\":\"2014-03-19 19:33:34\",\"dateUpdated\":\"2014-03-19 19:33:34\",\"fieldId\":\"16\",\"ownerId\":\"2\",\"typeId\":\"1\",\"sortOrder\":1},{\"id\":\"12\",\"enabled\":1,\"archived\":\"0\",\"locale\":\"en_us\",\"uri\":null,\"dateCreated\":\"2014-03-19 19:33:34\",\"dateUpdated\":\"2014-03-19 19:33:34\",\"fieldId\":\"16\",\"ownerId\":\"2\",\"typeId\":\"1\",\"sortOrder\":2},{\"id\":\"13\",\"enabled\":1,\"archived\":\"0\",\"locale\":\"en_us\",\"uri\":null,\"dateCreated\":\"2014-03-19 19:33:34\",\"dateUpdated\":\"2014-03-19 19:33:34\",\"fieldId\":\"16\",\"ownerId\":\"2\",\"typeId\":\"1\",\"sortOrder\":3},{\"id\":\"14\",\"enabled\":1,\"archived\":\"0\",\"locale\":\"en_us\",\"uri\":null,\"dateCreated\":\"2014-03-19 19:33:34\",\"dateUpdated\":\"2014-03-19 19:33:34\",\"fieldId\":\"16\",\"ownerId\":\"2\",\"typeId\":\"1\",\"sortOrder\":4}],\"19\":[{\"id\":null,\"enabled\":1,\"archived\":0,\"locale\":\"en_us\",\"uri\":null,\"dateCreated\":null,\"dateUpdated\":null,\"fieldId\":\"19\",\"ownerId\":\"2\",\"typeId\":\"2\",\"sortOrder\":1},{\"id\":null,\"enabled\":1,\"archived\":0,\"locale\":\"en_us\",\"uri\":null,\"dateCreated\":null,\"dateUpdated\":null,\"fieldId\":\"19\",\"ownerId\":\"2\",\"typeId\":\"2\",\"sortOrder\":2},{\"id\":null,\"enabled\":1,\"archived\":0,\"locale\":\"en_us\",\"uri\":null,\"dateCreated\":null,\"dateUpdated\":null,\"fieldId\":\"19\",\"ownerId\":\"2\",\"typeId\":\"2\",\"sortOrder\":3},{\"id\":null,\"enabled\":1,\"archived\":0,\"locale\":\"en_us\",\"uri\":null,\"dateCreated\":null,\"dateUpdated\":null,\"fieldId\":\"19\",\"ownerId\":\"2\",\"typeId\":\"2\",\"sortOrder\":4}],\"15\":\"<p><strong><em>Interested in the top Eyewear lines? <\\/em><\\/strong>Check out our brands exclusive to our store in Baton Rouge!<\\/p>\"}}', '2014-03-19 20:00:14', '2014-03-19 20:00:14', '44e966b2-5ba7-4194-b082-7f6ed825630a');
INSERT INTO `craft_entryversions` (`id`, `entryId`, `sectionId`, `creatorId`, `locale`, `notes`, `data`, `dateCreated`, `dateUpdated`, `uid`) VALUES ('11', '2', '1', '1', 'en_us', NULL, '{\"authorId\":null,\"title\":\"Frames\",\"slug\":\"homepage\",\"postDate\":1395254159,\"expiryDate\":null,\"enabled\":1,\"fields\":{\"2\":\"<p>Need an adjustment? Just stop by! If you ever sit on your glasses or bend them out of shape, make sure not to try to bend them back yourself, as we use specialized equipment in the shop to restore your frames to their natural shape!<\\/p>\",\"1\":\"We service everything we sell for the lifetime of the frame for FREE.\",\"16\":[{\"id\":\"11\",\"enabled\":1,\"archived\":\"0\",\"locale\":\"en_us\",\"uri\":null,\"dateCreated\":\"2014-03-19 19:33:34\",\"dateUpdated\":\"2014-03-19 20:00:15\",\"fieldId\":\"16\",\"ownerId\":\"2\",\"typeId\":\"1\",\"sortOrder\":1},{\"id\":\"12\",\"enabled\":1,\"archived\":\"0\",\"locale\":\"en_us\",\"uri\":null,\"dateCreated\":\"2014-03-19 19:33:34\",\"dateUpdated\":\"2014-03-19 20:00:15\",\"fieldId\":\"16\",\"ownerId\":\"2\",\"typeId\":\"1\",\"sortOrder\":2},{\"id\":\"13\",\"enabled\":1,\"archived\":\"0\",\"locale\":\"en_us\",\"uri\":null,\"dateCreated\":\"2014-03-19 19:33:34\",\"dateUpdated\":\"2014-03-19 20:00:15\",\"fieldId\":\"16\",\"ownerId\":\"2\",\"typeId\":\"1\",\"sortOrder\":3},{\"id\":\"14\",\"enabled\":1,\"archived\":\"0\",\"locale\":\"en_us\",\"uri\":null,\"dateCreated\":\"2014-03-19 19:33:34\",\"dateUpdated\":\"2014-03-19 20:00:15\",\"fieldId\":\"16\",\"ownerId\":\"2\",\"typeId\":\"1\",\"sortOrder\":4}],\"19\":[{\"id\":\"15\",\"enabled\":1,\"archived\":\"0\",\"locale\":\"en_us\",\"uri\":null,\"dateCreated\":\"2014-03-19 20:00:15\",\"dateUpdated\":\"2014-03-19 20:00:15\",\"fieldId\":\"19\",\"ownerId\":\"2\",\"typeId\":\"2\",\"sortOrder\":1},{\"id\":\"16\",\"enabled\":1,\"archived\":\"0\",\"locale\":\"en_us\",\"uri\":null,\"dateCreated\":\"2014-03-19 20:00:15\",\"dateUpdated\":\"2014-03-19 20:00:15\",\"fieldId\":\"19\",\"ownerId\":\"2\",\"typeId\":\"2\",\"sortOrder\":2},{\"id\":\"17\",\"enabled\":1,\"archived\":\"0\",\"locale\":\"en_us\",\"uri\":null,\"dateCreated\":\"2014-03-19 20:00:15\",\"dateUpdated\":\"2014-03-19 20:00:15\",\"fieldId\":\"19\",\"ownerId\":\"2\",\"typeId\":\"2\",\"sortOrder\":3},{\"id\":\"18\",\"enabled\":1,\"archived\":\"0\",\"locale\":\"en_us\",\"uri\":null,\"dateCreated\":\"2014-03-19 20:00:15\",\"dateUpdated\":\"2014-03-19 20:00:15\",\"fieldId\":\"19\",\"ownerId\":\"2\",\"typeId\":\"2\",\"sortOrder\":4}],\"22\":[{\"id\":null,\"enabled\":1,\"archived\":0,\"locale\":\"en_us\",\"uri\":null,\"dateCreated\":null,\"dateUpdated\":null,\"fieldId\":\"22\",\"ownerId\":\"2\",\"typeId\":\"3\",\"sortOrder\":1},{\"id\":null,\"enabled\":1,\"archived\":0,\"locale\":\"en_us\",\"uri\":null,\"dateCreated\":null,\"dateUpdated\":null,\"fieldId\":\"22\",\"ownerId\":\"2\",\"typeId\":\"3\",\"sortOrder\":2}],\"15\":\"<p><strong><em>Interested in the top Eyewear lines? <\\/em><\\/strong>Check out our brands exclusive to our store in Baton Rouge!<\\/p>\"}}', '2014-03-19 21:22:22', '2014-03-19 21:22:22', '04cfcf84-d94f-4653-9fec-edc93115ccc2');
INSERT INTO `craft_entryversions` (`id`, `entryId`, `sectionId`, `creatorId`, `locale`, `notes`, `data`, `dateCreated`, `dateUpdated`, `uid`) VALUES ('12', '4', '3', '1', 'en_us', NULL, '{\"authorId\":null,\"title\":\"About\",\"slug\":\"about\",\"postDate\":1395254300,\"expiryDate\":null,\"enabled\":1,\"fields\":{\"5\":\"7641 Jefferson Highway \",\"6\":\"Baton Rouge, LA 7080\",\"2\":\"<p>We are known for fitting customers with the perfect frame in a relaxed comfortable friendly manner. Once you have your perfect frame, we can fit them with your prescription lenses. Our selection includes a variety of lenses and they will vary in price depending on what your eyes need. We offer an array of choices to all customers, including those with astigmatism. Whether you are nearsighted, farsighted, or both, we work with you to get the perfect lens\\/frame combination for your unique eyesight.<\\/p><p>The Optical Shoppe is located in the Bocage Village shopping center with other local merchants including Dearman\'s and Calvin\'s grocery. If you lose your way, look for Le Madeline on the corner for a landmark.&nbsp;<\\/p>\",\"1\":\"We are a locally owned eyewear boutique with an exciting selection of classic, sophisticated eyewear. In business for over 30 years, the Optical Shoppe was the first luxury eyewear boutique in Baton Rouge.\",\"8\":\"225-926-2808\",\"7\":\"225-928-5798\",\"28\":[\"21\"],\"4\":\"The Optical Shoppe\"}}', '2014-03-19 21:48:46', '2014-03-19 21:48:46', '3e8ff15a-d6e0-451a-b031-9831eff89f82');
INSERT INTO `craft_entryversions` (`id`, `entryId`, `sectionId`, `creatorId`, `locale`, `notes`, `data`, `dateCreated`, `dateUpdated`, `uid`) VALUES ('13', '8', '6', '1', 'en_us', NULL, '{\"authorId\":\"1\",\"title\":\"Ray Ban Wayfarer Square\",\"slug\":\"sunglasses\",\"postDate\":1395007020,\"expiryDate\":null,\"enabled\":1,\"fields\":{\"33\":[],\"30\":\"RayBan\",\"29\":\"Ray Ban Wayfarer Square\",\"31\":\"135.00\",\"32\":\"j8dsjas9dE234\"}}', '2014-03-19 23:57:21', '2014-03-19 23:57:21', 'be5b6d0b-3309-40c7-9b5b-5e1dab55818a');
INSERT INTO `craft_entryversions` (`id`, `entryId`, `sectionId`, `creatorId`, `locale`, `notes`, `data`, `dateCreated`, `dateUpdated`, `uid`) VALUES ('14', '8', '6', '1', 'en_us', NULL, '{\"authorId\":\"1\",\"title\":\"Ray Ban Wayfarer Square\",\"slug\":\"sunglasses\",\"postDate\":1395007020,\"expiryDate\":null,\"enabled\":1,\"fields\":{\"33\":[],\"30\":\"RayBan\",\"29\":\"Ray Ban Wayfarer Square\",\"31\":\"135.00\",\"32\":\"j8dsjas9dE234\"}}', '2014-03-20 00:00:20', '2014-03-20 00:00:20', '95eb75be-d199-45c9-8c7e-102cebd09bda');
INSERT INTO `craft_entryversions` (`id`, `entryId`, `sectionId`, `creatorId`, `locale`, `notes`, `data`, `dateCreated`, `dateUpdated`, `uid`) VALUES ('15', '23', '6', '1', 'en_us', NULL, '{\"authorId\":\"1\",\"title\":\"Aviator TM Large Metal\",\"slug\":\"aviator-tm-large-metal\",\"postDate\":1395273665,\"expiryDate\":null,\"enabled\":1,\"fields\":{\"33\":[],\"30\":\"Aviator\",\"29\":\"Aviator TM Large Metal\",\"31\":\"165.00\",\"32\":\"88adsf7aw34k\"}}', '2014-03-20 00:01:06', '2014-03-20 00:01:06', '82037e9a-e8a0-460e-8b3d-372c45ce4eda');
INSERT INTO `craft_entryversions` (`id`, `entryId`, `sectionId`, `creatorId`, `locale`, `notes`, `data`, `dateCreated`, `dateUpdated`, `uid`) VALUES ('17', '8', '6', '1', 'en_us', NULL, '{\"authorId\":\"1\",\"title\":\"Ray Ban Wayfarer Square\",\"slug\":\"ray-ban-wayfarer-square\",\"postDate\":1395007020,\"expiryDate\":null,\"enabled\":1,\"fields\":{\"33\":[],\"30\":\"RayBan\",\"29\":\"Ray Ban Wayfarer Square\",\"31\":\"135.00\",\"32\":\"j8dsjas9dE234\"}}', '2014-03-20 00:02:51', '2014-03-20 00:02:51', '62af021c-da32-4a6d-b482-ab0ac3a79875');
INSERT INTO `craft_entryversions` (`id`, `entryId`, `sectionId`, `creatorId`, `locale`, `notes`, `data`, `dateCreated`, `dateUpdated`, `uid`) VALUES ('19', '23', '6', '1', 'en_us', NULL, '{\"authorId\":\"1\",\"title\":\"Aviator TM Large Metal\",\"slug\":\"aviator-tm-large-metal\",\"postDate\":1395273660,\"expiryDate\":null,\"enabled\":1,\"fields\":{\"33\":[],\"30\":\"Aviator\",\"29\":\"Aviator TM Large Metal\",\"31\":\"165.00\",\"32\":\"88adsf7aw34k\"}}', '2014-03-20 00:03:14', '2014-03-20 00:03:14', '4bd2a252-583b-409d-9ae9-78fcc5d319d1');
INSERT INTO `craft_entryversions` (`id`, `entryId`, `sectionId`, `creatorId`, `locale`, `notes`, `data`, `dateCreated`, `dateUpdated`, `uid`) VALUES ('20', '23', '6', '1', 'en_us', NULL, '{\"authorId\":\"1\",\"title\":\"Aviator TM Large Metal\",\"slug\":\"aviator-tm-large-metal\",\"postDate\":1395273660,\"expiryDate\":null,\"enabled\":1,\"fields\":{\"35\":[\"30\",\"29\",\"28\",\"27\",\"26\"],\"30\":\"Aviator\",\"29\":\"Aviator TM Large Metal\",\"31\":\"165.00\",\"32\":\"88adsf7aw34k\"}}', '2014-03-20 01:38:55', '2014-03-20 01:38:55', '082f90f3-be25-45e5-b814-2cd4f5ed93b9');
INSERT INTO `craft_entryversions` (`id`, `entryId`, `sectionId`, `creatorId`, `locale`, `notes`, `data`, `dateCreated`, `dateUpdated`, `uid`) VALUES ('21', '31', '6', '1', 'en_us', NULL, '{\"authorId\":\"1\",\"title\":\"Sunglasses\",\"slug\":\"sunglasses\",\"postDate\":1395280042,\"expiryDate\":null,\"enabled\":1,\"fields\":[]}', '2014-03-20 01:47:22', '2014-03-20 01:47:22', '65a0b4a5-9621-41f4-9a5b-8ce50cc3eb7f');
INSERT INTO `craft_entryversions` (`id`, `entryId`, `sectionId`, `creatorId`, `locale`, `notes`, `data`, `dateCreated`, `dateUpdated`, `uid`) VALUES ('22', '32', '6', '1', 'en_us', NULL, '{\"authorId\":\"1\",\"title\":\"Eyeglasses\",\"slug\":\"eyeglasses\",\"postDate\":1395280078,\"expiryDate\":null,\"enabled\":1,\"fields\":[]}', '2014-03-20 01:47:58', '2014-03-20 01:47:58', '80542698-2ec4-4a09-90aa-73f6307f35ab');
INSERT INTO `craft_entryversions` (`id`, `entryId`, `sectionId`, `creatorId`, `locale`, `notes`, `data`, `dateCreated`, `dateUpdated`, `uid`) VALUES ('23', '33', '6', '1', 'en_us', NULL, '{\"authorId\":\"1\",\"title\":\"Some Eyeglass\",\"slug\":\"some-eyeglass\",\"postDate\":1395280115,\"expiryDate\":null,\"enabled\":1,\"fields\":{\"35\":\"\",\"30\":\"Calvin Klein\",\"29\":\"Some Eyeglass\",\"31\":\"55.00\",\"32\":\"234df934\"}}', '2014-03-20 01:48:35', '2014-03-20 01:48:35', '06f37cab-a48a-4212-8438-61b98d98a7c1');
INSERT INTO `craft_entryversions` (`id`, `entryId`, `sectionId`, `creatorId`, `locale`, `notes`, `data`, `dateCreated`, `dateUpdated`, `uid`) VALUES ('24', '33', '6', '1', 'en_us', NULL, '{\"authorId\":\"1\",\"title\":\"Some Eyeglasses\",\"slug\":\"some-eyeglass\",\"postDate\":1395280080,\"expiryDate\":null,\"enabled\":1,\"fields\":{\"35\":\"\",\"30\":\"Calvin Klein\",\"29\":\"Some Eyeglasses\",\"31\":\"55.00\",\"32\":\"234df934\"}}', '2014-03-20 01:49:10', '2014-03-20 01:49:10', '2f6da446-fb68-4d15-847f-48b43528cde8');
INSERT INTO `craft_entryversions` (`id`, `entryId`, `sectionId`, `creatorId`, `locale`, `notes`, `data`, `dateCreated`, `dateUpdated`, `uid`) VALUES ('25', '31', '6', '1', 'en_us', NULL, '{\"authorId\":\"1\",\"title\":\"Sunglasses\",\"slug\":\"sunglasses\",\"postDate\":1395280020,\"expiryDate\":null,\"enabled\":1,\"fields\":{\"16\":[{\"id\":null,\"enabled\":1,\"archived\":0,\"locale\":\"en_us\",\"uri\":null,\"dateCreated\":null,\"dateUpdated\":null,\"fieldId\":\"16\",\"ownerId\":\"31\",\"typeId\":\"1\",\"sortOrder\":1},{\"id\":null,\"enabled\":1,\"archived\":0,\"locale\":\"en_us\",\"uri\":null,\"dateCreated\":null,\"dateUpdated\":null,\"fieldId\":\"16\",\"ownerId\":\"31\",\"typeId\":\"1\",\"sortOrder\":2},{\"id\":null,\"enabled\":1,\"archived\":0,\"locale\":\"en_us\",\"uri\":null,\"dateCreated\":null,\"dateUpdated\":null,\"fieldId\":\"16\",\"ownerId\":\"31\",\"typeId\":\"1\",\"sortOrder\":3},{\"id\":null,\"enabled\":1,\"archived\":0,\"locale\":\"en_us\",\"uri\":null,\"dateCreated\":null,\"dateUpdated\":null,\"fieldId\":\"16\",\"ownerId\":\"31\",\"typeId\":\"1\",\"sortOrder\":4},{\"id\":null,\"enabled\":1,\"archived\":0,\"locale\":\"en_us\",\"uri\":null,\"dateCreated\":null,\"dateUpdated\":null,\"fieldId\":\"16\",\"ownerId\":\"31\",\"typeId\":\"1\",\"sortOrder\":5},{\"id\":null,\"enabled\":1,\"archived\":0,\"locale\":\"en_us\",\"uri\":null,\"dateCreated\":null,\"dateUpdated\":null,\"fieldId\":\"16\",\"ownerId\":\"31\",\"typeId\":\"1\",\"sortOrder\":6},{\"id\":null,\"enabled\":1,\"archived\":0,\"locale\":\"en_us\",\"uri\":null,\"dateCreated\":null,\"dateUpdated\":null,\"fieldId\":\"16\",\"ownerId\":\"31\",\"typeId\":\"1\",\"sortOrder\":7},{\"id\":null,\"enabled\":1,\"archived\":0,\"locale\":\"en_us\",\"uri\":null,\"dateCreated\":null,\"dateUpdated\":null,\"fieldId\":\"16\",\"ownerId\":\"31\",\"typeId\":\"1\",\"sortOrder\":8},{\"id\":null,\"enabled\":1,\"archived\":0,\"locale\":\"en_us\",\"uri\":null,\"dateCreated\":null,\"dateUpdated\":null,\"fieldId\":\"16\",\"ownerId\":\"31\",\"typeId\":\"1\",\"sortOrder\":9}],\"19\":[{\"id\":null,\"enabled\":1,\"archived\":0,\"locale\":\"en_us\",\"uri\":null,\"dateCreated\":null,\"dateUpdated\":null,\"fieldId\":\"19\",\"ownerId\":\"31\",\"typeId\":\"2\",\"sortOrder\":1},{\"id\":null,\"enabled\":1,\"archived\":0,\"locale\":\"en_us\",\"uri\":null,\"dateCreated\":null,\"dateUpdated\":null,\"fieldId\":\"19\",\"ownerId\":\"31\",\"typeId\":\"2\",\"sortOrder\":2},{\"id\":null,\"enabled\":1,\"archived\":0,\"locale\":\"en_us\",\"uri\":null,\"dateCreated\":null,\"dateUpdated\":null,\"fieldId\":\"19\",\"ownerId\":\"31\",\"typeId\":\"2\",\"sortOrder\":3},{\"id\":null,\"enabled\":1,\"archived\":0,\"locale\":\"en_us\",\"uri\":null,\"dateCreated\":null,\"dateUpdated\":null,\"fieldId\":\"19\",\"ownerId\":\"31\",\"typeId\":\"2\",\"sortOrder\":4},{\"id\":null,\"enabled\":1,\"archived\":0,\"locale\":\"en_us\",\"uri\":null,\"dateCreated\":null,\"dateUpdated\":null,\"fieldId\":\"19\",\"ownerId\":\"31\",\"typeId\":\"2\",\"sortOrder\":5},{\"id\":null,\"enabled\":1,\"archived\":0,\"locale\":\"en_us\",\"uri\":null,\"dateCreated\":null,\"dateUpdated\":null,\"fieldId\":\"19\",\"ownerId\":\"31\",\"typeId\":\"2\",\"sortOrder\":6},{\"id\":null,\"enabled\":1,\"archived\":0,\"locale\":\"en_us\",\"uri\":null,\"dateCreated\":null,\"dateUpdated\":null,\"fieldId\":\"19\",\"ownerId\":\"31\",\"typeId\":\"2\",\"sortOrder\":7},{\"id\":null,\"enabled\":1,\"archived\":0,\"locale\":\"en_us\",\"uri\":null,\"dateCreated\":null,\"dateUpdated\":null,\"fieldId\":\"19\",\"ownerId\":\"31\",\"typeId\":\"2\",\"sortOrder\":8}],\"15\":\"<p>The Optical Shoppe carries the following brands of eyeglasses. If you see something not listed, please contact us, we are always looking to improve our selection!<\\/p>\"}}', '2014-03-20 09:37:57', '2014-03-20 09:37:57', 'd367b94b-f364-45a2-b2ee-864691617fa6');
INSERT INTO `craft_entryversions` (`id`, `entryId`, `sectionId`, `creatorId`, `locale`, `notes`, `data`, `dateCreated`, `dateUpdated`, `uid`) VALUES ('26', '23', '6', '1', 'en_us', NULL, '{\"authorId\":\"1\",\"title\":\"Aviator TM Large Metal\",\"slug\":\"aviator-tm-large-metal\",\"postDate\":1395273660,\"expiryDate\":null,\"enabled\":1,\"fields\":{\"35\":[\"30\",\"29\",\"28\",\"27\",\"26\"],\"30\":\"Aviator\",\"29\":\"Aviator TM Large Metal\",\"31\":\"165.00\",\"32\":\"88adsf7aw34k\",\"28\":[\"30\"]}}', '2014-03-20 09:53:46', '2014-03-20 09:53:46', '75033977-6a53-4beb-bfd7-dca3795455b0');
INSERT INTO `craft_entryversions` (`id`, `entryId`, `sectionId`, `creatorId`, `locale`, `notes`, `data`, `dateCreated`, `dateUpdated`, `uid`) VALUES ('27', '8', '6', '1', 'en_us', NULL, '{\"authorId\":\"1\",\"title\":\"Ray Ban Wayfarer Square\",\"slug\":\"ray-ban-wayfarer-square\",\"postDate\":1395007020,\"expiryDate\":null,\"enabled\":1,\"fields\":{\"35\":\"\",\"30\":\"RayBan\",\"29\":\"Ray Ban Wayfarer Square\",\"31\":\"135.00\",\"32\":\"j8dsjas9dE234\",\"28\":[\"29\"]}}', '2014-03-20 09:56:20', '2014-03-20 09:56:20', 'bb77a0f2-0ae7-4dbb-bfee-83bec85148da');
INSERT INTO `craft_entryversions` (`id`, `entryId`, `sectionId`, `creatorId`, `locale`, `notes`, `data`, `dateCreated`, `dateUpdated`, `uid`) VALUES ('28', '8', '6', '1', 'en_us', NULL, '{\"authorId\":\"1\",\"title\":\"Ray Ban Wayfarer Square\",\"slug\":\"ray-ban-wayfarer-square\",\"postDate\":1395007020,\"expiryDate\":null,\"enabled\":1,\"fields\":{\"35\":[\"30\",\"29\",\"28\",\"27\",\"26\"],\"30\":\"RayBan\",\"29\":\"Ray Ban Wayfarer Square\",\"31\":\"135.00\",\"32\":\"j8dsjas9dE234\",\"28\":[\"29\"]}}', '2014-03-20 12:49:30', '2014-03-20 12:49:30', '59449562-20f7-409e-9376-35cd85d1a3bc');
INSERT INTO `craft_entryversions` (`id`, `entryId`, `sectionId`, `creatorId`, `locale`, `notes`, `data`, `dateCreated`, `dateUpdated`, `uid`) VALUES ('29', '8', '6', '1', 'en_us', NULL, '{\"authorId\":\"1\",\"title\":\"Ray Ban Wayfarer Square\",\"slug\":\"ray-ban-wayfarer-square\",\"postDate\":1395007020,\"expiryDate\":null,\"enabled\":1,\"fields\":{\"2\":\"<p>Ray-Ban\\u00ae Wayfarer\\u00ae Square RB2151 sunglasses are a more rigid, modern interpretation of the iconic Wayfarer shape. The Ray-Ban sunglasses feature the embossed Ray-Ban signature logo on the temples as well as a signature logo printed on the lenses of this unisex style. With these distinct lines, Wayfarer Square RB2151 sunglasses manage a more sophisticated look without compromising the unmistakable identity of the Original Wayfarer. The Wayfarer Square sunglasses are prescription friendly.<\\/p>\",\"35\":[\"30\",\"29\",\"28\",\"27\",\"26\"],\"30\":\"RayBan\",\"29\":\"Ray Ban Wayfarer Square\",\"31\":\"135.00\",\"32\":\"j8dsjas9dE234\",\"28\":[\"29\"]}}', '2014-03-20 13:15:56', '2014-03-20 13:15:56', '483accec-9974-4dc4-9356-3b7c2af4238e');
INSERT INTO `craft_entryversions` (`id`, `entryId`, `sectionId`, `creatorId`, `locale`, `notes`, `data`, `dateCreated`, `dateUpdated`, `uid`) VALUES ('30', '8', '6', '1', 'en_us', NULL, '{\"authorId\":\"1\",\"title\":\"Ray Ban Wayfarer Square\",\"slug\":\"ray-ban-wayfarer-square\",\"postDate\":1395007020,\"expiryDate\":null,\"enabled\":1,\"fields\":{\"2\":\"<p>Ray-Ban\\u00ae Wayfarer\\u00ae Square RB2151 sunglasses are a more rigid, modern interpretation of the iconic Wayfarer shape. The Ray-Ban sunglasses feature the embossed Ray-Ban signature logo on the temples as well as a signature logo printed on the lenses of this unisex style. With these distinct lines, Wayfarer Square RB2151 sunglasses manage a more sophisticated look without compromising the unmistakable identity of the Original Wayfarer. The Wayfarer Square sunglasses are prescription friendly.<\\/p>\",\"35\":[\"30\",\"29\",\"28\",\"27\",\"26\"],\"30\":\"RayBan\",\"29\":\"Ray Ban Wayfarer Square\",\"31\":\"135.00\",\"32\":\"j8dsjas9dE234\",\"28\":[\"29\"]}}', '2014-03-20 13:16:17', '2014-03-20 13:16:17', 'a6e20ced-013c-4d15-8e77-27870f8c8a26');
INSERT INTO `craft_entryversions` (`id`, `entryId`, `sectionId`, `creatorId`, `locale`, `notes`, `data`, `dateCreated`, `dateUpdated`, `uid`) VALUES ('31', '8', '6', '1', 'en_us', NULL, '{\"authorId\":\"1\",\"title\":\"Ray Ban Wayfarer Square\",\"slug\":\"ray-ban-wayfarer-square\",\"postDate\":1395007020,\"expiryDate\":null,\"enabled\":1,\"fields\":{\"2\":\"<p>Ray-Ban\\u00ae Wayfarer\\u00ae Square RB2151 sunglasses are a more rigid, modern interpretation of the iconic Wayfarer shape. The Ray-Ban sunglasses feature the embossed Ray-Ban signature logo on the temples as well as a signature logo printed on the lenses of this unisex style. With these distinct lines, Wayfarer Square RB2151 sunglasses manage a more sophisticated look without compromising the unmistakable identity of the Original Wayfarer. The Wayfarer Square sunglasses are prescription friendly.<\\/p>\",\"35\":[\"30\",\"29\",\"28\",\"27\",\"26\"],\"30\":\"RayBan\",\"29\":\"Ray Ban Wayfarer Square\",\"31\":\"135.00\",\"32\":\"j8dsjas9dE234\",\"28\":[\"29\"],\"40\":[\"new:Calvin Klein\"]}}', '2014-03-20 14:36:00', '2014-03-20 14:36:00', '55b18721-1b45-4dce-ad36-b607aeb869cf');
INSERT INTO `craft_entryversions` (`id`, `entryId`, `sectionId`, `creatorId`, `locale`, `notes`, `data`, `dateCreated`, `dateUpdated`, `uid`) VALUES ('32', '23', '6', '1', 'en_us', NULL, '{\"authorId\":\"1\",\"title\":\"Aviator TM Large Metal\",\"slug\":\"aviator-tm-large-metal\",\"postDate\":1395273660,\"expiryDate\":null,\"enabled\":1,\"fields\":{\"2\":\"\",\"35\":[\"30\",\"29\",\"28\",\"27\",\"26\"],\"30\":\"Aviator\",\"29\":\"Aviator TM Large Metal\",\"31\":\"165.00\",\"32\":\"88adsf7aw34k\",\"28\":[\"30\"],\"40\":[\"53\"]}}', '2014-03-20 14:36:29', '2014-03-20 14:36:29', '425f24b5-ff8f-499e-88ce-38f8198c75cf');
INSERT INTO `craft_entryversions` (`id`, `entryId`, `sectionId`, `creatorId`, `locale`, `notes`, `data`, `dateCreated`, `dateUpdated`, `uid`) VALUES ('33', '55', '7', '1', 'en_us', NULL, '{\"authorId\":\"1\",\"title\":\"Ray Ban\",\"slug\":\"rayban\",\"postDate\":1395327186,\"expiryDate\":null,\"enabled\":1,\"fields\":[]}', '2014-03-20 14:53:06', '2014-03-20 14:53:06', '83b386bb-e934-43c5-823e-8af5862db4ae');
INSERT INTO `craft_entryversions` (`id`, `entryId`, `sectionId`, `creatorId`, `locale`, `notes`, `data`, `dateCreated`, `dateUpdated`, `uid`) VALUES ('34', '55', '7', '1', 'en_us', NULL, '{\"authorId\":\"1\",\"title\":\"Ray Ban\",\"slug\":\"rayban\",\"postDate\":1395327180,\"expiryDate\":null,\"enabled\":1,\"fields\":{\"2\":\"<p>Ray-Ban\\u00ae sunglasses are one of the most popular brands on the market.  The Optical Shoppe carries some of the most popular Ray-Ban frames and sunglasses in Baton Rouge.   Please do not hesitate to contact us or come by to see our large selection of Ray-Bans, including our custom optical lenses that can ordered to match your prescription.<\\/p>\",\"36\":[{\"id\":null,\"enabled\":0,\"archived\":0,\"locale\":\"en_us\",\"uri\":null,\"dateCreated\":null,\"dateUpdated\":null,\"fieldId\":\"36\",\"ownerId\":\"55\",\"typeId\":\"4\",\"sortOrder\":1}]}}', '2014-03-20 14:54:43', '2014-03-20 14:54:43', '82b4d6d8-1142-4366-9ab2-1811e6f94e7e');
INSERT INTO `craft_entryversions` (`id`, `entryId`, `sectionId`, `creatorId`, `locale`, `notes`, `data`, `dateCreated`, `dateUpdated`, `uid`) VALUES ('35', '8', '6', '1', 'en_us', NULL, '{\"authorId\":\"1\",\"title\":\"Ray Ban Wayfarer Square\",\"slug\":\"ray-ban-wayfarer-square\",\"postDate\":1395007020,\"expiryDate\":null,\"enabled\":1,\"fields\":{\"2\":\"<p>Ray-Ban\\u00ae Wayfarer\\u00ae Square RB2151 sunglasses are a more rigid, modern interpretation of the iconic Wayfarer shape. The Ray-Ban sunglasses feature the embossed Ray-Ban signature logo on the temples as well as a signature logo printed on the lenses of this unisex style. With these distinct lines, Wayfarer Square RB2151 sunglasses manage a more sophisticated look without compromising the unmistakable identity of the Original Wayfarer. The Wayfarer Square sunglasses are prescription friendly.<\\/p>\",\"35\":[\"30\",\"29\",\"28\",\"27\",\"26\"],\"30\":\"RayBan\",\"41\":[\"55\"],\"29\":\"Ray Ban Wayfarer Square\",\"31\":\"135.00\",\"32\":\"j8dsjas9dE234\",\"28\":[\"29\"],\"40\":[\"53\"]}}', '2014-03-20 14:55:01', '2014-03-20 14:55:01', 'fa438d65-3bac-4979-b087-030b9a8d6040');
INSERT INTO `craft_entryversions` (`id`, `entryId`, `sectionId`, `creatorId`, `locale`, `notes`, `data`, `dateCreated`, `dateUpdated`, `uid`) VALUES ('36', '8', '6', '1', 'en_us', NULL, '{\"authorId\":\"1\",\"title\":\"Ray Ban Wayfarer Square\",\"slug\":\"ray-ban-wayfarer-square\",\"postDate\":1395007020,\"expiryDate\":null,\"enabled\":1,\"fields\":{\"2\":\"<p>Ray-Ban\\u00ae Wayfarer\\u00ae Square RB2151 sunglasses are a more rigid, modern interpretation of the iconic Wayfarer shape. The Ray-Ban sunglasses feature the embossed Ray-Ban signature logo on the temples as well as a signature logo printed on the lenses of this unisex style. With these distinct lines, Wayfarer Square RB2151 sunglasses manage a more sophisticated look without compromising the unmistakable identity of the Original Wayfarer. The Wayfarer Square sunglasses are prescription friendly.<\\/p>\",\"40\":[\"57\"],\"35\":[\"30\",\"29\",\"28\",\"27\",\"26\"],\"29\":\"Ray Ban Wayfarer Square\",\"31\":\"135.00\",\"32\":\"j8dsjas9dE234\",\"28\":[\"29\"]}}', '2014-03-20 16:03:40', '2014-03-20 16:03:40', 'd2ce4a09-ca14-402e-b760-47dff2dc5a26');
INSERT INTO `craft_entryversions` (`id`, `entryId`, `sectionId`, `creatorId`, `locale`, `notes`, `data`, `dateCreated`, `dateUpdated`, `uid`) VALUES ('37', '23', '6', '1', 'en_us', NULL, '{\"authorId\":\"1\",\"title\":\"Aviator TM Large Metal\",\"slug\":\"aviator-tm-large-metal\",\"postDate\":1395273660,\"expiryDate\":null,\"enabled\":1,\"fields\":{\"2\":\"\",\"40\":[\"59\"],\"35\":[\"30\",\"29\",\"28\",\"27\",\"26\"],\"29\":\"Aviator TM Large Metal\",\"31\":\"165.00\",\"32\":\"88adsf7aw34k\",\"28\":[\"30\"]}}', '2014-03-20 16:04:19', '2014-03-20 16:04:19', '799ce837-d3d1-4e36-9d17-81d9eeaadcf7');
INSERT INTO `craft_entryversions` (`id`, `entryId`, `sectionId`, `creatorId`, `locale`, `notes`, `data`, `dateCreated`, `dateUpdated`, `uid`) VALUES ('38', '23', '6', '1', 'en_us', NULL, '{\"authorId\":\"1\",\"title\":\"Aviator TM Large Metal\",\"slug\":\"aviator-tm-large-metal\",\"postDate\":1395273660,\"expiryDate\":null,\"enabled\":1,\"fields\":{\"2\":\"\",\"40\":[\"59\"],\"35\":[\"30\",\"29\",\"28\",\"27\",\"26\"],\"29\":\"Aviator TM Large Metal\",\"31\":\"165.00\",\"32\":\"88adsf7aw34k\",\"28\":[\"30\"]}}', '2014-03-20 17:17:14', '2014-03-20 17:17:14', 'd9490677-bfb9-4fe9-9e9f-5738e1592dc2');
INSERT INTO `craft_entryversions` (`id`, `entryId`, `sectionId`, `creatorId`, `locale`, `notes`, `data`, `dateCreated`, `dateUpdated`, `uid`) VALUES ('39', '23', '6', '1', 'en_us', NULL, '{\"authorId\":\"1\",\"title\":\"Aviator TM Large Metal\",\"slug\":\"aviator-tm-large-metal\",\"postDate\":1395273660,\"expiryDate\":null,\"enabled\":1,\"fields\":{\"2\":\"<p>The classic since the late 1960\'s. This is example text, something you should replace before we launch this website on April 1st. Of course it is not going to be the April\'s fools for us.&nbsp;<\\/p>\",\"40\":[\"59\"],\"35\":[\"30\",\"29\",\"28\",\"27\",\"26\"],\"29\":\"Aviator TM Large Metal\",\"31\":\"165.00\",\"32\":\"88adsf7aw34k\",\"28\":[\"30\"]}}', '2014-03-20 17:19:08', '2014-03-20 17:19:08', '29981ec5-6f98-4edf-bac2-edc794c2363f');
INSERT INTO `craft_entryversions` (`id`, `entryId`, `sectionId`, `creatorId`, `locale`, `notes`, `data`, `dateCreated`, `dateUpdated`, `uid`) VALUES ('40', '2', '1', '1', 'en_us', NULL, '{\"authorId\":null,\"title\":\"Frames\",\"slug\":\"homepage\",\"postDate\":1395254159,\"expiryDate\":null,\"enabled\":1,\"fields\":{\"2\":\"<p>Need an adjustment? Just stop by! If you ever sit on your glasses or bend them out of shape, make sure not to try to bend them back yourself, as we use specialized equipment in the shop to restore your frames to their natural shape!<\\/p>\",\"1\":\"We service everything we sell for the lifetime of the frame for FREE.\",\"16\":[{\"id\":\"11\",\"enabled\":1,\"archived\":\"0\",\"locale\":\"en_us\",\"uri\":null,\"dateCreated\":\"2014-03-19 19:33:34\",\"dateUpdated\":\"2014-03-19 21:22:22\",\"fieldId\":\"16\",\"ownerId\":\"2\",\"typeId\":\"1\",\"sortOrder\":1},{\"id\":\"12\",\"enabled\":1,\"archived\":\"0\",\"locale\":\"en_us\",\"uri\":null,\"dateCreated\":\"2014-03-19 19:33:34\",\"dateUpdated\":\"2014-03-19 21:22:22\",\"fieldId\":\"16\",\"ownerId\":\"2\",\"typeId\":\"1\",\"sortOrder\":2},{\"id\":\"13\",\"enabled\":1,\"archived\":\"0\",\"locale\":\"en_us\",\"uri\":null,\"dateCreated\":\"2014-03-19 19:33:34\",\"dateUpdated\":\"2014-03-19 21:22:22\",\"fieldId\":\"16\",\"ownerId\":\"2\",\"typeId\":\"1\",\"sortOrder\":3},{\"id\":\"14\",\"enabled\":1,\"archived\":\"0\",\"locale\":\"en_us\",\"uri\":null,\"dateCreated\":\"2014-03-19 19:33:34\",\"dateUpdated\":\"2014-03-19 21:22:22\",\"fieldId\":\"16\",\"ownerId\":\"2\",\"typeId\":\"1\",\"sortOrder\":4}],\"19\":[{\"id\":\"15\",\"enabled\":1,\"archived\":\"0\",\"locale\":\"en_us\",\"uri\":null,\"dateCreated\":\"2014-03-19 20:00:15\",\"dateUpdated\":\"2014-03-19 21:22:22\",\"fieldId\":\"19\",\"ownerId\":\"2\",\"typeId\":\"2\",\"sortOrder\":1},{\"id\":\"16\",\"enabled\":1,\"archived\":\"0\",\"locale\":\"en_us\",\"uri\":null,\"dateCreated\":\"2014-03-19 20:00:15\",\"dateUpdated\":\"2014-03-19 21:22:22\",\"fieldId\":\"19\",\"ownerId\":\"2\",\"typeId\":\"2\",\"sortOrder\":2},{\"id\":\"17\",\"enabled\":1,\"archived\":\"0\",\"locale\":\"en_us\",\"uri\":null,\"dateCreated\":\"2014-03-19 20:00:15\",\"dateUpdated\":\"2014-03-19 21:22:22\",\"fieldId\":\"19\",\"ownerId\":\"2\",\"typeId\":\"2\",\"sortOrder\":3},{\"id\":\"18\",\"enabled\":1,\"archived\":\"0\",\"locale\":\"en_us\",\"uri\":null,\"dateCreated\":\"2014-03-19 20:00:15\",\"dateUpdated\":\"2014-03-19 21:22:22\",\"fieldId\":\"19\",\"ownerId\":\"2\",\"typeId\":\"2\",\"sortOrder\":4}],\"22\":[{\"id\":\"19\",\"enabled\":1,\"archived\":\"0\",\"locale\":\"en_us\",\"uri\":null,\"dateCreated\":\"2014-03-19 21:22:22\",\"dateUpdated\":\"2014-03-19 21:22:22\",\"fieldId\":\"22\",\"ownerId\":\"2\",\"typeId\":\"3\",\"sortOrder\":1},{\"id\":\"20\",\"enabled\":1,\"archived\":\"0\",\"locale\":\"en_us\",\"uri\":null,\"dateCreated\":\"2014-03-19 21:22:22\",\"dateUpdated\":\"2014-03-19 21:22:22\",\"fieldId\":\"22\",\"ownerId\":\"2\",\"typeId\":\"3\",\"sortOrder\":2}],\"15\":\"<p><strong><em>Interested in the top Eyewear lines? <\\/em><\\/strong>Check out our brands exclusive to our store in Baton Rouge!<\\/p>\"}}', '2014-03-20 19:08:23', '2014-03-20 19:08:23', '4c97c669-8103-46c3-b5d1-7b811d4c9fa7');
INSERT INTO `craft_entryversions` (`id`, `entryId`, `sectionId`, `creatorId`, `locale`, `notes`, `data`, `dateCreated`, `dateUpdated`, `uid`) VALUES ('41', '8', '6', '1', 'en_us', NULL, '{\"authorId\":\"1\",\"title\":\"Ray Ban Wayfarer Square\",\"slug\":\"ray-ban-wayfarer-square\",\"postDate\":1395007020,\"expiryDate\":null,\"enabled\":1,\"fields\":{\"2\":\"<p>Ray-Ban\\u00ae Wayfarer\\u00ae Square RB2151 sunglasses are a more rigid, modern interpretation of the iconic Wayfarer shape. The Ray-Ban sunglasses feature the embossed Ray-Ban signature logo on the temples as well as a signature logo printed on the lenses of this unisex style. With these distinct lines, Wayfarer Square RB2151 sunglasses manage a more sophisticated look without compromising the unmistakable identity of the Original Wayfarer. The Wayfarer Square sunglasses are prescription friendly.<\\/p>\",\"40\":[\"57\"],\"35\":[\"61\",\"30\",\"29\",\"28\",\"27\",\"26\"],\"29\":\"Ray Ban Wayfarer Square\",\"31\":\"135.00\",\"32\":\"j8dsjas9dE234\",\"28\":[\"29\"]}}', '2014-03-20 19:51:26', '2014-03-20 19:51:26', '07e7bd20-a948-411d-a4f8-d25519f00c99');
INSERT INTO `craft_entryversions` (`id`, `entryId`, `sectionId`, `creatorId`, `locale`, `notes`, `data`, `dateCreated`, `dateUpdated`, `uid`) VALUES ('42', '8', '6', '1', 'en_us', NULL, '{\"authorId\":\"1\",\"title\":\"Ray Ban Wayfarer Square\",\"slug\":\"ray-ban-wayfarer-square\",\"postDate\":1395007020,\"expiryDate\":null,\"enabled\":1,\"fields\":{\"2\":\"<p>Ray-Ban\\u00ae Wayfarer\\u00ae Square RB2151 sunglasses are a more rigid, modern interpretation of the iconic Wayfarer shape. The Ray-Ban sunglasses feature the embossed Ray-Ban signature logo on the temples as well as a signature logo printed on the lenses of this unisex style. With these distinct lines, Wayfarer Square RB2151 sunglasses manage a more sophisticated look without compromising the unmistakable identity of the Original Wayfarer. The Wayfarer Square sunglasses are prescription friendly.<\\/p>\",\"40\":[\"57\"],\"35\":[\"61\",\"28\",\"27\",\"26\"],\"29\":\"Ray Ban Wayfarer Square\",\"31\":\"135.00\",\"32\":\"j8dsjas9dE234\",\"28\":[\"29\"]}}', '2014-03-20 19:54:58', '2014-03-20 19:54:58', 'b4cc87d6-b9b4-4368-8b3f-7372c7a210bd');
INSERT INTO `craft_entryversions` (`id`, `entryId`, `sectionId`, `creatorId`, `locale`, `notes`, `data`, `dateCreated`, `dateUpdated`, `uid`) VALUES ('43', '2', '1', '1', 'en_us', NULL, '{\"authorId\":null,\"title\":\"Frames\",\"slug\":\"homepage\",\"postDate\":1395254159,\"expiryDate\":null,\"enabled\":1,\"fields\":{\"2\":\"<p>Need an adjustment? Just stop by! If you ever sit on your glasses or bend them out of shape, make sure not to try to bend them back yourself, as we use specialized equipment in the shop to restore your frames to their natural shape!<\\/p>\",\"1\":\"We service everything we sell for the lifetime of the frame for FREE.\",\"16\":[{\"id\":\"11\",\"enabled\":1,\"archived\":\"0\",\"locale\":\"en_us\",\"uri\":null,\"dateCreated\":\"2014-03-19 19:33:34\",\"dateUpdated\":\"2014-03-20 19:08:23\",\"fieldId\":\"16\",\"ownerId\":\"2\",\"typeId\":\"1\",\"sortOrder\":1},{\"id\":\"12\",\"enabled\":1,\"archived\":\"0\",\"locale\":\"en_us\",\"uri\":null,\"dateCreated\":\"2014-03-19 19:33:34\",\"dateUpdated\":\"2014-03-20 19:08:23\",\"fieldId\":\"16\",\"ownerId\":\"2\",\"typeId\":\"1\",\"sortOrder\":2},{\"id\":\"13\",\"enabled\":1,\"archived\":\"0\",\"locale\":\"en_us\",\"uri\":null,\"dateCreated\":\"2014-03-19 19:33:34\",\"dateUpdated\":\"2014-03-20 19:08:23\",\"fieldId\":\"16\",\"ownerId\":\"2\",\"typeId\":\"1\",\"sortOrder\":3},{\"id\":\"14\",\"enabled\":1,\"archived\":\"0\",\"locale\":\"en_us\",\"uri\":null,\"dateCreated\":\"2014-03-19 19:33:34\",\"dateUpdated\":\"2014-03-20 19:08:23\",\"fieldId\":\"16\",\"ownerId\":\"2\",\"typeId\":\"1\",\"sortOrder\":4}],\"19\":[{\"id\":\"15\",\"enabled\":1,\"archived\":\"0\",\"locale\":\"en_us\",\"uri\":null,\"dateCreated\":\"2014-03-19 20:00:15\",\"dateUpdated\":\"2014-03-20 19:08:23\",\"fieldId\":\"19\",\"ownerId\":\"2\",\"typeId\":\"2\",\"sortOrder\":1},{\"id\":\"16\",\"enabled\":1,\"archived\":\"0\",\"locale\":\"en_us\",\"uri\":null,\"dateCreated\":\"2014-03-19 20:00:15\",\"dateUpdated\":\"2014-03-20 19:08:23\",\"fieldId\":\"19\",\"ownerId\":\"2\",\"typeId\":\"2\",\"sortOrder\":2},{\"id\":\"17\",\"enabled\":1,\"archived\":\"0\",\"locale\":\"en_us\",\"uri\":null,\"dateCreated\":\"2014-03-19 20:00:15\",\"dateUpdated\":\"2014-03-20 19:08:23\",\"fieldId\":\"19\",\"ownerId\":\"2\",\"typeId\":\"2\",\"sortOrder\":3},{\"id\":\"18\",\"enabled\":1,\"archived\":\"0\",\"locale\":\"en_us\",\"uri\":null,\"dateCreated\":\"2014-03-19 20:00:15\",\"dateUpdated\":\"2014-03-20 19:08:23\",\"fieldId\":\"19\",\"ownerId\":\"2\",\"typeId\":\"2\",\"sortOrder\":4}],\"22\":[{\"id\":\"19\",\"enabled\":1,\"archived\":\"0\",\"locale\":\"en_us\",\"uri\":null,\"dateCreated\":\"2014-03-19 21:22:22\",\"dateUpdated\":\"2014-03-20 19:08:23\",\"fieldId\":\"22\",\"ownerId\":\"2\",\"typeId\":\"3\",\"sortOrder\":1},{\"id\":\"20\",\"enabled\":1,\"archived\":\"0\",\"locale\":\"en_us\",\"uri\":null,\"dateCreated\":\"2014-03-19 21:22:22\",\"dateUpdated\":\"2014-03-20 19:08:23\",\"fieldId\":\"22\",\"ownerId\":\"2\",\"typeId\":\"3\",\"sortOrder\":2}],\"15\":\"<p><strong><em>Interested in the top Eyewear lines? <\\/em><\\/strong>Check out our brands exclusive to our store in Baton Rouge!<\\/p>\"}}', '2014-03-20 20:10:31', '2014-03-20 20:10:31', '67c06a96-8d8f-4c01-b776-71b63fa3eae8');



--
-- Schema for table `craft_fieldgroups`
--

DROP TABLE IF EXISTS `craft_fieldgroups`;

CREATE TABLE `craft_fieldgroups` (
  `id` int(11) NOT NULL AUTO_INCREMENT,
  `name` varchar(255) COLLATE utf8_unicode_ci NOT NULL,
  `dateCreated` datetime NOT NULL,
  `dateUpdated` datetime NOT NULL,
  `uid` char(36) COLLATE utf8_unicode_ci NOT NULL DEFAULT '0',
  PRIMARY KEY (`id`),
  UNIQUE KEY `craft_fieldgroups_name_unq_idx` (`name`)
) ENGINE=InnoDB AUTO_INCREMENT=11 DEFAULT CHARSET=utf8 COLLATE=utf8_unicode_ci;

--
-- Data for table `craft_fieldgroups`
--

INSERT INTO `craft_fieldgroups` (`id`, `name`, `dateCreated`, `dateUpdated`, `uid`) VALUES ('1', 'General Text', '2014-03-15 17:07:16', '2014-03-19 18:27:01', 'df9afec0-30a0-400d-b856-6906722ed2e9');
INSERT INTO `craft_fieldgroups` (`id`, `name`, `dateCreated`, `dateUpdated`, `uid`) VALUES ('2', 'Globals', '2014-03-16 21:48:33', '2014-03-20 14:28:12', '273295b7-be8b-46cc-a954-746c6a9e3050');
INSERT INTO `craft_fieldgroups` (`id`, `name`, `dateCreated`, `dateUpdated`, `uid`) VALUES ('4', 'Bottom Sidebar', '2014-03-19 15:08:14', '2014-03-19 15:11:05', 'bbb82916-eff1-4a8c-8318-43aca2a37c53');
INSERT INTO `craft_fieldgroups` (`id`, `name`, `dateCreated`, `dateUpdated`, `uid`) VALUES ('5', 'Contact Information', '2014-03-19 15:12:23', '2014-03-19 15:12:23', 'd87d6812-eb99-417b-9b44-908c43da25c8');
INSERT INTO `craft_fieldgroups` (`id`, `name`, `dateCreated`, `dateUpdated`, `uid`) VALUES ('6', 'Components', '2014-03-19 19:24:50', '2014-03-19 21:16:38', '4105bfdc-5a47-4d70-bf5c-78ae83b838e4');
INSERT INTO `craft_fieldgroups` (`id`, `name`, `dateCreated`, `dateUpdated`, `uid`) VALUES ('7', 'Merch Info', '2014-03-19 23:36:09', '2014-03-19 23:46:33', 'fc0ea19d-4e39-46c9-bd08-27d668bfeed6');
INSERT INTO `craft_fieldgroups` (`id`, `name`, `dateCreated`, `dateUpdated`, `uid`) VALUES ('9', 'Menu', '2014-03-20 17:55:21', '2014-03-20 17:55:21', '814f07dc-e768-414f-ac5d-f68763cd21b8');
INSERT INTO `craft_fieldgroups` (`id`, `name`, `dateCreated`, `dateUpdated`, `uid`) VALUES ('10', 'Hours List', '2014-03-20 20:11:58', '2014-03-20 20:11:58', '20709a5d-e7e6-4e47-bd31-a5bba00fe89c');



--
-- Schema for table `craft_fieldlayoutfields`
--

DROP TABLE IF EXISTS `craft_fieldlayoutfields`;

CREATE TABLE `craft_fieldlayoutfields` (
  `id` int(11) NOT NULL AUTO_INCREMENT,
  `layoutId` int(11) NOT NULL,
  `tabId` int(11) DEFAULT NULL,
  `fieldId` int(11) NOT NULL,
  `required` tinyint(1) unsigned NOT NULL DEFAULT '0',
  `sortOrder` tinyint(4) DEFAULT NULL,
  `dateCreated` datetime NOT NULL,
  `dateUpdated` datetime NOT NULL,
  `uid` char(36) COLLATE utf8_unicode_ci NOT NULL DEFAULT '0',
  PRIMARY KEY (`id`),
  UNIQUE KEY `craft_fieldlayoutfields_layoutId_fieldId_unq_idx` (`layoutId`,`fieldId`),
  KEY `craft_fieldlayoutfields_sortOrder_idx` (`sortOrder`),
  KEY `craft_fieldlayoutfields_tabId_fk` (`tabId`),
  KEY `craft_fieldlayoutfields_fieldId_fk` (`fieldId`)
) ENGINE=InnoDB AUTO_INCREMENT=187 DEFAULT CHARSET=utf8 COLLATE=utf8_unicode_ci;

--
-- Data for table `craft_fieldlayoutfields`
--

INSERT INTO `craft_fieldlayoutfields` (`id`, `layoutId`, `tabId`, `fieldId`, `required`, `sortOrder`, `dateCreated`, `dateUpdated`, `uid`) VALUES ('3', '5', '2', '2', '1', '1', '2014-03-15 17:07:16', '2014-03-15 17:07:16', '1257075e-cf39-4594-9412-726eda9868df');
INSERT INTO `craft_fieldlayoutfields` (`id`, `layoutId`, `tabId`, `fieldId`, `required`, `sortOrder`, `dateCreated`, `dateUpdated`, `uid`) VALUES ('23', '21', NULL, '13', '0', '1', '2014-03-19 15:23:21', '2014-03-19 15:23:21', '6874d1e2-5448-4a00-96bd-9a9c853208c0');
INSERT INTO `craft_fieldlayoutfields` (`id`, `layoutId`, `tabId`, `fieldId`, `required`, `sortOrder`, `dateCreated`, `dateUpdated`, `uid`) VALUES ('24', '21', NULL, '10', '0', '2', '2014-03-19 15:23:21', '2014-03-19 15:23:21', '0cec0f96-e144-4a82-a166-8d5041c32367');
INSERT INTO `craft_fieldlayoutfields` (`id`, `layoutId`, `tabId`, `fieldId`, `required`, `sortOrder`, `dateCreated`, `dateUpdated`, `uid`) VALUES ('25', '21', NULL, '14', '0', '3', '2014-03-19 15:23:21', '2014-03-19 15:23:21', '9177f247-5c15-482d-8fe0-67fa48ab9be1');
INSERT INTO `craft_fieldlayoutfields` (`id`, `layoutId`, `tabId`, `fieldId`, `required`, `sortOrder`, `dateCreated`, `dateUpdated`, `uid`) VALUES ('47', '31', NULL, '17', '1', '1', '2014-03-19 19:41:29', '2014-03-19 19:41:29', 'd886f661-1186-4f21-8464-a671d194d533');
INSERT INTO `craft_fieldlayoutfields` (`id`, `layoutId`, `tabId`, `fieldId`, `required`, `sortOrder`, `dateCreated`, `dateUpdated`, `uid`) VALUES ('48', '31', NULL, '18', '0', '2', '2014-03-19 19:41:29', '2014-03-19 19:41:29', 'c84b7502-9dea-42e5-9eb1-fd48f529d1b8');
INSERT INTO `craft_fieldlayoutfields` (`id`, `layoutId`, `tabId`, `fieldId`, `required`, `sortOrder`, `dateCreated`, `dateUpdated`, `uid`) VALUES ('54', '33', NULL, '20', '0', '1', '2014-03-19 19:58:49', '2014-03-19 19:58:49', 'e3c64022-a582-4c01-a3b7-12abf8fe7fe6');
INSERT INTO `craft_fieldlayoutfields` (`id`, `layoutId`, `tabId`, `fieldId`, `required`, `sortOrder`, `dateCreated`, `dateUpdated`, `uid`) VALUES ('55', '33', NULL, '21', '0', '2', '2014-03-19 19:58:49', '2014-03-19 19:58:49', '27f7c1b9-2851-4eaa-8208-fbaf69779e7e');
INSERT INTO `craft_fieldlayoutfields` (`id`, `layoutId`, `tabId`, `fieldId`, `required`, `sortOrder`, `dateCreated`, `dateUpdated`, `uid`) VALUES ('74', '38', '15', '1', '0', '1', '2014-03-19 21:19:01', '2014-03-19 21:19:01', '5e42d1e3-4f7f-4396-a614-5157d339edfa');
INSERT INTO `craft_fieldlayoutfields` (`id`, `layoutId`, `tabId`, `fieldId`, `required`, `sortOrder`, `dateCreated`, `dateUpdated`, `uid`) VALUES ('75', '38', '15', '2', '0', '2', '2014-03-19 21:19:01', '2014-03-19 21:19:01', '86a60fb6-84cc-49c2-b911-7b46f8228159');
INSERT INTO `craft_fieldlayoutfields` (`id`, `layoutId`, `tabId`, `fieldId`, `required`, `sortOrder`, `dateCreated`, `dateUpdated`, `uid`) VALUES ('76', '38', '15', '22', '0', '3', '2014-03-19 21:19:01', '2014-03-19 21:19:01', 'c17b3359-2d3c-4ab5-9def-a1d29bebdd9c');
INSERT INTO `craft_fieldlayoutfields` (`id`, `layoutId`, `tabId`, `fieldId`, `required`, `sortOrder`, `dateCreated`, `dateUpdated`, `uid`) VALUES ('77', '38', '16', '15', '0', '1', '2014-03-19 21:19:01', '2014-03-19 21:19:01', 'd4d04a5b-3a2d-4822-a080-f48255f2adc4');
INSERT INTO `craft_fieldlayoutfields` (`id`, `layoutId`, `tabId`, `fieldId`, `required`, `sortOrder`, `dateCreated`, `dateUpdated`, `uid`) VALUES ('78', '38', '16', '16', '0', '2', '2014-03-19 21:19:01', '2014-03-19 21:19:01', 'e43fc431-74b3-4070-ad07-befaa01fb50e');
INSERT INTO `craft_fieldlayoutfields` (`id`, `layoutId`, `tabId`, `fieldId`, `required`, `sortOrder`, `dateCreated`, `dateUpdated`, `uid`) VALUES ('79', '38', '16', '19', '0', '3', '2014-03-19 21:19:01', '2014-03-19 21:19:01', '0c274302-b01f-4134-9a5c-07fb9a05c9ba');
INSERT INTO `craft_fieldlayoutfields` (`id`, `layoutId`, `tabId`, `fieldId`, `required`, `sortOrder`, `dateCreated`, `dateUpdated`, `uid`) VALUES ('80', '39', NULL, '23', '0', '1', '2014-03-19 21:22:16', '2014-03-19 21:22:16', '3e085023-f0b1-4309-9144-e2dd74eab4fc');
INSERT INTO `craft_fieldlayoutfields` (`id`, `layoutId`, `tabId`, `fieldId`, `required`, `sortOrder`, `dateCreated`, `dateUpdated`, `uid`) VALUES ('81', '39', NULL, '24', '0', '2', '2014-03-19 21:22:16', '2014-03-19 21:22:16', 'c2ee82b1-55de-4806-a6db-98c0ec58f139');
INSERT INTO `craft_fieldlayoutfields` (`id`, `layoutId`, `tabId`, `fieldId`, `required`, `sortOrder`, `dateCreated`, `dateUpdated`, `uid`) VALUES ('82', '39', NULL, '25', '0', '3', '2014-03-19 21:22:16', '2014-03-19 21:22:16', '746fea5e-30f8-4a7c-b119-976d3cf24efd');
INSERT INTO `craft_fieldlayoutfields` (`id`, `layoutId`, `tabId`, `fieldId`, `required`, `sortOrder`, `dateCreated`, `dateUpdated`, `uid`) VALUES ('83', '39', NULL, '26', '0', '4', '2014-03-19 21:22:16', '2014-03-19 21:22:16', 'dacdc34a-2fb2-48a0-b11e-ab989d7a69e8');
INSERT INTO `craft_fieldlayoutfields` (`id`, `layoutId`, `tabId`, `fieldId`, `required`, `sortOrder`, `dateCreated`, `dateUpdated`, `uid`) VALUES ('84', '39', NULL, '27', '0', '5', '2014-03-19 21:22:16', '2014-03-19 21:22:16', '2f949d16-c182-439a-b742-af9af9a371dc');
INSERT INTO `craft_fieldlayoutfields` (`id`, `layoutId`, `tabId`, `fieldId`, `required`, `sortOrder`, `dateCreated`, `dateUpdated`, `uid`) VALUES ('85', '40', '17', '1', '0', '1', '2014-03-19 21:48:32', '2014-03-19 21:48:32', 'de198a12-260a-4692-b591-245898319efc');
INSERT INTO `craft_fieldlayoutfields` (`id`, `layoutId`, `tabId`, `fieldId`, `required`, `sortOrder`, `dateCreated`, `dateUpdated`, `uid`) VALUES ('86', '40', '17', '2', '0', '2', '2014-03-19 21:48:32', '2014-03-19 21:48:32', '999b05b4-cf07-488b-a069-77388fcc6da0');
INSERT INTO `craft_fieldlayoutfields` (`id`, `layoutId`, `tabId`, `fieldId`, `required`, `sortOrder`, `dateCreated`, `dateUpdated`, `uid`) VALUES ('87', '40', '17', '28', '0', '3', '2014-03-19 21:48:32', '2014-03-19 21:48:32', 'd4983c7b-8d72-4bdc-ae1b-a5eca42ed4d3');
INSERT INTO `craft_fieldlayoutfields` (`id`, `layoutId`, `tabId`, `fieldId`, `required`, `sortOrder`, `dateCreated`, `dateUpdated`, `uid`) VALUES ('88', '41', NULL, '28', '0', '1', '2014-03-19 22:04:55', '2014-03-19 22:04:55', '2cec9b48-0f7a-4298-9186-f9b752ca4a8a');
INSERT INTO `craft_fieldlayoutfields` (`id`, `layoutId`, `tabId`, `fieldId`, `required`, `sortOrder`, `dateCreated`, `dateUpdated`, `uid`) VALUES ('100', '46', '22', '22', '0', '1', '2014-03-20 01:32:29', '2014-03-20 01:32:29', '02c3a93c-3f9b-4e6a-9d36-885d754fa136');
INSERT INTO `craft_fieldlayoutfields` (`id`, `layoutId`, `tabId`, `fieldId`, `required`, `sortOrder`, `dateCreated`, `dateUpdated`, `uid`) VALUES ('107', '50', '25', '15', '0', '1', '2014-03-20 09:34:54', '2014-03-20 09:34:54', '881e60c9-f793-4406-abc1-b3d72076b75e');
INSERT INTO `craft_fieldlayoutfields` (`id`, `layoutId`, `tabId`, `fieldId`, `required`, `sortOrder`, `dateCreated`, `dateUpdated`, `uid`) VALUES ('108', '50', '25', '16', '0', '2', '2014-03-20 09:34:54', '2014-03-20 09:34:54', 'a20c5e67-bad6-4e42-b748-b9cdfeda8346');
INSERT INTO `craft_fieldlayoutfields` (`id`, `layoutId`, `tabId`, `fieldId`, `required`, `sortOrder`, `dateCreated`, `dateUpdated`, `uid`) VALUES ('109', '50', '25', '19', '0', '3', '2014-03-20 09:34:54', '2014-03-20 09:34:54', '766bf5f5-decd-4c3b-bcd1-273e512fa2ea');
INSERT INTO `craft_fieldlayoutfields` (`id`, `layoutId`, `tabId`, `fieldId`, `required`, `sortOrder`, `dateCreated`, `dateUpdated`, `uid`) VALUES ('137', '60', NULL, '36', '0', '1', '2014-03-20 14:34:14', '2014-03-20 14:34:14', '9e9c5690-1964-48fe-847f-a845ac51f466');
INSERT INTO `craft_fieldlayoutfields` (`id`, `layoutId`, `tabId`, `fieldId`, `required`, `sortOrder`, `dateCreated`, `dateUpdated`, `uid`) VALUES ('150', '64', '32', '29', '0', '2', '2014-03-20 14:52:19', '2014-03-20 14:52:19', 'e9389817-a25a-45ea-b930-9147502fe9f0');
INSERT INTO `craft_fieldlayoutfields` (`id`, `layoutId`, `tabId`, `fieldId`, `required`, `sortOrder`, `dateCreated`, `dateUpdated`, `uid`) VALUES ('151', '64', '32', '31', '0', '3', '2014-03-20 14:52:19', '2014-03-20 14:52:19', '7c02a03d-20f0-47bc-b8c2-2cb0db12a21d');
INSERT INTO `craft_fieldlayoutfields` (`id`, `layoutId`, `tabId`, `fieldId`, `required`, `sortOrder`, `dateCreated`, `dateUpdated`, `uid`) VALUES ('152', '64', '32', '32', '0', '4', '2014-03-20 14:52:19', '2014-03-20 14:52:19', 'adba3c9b-5bac-4b1c-81da-1fdd73490315');
INSERT INTO `craft_fieldlayoutfields` (`id`, `layoutId`, `tabId`, `fieldId`, `required`, `sortOrder`, `dateCreated`, `dateUpdated`, `uid`) VALUES ('153', '64', '32', '2', '0', '5', '2014-03-20 14:52:19', '2014-03-20 14:52:19', 'f81a4cb1-abb1-46b7-b5bf-4269d345c3d9');
INSERT INTO `craft_fieldlayoutfields` (`id`, `layoutId`, `tabId`, `fieldId`, `required`, `sortOrder`, `dateCreated`, `dateUpdated`, `uid`) VALUES ('154', '64', '32', '28', '0', '6', '2014-03-20 14:52:19', '2014-03-20 14:52:19', 'e4ff6bd2-c97b-4aa7-bbc7-4e3797187ee0');
INSERT INTO `craft_fieldlayoutfields` (`id`, `layoutId`, `tabId`, `fieldId`, `required`, `sortOrder`, `dateCreated`, `dateUpdated`, `uid`) VALUES ('155', '64', '32', '40', '0', '7', '2014-03-20 14:52:19', '2014-03-20 14:52:19', '859934e8-75d1-4842-90f3-8714b0bed491');
INSERT INTO `craft_fieldlayoutfields` (`id`, `layoutId`, `tabId`, `fieldId`, `required`, `sortOrder`, `dateCreated`, `dateUpdated`, `uid`) VALUES ('157', '64', '33', '35', '0', '1', '2014-03-20 14:52:19', '2014-03-20 14:52:19', 'a37c50de-712b-4d08-a389-58e003869404');
INSERT INTO `craft_fieldlayoutfields` (`id`, `layoutId`, `tabId`, `fieldId`, `required`, `sortOrder`, `dateCreated`, `dateUpdated`, `uid`) VALUES ('158', '65', '34', '36', '0', '1', '2014-03-20 14:54:13', '2014-03-20 14:54:13', 'c0d3921c-d25c-47c1-bcdf-aae46d59d522');
INSERT INTO `craft_fieldlayoutfields` (`id`, `layoutId`, `tabId`, `fieldId`, `required`, `sortOrder`, `dateCreated`, `dateUpdated`, `uid`) VALUES ('159', '65', '34', '2', '0', '2', '2014-03-20 14:54:13', '2014-03-20 14:54:13', 'dbe0c3a7-4adc-4770-ab9d-911261886906');
INSERT INTO `craft_fieldlayoutfields` (`id`, `layoutId`, `tabId`, `fieldId`, `required`, `sortOrder`, `dateCreated`, `dateUpdated`, `uid`) VALUES ('160', '66', NULL, '37', '1', '1', '2014-03-20 16:01:34', '2014-03-20 16:01:34', '5dc9ad88-3fb6-4a49-ad1b-7087e58873b8');
INSERT INTO `craft_fieldlayoutfields` (`id`, `layoutId`, `tabId`, `fieldId`, `required`, `sortOrder`, `dateCreated`, `dateUpdated`, `uid`) VALUES ('161', '66', NULL, '38', '1', '2', '2014-03-20 16:01:34', '2014-03-20 16:01:34', '97e0c326-3937-4ca9-8342-6e21475d46db');
INSERT INTO `craft_fieldlayoutfields` (`id`, `layoutId`, `tabId`, `fieldId`, `required`, `sortOrder`, `dateCreated`, `dateUpdated`, `uid`) VALUES ('162', '66', NULL, '39', '0', '3', '2014-03-20 16:01:34', '2014-03-20 16:01:34', '5b642bd8-eb98-406f-b5d6-495cb8ce3362');
INSERT INTO `craft_fieldlayoutfields` (`id`, `layoutId`, `tabId`, `fieldId`, `required`, `sortOrder`, `dateCreated`, `dateUpdated`, `uid`) VALUES ('163', '66', NULL, '42', '0', '4', '2014-03-20 16:01:34', '2014-03-20 16:01:34', '056962c7-58b4-43f9-87b4-9f98d22206ad');
INSERT INTO `craft_fieldlayoutfields` (`id`, `layoutId`, `tabId`, `fieldId`, `required`, `sortOrder`, `dateCreated`, `dateUpdated`, `uid`) VALUES ('164', '67', NULL, '2', '0', '1', '2014-03-20 16:44:11', '2014-03-20 16:44:11', '6728a31e-d5a3-4496-bda8-430848838efa');
INSERT INTO `craft_fieldlayoutfields` (`id`, `layoutId`, `tabId`, `fieldId`, `required`, `sortOrder`, `dateCreated`, `dateUpdated`, `uid`) VALUES ('165', '67', NULL, '36', '0', '2', '2014-03-20 16:44:11', '2014-03-20 16:44:11', '7a3ced15-5b03-4447-b85e-5bfaf459aa10');
INSERT INTO `craft_fieldlayoutfields` (`id`, `layoutId`, `tabId`, `fieldId`, `required`, `sortOrder`, `dateCreated`, `dateUpdated`, `uid`) VALUES ('166', '68', NULL, '44', '0', '1', '2014-03-20 17:56:15', '2014-03-20 17:56:15', 'f83ad9e9-377e-49d3-9d90-56834a69c420');
INSERT INTO `craft_fieldlayoutfields` (`id`, `layoutId`, `tabId`, `fieldId`, `required`, `sortOrder`, `dateCreated`, `dateUpdated`, `uid`) VALUES ('174', '74', NULL, '43', '0', '1', '2014-03-20 18:29:40', '2014-03-20 18:29:40', 'dcc3ee6c-36c6-4ac7-a38d-47d422dfa4a3');
INSERT INTO `craft_fieldlayoutfields` (`id`, `layoutId`, `tabId`, `fieldId`, `required`, `sortOrder`, `dateCreated`, `dateUpdated`, `uid`) VALUES ('175', '74', NULL, '45', '0', '2', '2014-03-20 18:29:40', '2014-03-20 18:29:40', '93e75607-ab7f-4582-96e4-e6bdce7db24d');
INSERT INTO `craft_fieldlayoutfields` (`id`, `layoutId`, `tabId`, `fieldId`, `required`, `sortOrder`, `dateCreated`, `dateUpdated`, `uid`) VALUES ('176', '75', NULL, '47', '1', '1', '2014-03-20 20:15:04', '2014-03-20 20:15:04', '57822bb9-6078-4fa1-a606-98a5e417c728');
INSERT INTO `craft_fieldlayoutfields` (`id`, `layoutId`, `tabId`, `fieldId`, `required`, `sortOrder`, `dateCreated`, `dateUpdated`, `uid`) VALUES ('177', '75', NULL, '48', '1', '2', '2014-03-20 20:15:04', '2014-03-20 20:15:04', '35d2a5d0-50fb-48a3-979d-985fa3576790');
INSERT INTO `craft_fieldlayoutfields` (`id`, `layoutId`, `tabId`, `fieldId`, `required`, `sortOrder`, `dateCreated`, `dateUpdated`, `uid`) VALUES ('178', '75', NULL, '49', '1', '3', '2014-03-20 20:15:04', '2014-03-20 20:15:04', 'e068fe5e-3f73-44de-8977-f0585564af05');
INSERT INTO `craft_fieldlayoutfields` (`id`, `layoutId`, `tabId`, `fieldId`, `required`, `sortOrder`, `dateCreated`, `dateUpdated`, `uid`) VALUES ('179', '76', NULL, '50', '0', '1', '2014-03-20 20:15:04', '2014-03-20 20:15:04', '3e6140e7-7139-499a-8353-fa5d67b18075');
INSERT INTO `craft_fieldlayoutfields` (`id`, `layoutId`, `tabId`, `fieldId`, `required`, `sortOrder`, `dateCreated`, `dateUpdated`, `uid`) VALUES ('180', '76', NULL, '51', '0', '2', '2014-03-20 20:15:04', '2014-03-20 20:15:04', 'ff92ff9d-05bc-4152-a0e4-f0b5a657fbdf');
INSERT INTO `craft_fieldlayoutfields` (`id`, `layoutId`, `tabId`, `fieldId`, `required`, `sortOrder`, `dateCreated`, `dateUpdated`, `uid`) VALUES ('181', '77', NULL, '4', '0', '1', '2014-03-20 20:15:21', '2014-03-20 20:15:21', '15418651-ba26-40e1-88db-ab10f5ab0132');
INSERT INTO `craft_fieldlayoutfields` (`id`, `layoutId`, `tabId`, `fieldId`, `required`, `sortOrder`, `dateCreated`, `dateUpdated`, `uid`) VALUES ('182', '77', NULL, '5', '0', '2', '2014-03-20 20:15:21', '2014-03-20 20:15:21', '8a61522c-247f-4a61-b19b-62c0361eb9cb');
INSERT INTO `craft_fieldlayoutfields` (`id`, `layoutId`, `tabId`, `fieldId`, `required`, `sortOrder`, `dateCreated`, `dateUpdated`, `uid`) VALUES ('183', '77', NULL, '6', '0', '3', '2014-03-20 20:15:21', '2014-03-20 20:15:21', '6d7c6b66-ab11-4a11-b02a-bc0c6c27b1c6');
INSERT INTO `craft_fieldlayoutfields` (`id`, `layoutId`, `tabId`, `fieldId`, `required`, `sortOrder`, `dateCreated`, `dateUpdated`, `uid`) VALUES ('184', '77', NULL, '7', '0', '4', '2014-03-20 20:15:21', '2014-03-20 20:15:21', 'd185838c-5a20-4809-b580-48d1700a5532');
INSERT INTO `craft_fieldlayoutfields` (`id`, `layoutId`, `tabId`, `fieldId`, `required`, `sortOrder`, `dateCreated`, `dateUpdated`, `uid`) VALUES ('185', '77', NULL, '8', '0', '5', '2014-03-20 20:15:21', '2014-03-20 20:15:21', 'c3682d06-43ee-49ca-890a-b3f6a56b35b8');
INSERT INTO `craft_fieldlayoutfields` (`id`, `layoutId`, `tabId`, `fieldId`, `required`, `sortOrder`, `dateCreated`, `dateUpdated`, `uid`) VALUES ('186', '77', NULL, '46', '0', '6', '2014-03-20 20:15:21', '2014-03-20 20:15:21', '50697c8b-3242-40b3-bdea-f07e230e4955');



--
-- Schema for table `craft_fieldlayouts`
--

DROP TABLE IF EXISTS `craft_fieldlayouts`;

CREATE TABLE `craft_fieldlayouts` (
  `id` int(11) NOT NULL AUTO_INCREMENT,
  `type` char(150) COLLATE utf8_unicode_ci NOT NULL,
  `dateCreated` datetime NOT NULL,
  `dateUpdated` datetime NOT NULL,
  `uid` char(36) COLLATE utf8_unicode_ci NOT NULL DEFAULT '0',
  PRIMARY KEY (`id`),
  KEY `craft_fieldlayouts_type_idx` (`type`)
) ENGINE=InnoDB AUTO_INCREMENT=78 DEFAULT CHARSET=utf8 COLLATE=utf8_unicode_ci;

--
-- Data for table `craft_fieldlayouts`
--

INSERT INTO `craft_fieldlayouts` (`id`, `type`, `dateCreated`, `dateUpdated`, `uid`) VALUES ('1', 'Tag', '2014-03-15 17:07:16', '2014-03-15 17:07:16', 'edc1b779-62a6-4703-b3ed-125d9ed32d03');
INSERT INTO `craft_fieldlayouts` (`id`, `type`, `dateCreated`, `dateUpdated`, `uid`) VALUES ('5', 'Entry', '2014-03-15 17:07:16', '2014-03-15 17:07:16', '0d509cce-854b-4105-8fb6-f601dda2a258');
INSERT INTO `craft_fieldlayouts` (`id`, `type`, `dateCreated`, `dateUpdated`, `uid`) VALUES ('9', 'Entry', '2014-03-16 17:49:38', '2014-03-16 17:49:38', '75958807-5e5f-4df9-a5f5-0a8aa8147192');
INSERT INTO `craft_fieldlayouts` (`id`, `type`, `dateCreated`, `dateUpdated`, `uid`) VALUES ('21', 'GlobalSet', '2014-03-19 15:23:21', '2014-03-19 15:23:21', '8cce9b48-d4a5-4c39-9072-08dfd92b3044');
INSERT INTO `craft_fieldlayouts` (`id`, `type`, `dateCreated`, `dateUpdated`, `uid`) VALUES ('31', 'MatrixBlock', '2014-03-19 19:41:29', '2014-03-19 19:41:29', '99d2b028-bdc3-4088-97f1-4dce6fc90e8e');
INSERT INTO `craft_fieldlayouts` (`id`, `type`, `dateCreated`, `dateUpdated`, `uid`) VALUES ('33', 'MatrixBlock', '2014-03-19 19:58:49', '2014-03-19 19:58:49', '5c6f5e34-f744-4840-b30c-90d0e0abaeae');
INSERT INTO `craft_fieldlayouts` (`id`, `type`, `dateCreated`, `dateUpdated`, `uid`) VALUES ('38', 'Entry', '2014-03-19 21:19:01', '2014-03-19 21:19:01', '62801747-031b-40e1-8d29-2ed5cf3ca07b');
INSERT INTO `craft_fieldlayouts` (`id`, `type`, `dateCreated`, `dateUpdated`, `uid`) VALUES ('39', 'MatrixBlock', '2014-03-19 21:22:16', '2014-03-19 21:22:16', 'f8f5df65-545c-48be-820a-2edc66748bdc');
INSERT INTO `craft_fieldlayouts` (`id`, `type`, `dateCreated`, `dateUpdated`, `uid`) VALUES ('40', 'Entry', '2014-03-19 21:48:32', '2014-03-19 21:48:32', '194a2199-6fb3-476c-9967-b87e86fb8814');
INSERT INTO `craft_fieldlayouts` (`id`, `type`, `dateCreated`, `dateUpdated`, `uid`) VALUES ('41', 'Asset', '2014-03-19 22:04:55', '2014-03-19 22:04:55', 'e16e23c3-660e-43de-ac41-457cc0c5f534');
INSERT INTO `craft_fieldlayouts` (`id`, `type`, `dateCreated`, `dateUpdated`, `uid`) VALUES ('46', 'Entry', '2014-03-20 01:32:29', '2014-03-20 01:32:29', 'd0b18b78-3be7-47c4-9531-8fed32f1939e');
INSERT INTO `craft_fieldlayouts` (`id`, `type`, `dateCreated`, `dateUpdated`, `uid`) VALUES ('50', 'Entry', '2014-03-20 09:34:53', '2014-03-20 09:34:53', 'c489a827-09cc-4af4-b1cb-5fdf55ed1c32');
INSERT INTO `craft_fieldlayouts` (`id`, `type`, `dateCreated`, `dateUpdated`, `uid`) VALUES ('60', 'Tag', '2014-03-20 14:34:14', '2014-03-20 14:34:14', 'bedc5db6-a86f-403e-af2d-30be223e6923');
INSERT INTO `craft_fieldlayouts` (`id`, `type`, `dateCreated`, `dateUpdated`, `uid`) VALUES ('64', 'Entry', '2014-03-20 14:52:19', '2014-03-20 14:52:19', '53f60660-d913-4e90-86c7-1034c4bc04d4');
INSERT INTO `craft_fieldlayouts` (`id`, `type`, `dateCreated`, `dateUpdated`, `uid`) VALUES ('65', 'Entry', '2014-03-20 14:54:13', '2014-03-20 14:54:13', 'dcdf3b78-0220-4199-ac82-9ed3f4cabc2d');
INSERT INTO `craft_fieldlayouts` (`id`, `type`, `dateCreated`, `dateUpdated`, `uid`) VALUES ('66', 'MatrixBlock', '2014-03-20 16:01:34', '2014-03-20 16:01:34', 'ba951222-52c9-4ae9-95ce-e8f7689c78b0');
INSERT INTO `craft_fieldlayouts` (`id`, `type`, `dateCreated`, `dateUpdated`, `uid`) VALUES ('67', 'GlobalSet', '2014-03-20 16:44:11', '2014-03-20 16:44:11', '108ff500-61ea-47f6-bf2e-d620c32d7632');
INSERT INTO `craft_fieldlayouts` (`id`, `type`, `dateCreated`, `dateUpdated`, `uid`) VALUES ('68', 'MatrixBlock', '2014-03-20 17:56:15', '2014-03-20 17:56:15', '61173292-b864-450f-be1a-db62a93e7839');
INSERT INTO `craft_fieldlayouts` (`id`, `type`, `dateCreated`, `dateUpdated`, `uid`) VALUES ('74', 'GlobalSet', '2014-03-20 18:29:40', '2014-03-20 18:29:40', 'b4022a12-a951-45cf-a5ab-f9e6447d1ae8');
INSERT INTO `craft_fieldlayouts` (`id`, `type`, `dateCreated`, `dateUpdated`, `uid`) VALUES ('75', 'MatrixBlock', '2014-03-20 20:15:04', '2014-03-20 20:15:04', 'e6bb33fd-1176-41e0-8228-51e02d431aaf');
INSERT INTO `craft_fieldlayouts` (`id`, `type`, `dateCreated`, `dateUpdated`, `uid`) VALUES ('76', 'MatrixBlock', '2014-03-20 20:15:04', '2014-03-20 20:15:04', '578eef9a-e2fe-4271-8c03-c07248387e53');
INSERT INTO `craft_fieldlayouts` (`id`, `type`, `dateCreated`, `dateUpdated`, `uid`) VALUES ('77', 'GlobalSet', '2014-03-20 20:15:21', '2014-03-20 20:15:21', '51866fc7-a8ef-4feb-b1c4-33b5775885e5');



--
-- Schema for table `craft_fieldlayouttabs`
--

DROP TABLE IF EXISTS `craft_fieldlayouttabs`;

CREATE TABLE `craft_fieldlayouttabs` (
  `id` int(11) NOT NULL AUTO_INCREMENT,
  `layoutId` int(11) NOT NULL,
  `name` varchar(255) COLLATE utf8_unicode_ci NOT NULL,
  `sortOrder` tinyint(4) DEFAULT NULL,
  `dateCreated` datetime NOT NULL,
  `dateUpdated` datetime NOT NULL,
  `uid` char(36) COLLATE utf8_unicode_ci NOT NULL DEFAULT '0',
  PRIMARY KEY (`id`),
  KEY `craft_fieldlayouttabs_sortOrder_idx` (`sortOrder`),
  KEY `craft_fieldlayouttabs_layoutId_fk` (`layoutId`)
) ENGINE=InnoDB AUTO_INCREMENT=35 DEFAULT CHARSET=utf8 COLLATE=utf8_unicode_ci;

--
-- Data for table `craft_fieldlayouttabs`
--

INSERT INTO `craft_fieldlayouttabs` (`id`, `layoutId`, `name`, `sortOrder`, `dateCreated`, `dateUpdated`, `uid`) VALUES ('2', '5', 'Content', '1', '2014-03-15 17:07:16', '2014-03-15 17:07:16', '8b07cbde-ce1c-4b6d-b475-25a8596f48f7');
INSERT INTO `craft_fieldlayouttabs` (`id`, `layoutId`, `name`, `sortOrder`, `dateCreated`, `dateUpdated`, `uid`) VALUES ('15', '38', 'Content', '1', '2014-03-19 21:19:01', '2014-03-19 21:19:01', '7b390a05-41b3-437d-80da-2de0dee51c8f');
INSERT INTO `craft_fieldlayouttabs` (`id`, `layoutId`, `name`, `sortOrder`, `dateCreated`, `dateUpdated`, `uid`) VALUES ('16', '38', 'Sidebar Content', '2', '2014-03-19 21:19:01', '2014-03-19 21:19:01', '3282a34a-0f29-41e5-b73d-57e037c2604b');
INSERT INTO `craft_fieldlayouttabs` (`id`, `layoutId`, `name`, `sortOrder`, `dateCreated`, `dateUpdated`, `uid`) VALUES ('17', '40', 'Default', '1', '2014-03-19 21:48:32', '2014-03-19 21:48:32', 'd8558ff4-4e8a-4079-abeb-38647df764ed');
INSERT INTO `craft_fieldlayouttabs` (`id`, `layoutId`, `name`, `sortOrder`, `dateCreated`, `dateUpdated`, `uid`) VALUES ('22', '46', 'Lens Collection', '1', '2014-03-20 01:32:29', '2014-03-20 01:32:29', '6639b780-2ec0-4b06-90c5-a5c97f0913b2');
INSERT INTO `craft_fieldlayouttabs` (`id`, `layoutId`, `name`, `sortOrder`, `dateCreated`, `dateUpdated`, `uid`) VALUES ('25', '50', 'Sidebar Content', '1', '2014-03-20 09:34:54', '2014-03-20 09:34:54', 'e890f6fe-28f0-4a77-90f4-1c1e28e382c7');
INSERT INTO `craft_fieldlayouttabs` (`id`, `layoutId`, `name`, `sortOrder`, `dateCreated`, `dateUpdated`, `uid`) VALUES ('32', '64', 'Merch Info', '1', '2014-03-20 14:52:19', '2014-03-20 14:52:19', '10bf97ba-1143-485e-8f46-590216d52b19');
INSERT INTO `craft_fieldlayouttabs` (`id`, `layoutId`, `name`, `sortOrder`, `dateCreated`, `dateUpdated`, `uid`) VALUES ('33', '64', 'Gallery', '2', '2014-03-20 14:52:19', '2014-03-20 14:52:19', '582c532a-5c2a-4073-8456-121e46792ea4');
INSERT INTO `craft_fieldlayouttabs` (`id`, `layoutId`, `name`, `sortOrder`, `dateCreated`, `dateUpdated`, `uid`) VALUES ('34', '65', 'Tab 1', '1', '2014-03-20 14:54:13', '2014-03-20 14:54:13', 'dfaaeee1-af8f-4998-9116-46fe51c86d3a');



--
-- Schema for table `craft_fields`
--

DROP TABLE IF EXISTS `craft_fields`;

CREATE TABLE `craft_fields` (
  `id` int(11) NOT NULL AUTO_INCREMENT,
  `groupId` int(11) DEFAULT NULL,
  `name` varchar(255) COLLATE utf8_unicode_ci NOT NULL,
  `handle` varchar(58) COLLATE utf8_unicode_ci NOT NULL,
  `context` varchar(255) COLLATE utf8_unicode_ci NOT NULL DEFAULT 'global',
  `instructions` text COLLATE utf8_unicode_ci,
  `translatable` tinyint(1) unsigned NOT NULL DEFAULT '0',
  `type` char(150) COLLATE utf8_unicode_ci NOT NULL,
  `settings` text COLLATE utf8_unicode_ci,
  `dateCreated` datetime NOT NULL,
  `dateUpdated` datetime NOT NULL,
  `uid` char(36) COLLATE utf8_unicode_ci NOT NULL DEFAULT '0',
  PRIMARY KEY (`id`),
  UNIQUE KEY `craft_fields_handle_context_unq_idx` (`handle`,`context`),
  KEY `craft_fields_groupId_fk` (`groupId`)
) ENGINE=InnoDB AUTO_INCREMENT=52 DEFAULT CHARSET=utf8 COLLATE=utf8_unicode_ci;

--
-- Data for table `craft_fields`
--

INSERT INTO `craft_fields` (`id`, `groupId`, `name`, `handle`, `context`, `instructions`, `translatable`, `type`, `settings`, `dateCreated`, `dateUpdated`, `uid`) VALUES ('1', '1', 'Body Heading Copy', 'bodyHeadingCopy', 'global', '', '0', 'PlainText', '{\"placeholder\":\"\",\"maxLength\":\"\",\"multiline\":\"1\",\"initialRows\":\"4\"}', '2014-03-15 17:07:16', '2014-03-19 19:00:36', '819e02ea-5b7c-444b-9411-f7887575616a');
INSERT INTO `craft_fields` (`id`, `groupId`, `name`, `handle`, `context`, `instructions`, `translatable`, `type`, `settings`, `dateCreated`, `dateUpdated`, `uid`) VALUES ('2', '1', 'Body Copy', 'bodyCopy', 'global', '', '0', 'RichText', '{\"configFile\":\"Simple.json\",\"cleanupHtml\":\"1\"}', '2014-03-15 17:07:16', '2014-03-19 18:24:11', '8e992be5-a510-4541-bb3a-edc518132b09');
INSERT INTO `craft_fields` (`id`, `groupId`, `name`, `handle`, `context`, `instructions`, `translatable`, `type`, `settings`, `dateCreated`, `dateUpdated`, `uid`) VALUES ('4', '2', 'Store Name', 'storeName', 'global', 'The name of your store', '0', 'PlainText', '{\"placeholder\":\"\",\"maxLength\":\"\",\"multiline\":\"\",\"initialRows\":\"4\"}', '2014-03-16 21:49:07', '2014-03-16 21:49:07', 'b15cfd8e-72c9-47e4-9d8e-dd2812518412');
INSERT INTO `craft_fields` (`id`, `groupId`, `name`, `handle`, `context`, `instructions`, `translatable`, `type`, `settings`, `dateCreated`, `dateUpdated`, `uid`) VALUES ('5', '2', 'Address ( First Line )', 'addressFirstLine', 'global', 'First line of your main location.', '0', 'PlainText', '{\"placeholder\":\"\",\"maxLength\":\"\",\"multiline\":\"\",\"initialRows\":\"4\"}', '2014-03-16 21:50:06', '2014-03-16 21:50:28', 'fb639033-2e1f-46fb-a489-7d3e2d02a4a9');
INSERT INTO `craft_fields` (`id`, `groupId`, `name`, `handle`, `context`, `instructions`, `translatable`, `type`, `settings`, `dateCreated`, `dateUpdated`, `uid`) VALUES ('6', '2', 'Address (Second Line)', 'addressSecondLine', 'global', '', '0', 'PlainText', '{\"placeholder\":\"\",\"maxLength\":\"\",\"multiline\":\"\",\"initialRows\":\"4\"}', '2014-03-16 21:50:19', '2014-03-16 21:50:19', 'd21b7f33-627b-4d4c-9423-5baa709a3f0c');
INSERT INTO `craft_fields` (`id`, `groupId`, `name`, `handle`, `context`, `instructions`, `translatable`, `type`, `settings`, `dateCreated`, `dateUpdated`, `uid`) VALUES ('7', '2', 'Phone Number', 'phoneNumber', 'global', '', '0', 'PlainText', '{\"placeholder\":\"\",\"maxLength\":\"\",\"multiline\":\"\",\"initialRows\":\"4\"}', '2014-03-16 21:50:38', '2014-03-16 21:50:38', '42686c2e-9059-4059-ab9d-813dd682fcf7');
INSERT INTO `craft_fields` (`id`, `groupId`, `name`, `handle`, `context`, `instructions`, `translatable`, `type`, `settings`, `dateCreated`, `dateUpdated`, `uid`) VALUES ('8', '2', 'Fax Number', 'faxNumber', 'global', '', '0', 'PlainText', '{\"placeholder\":\"\",\"maxLength\":\"\",\"multiline\":\"\",\"initialRows\":\"4\"}', '2014-03-16 21:50:46', '2014-03-16 21:50:46', '258025cb-0bdb-47bf-8670-a956583e5211');
INSERT INTO `craft_fields` (`id`, `groupId`, `name`, `handle`, `context`, `instructions`, `translatable`, `type`, `settings`, `dateCreated`, `dateUpdated`, `uid`) VALUES ('10', '4', 'Sale / Info Text', 'saleInfoText', 'global', 'Enter here whatever text you want to see in the text box on the info section.', '0', 'RichText', '{\"configFile\":\"Simple.json\",\"cleanupHtml\":\"1\"}', '2014-03-19 15:09:11', '2014-03-19 15:37:57', '6a53ff4b-bbdf-4a23-b04d-45bb4020fca7');
INSERT INTO `craft_fields` (`id`, `groupId`, `name`, `handle`, `context`, `instructions`, `translatable`, `type`, `settings`, `dateCreated`, `dateUpdated`, `uid`) VALUES ('11', '5', 'Contact Form Title', 'contactFormTitle', 'global', '', '0', 'PlainText', '{\"placeholder\":\"Quick Contact\",\"maxLength\":\"25\",\"multiline\":\"\",\"initialRows\":\"4\"}', '2014-03-19 15:12:03', '2014-03-19 15:12:47', 'd84a3e4d-f771-4ccf-ba4e-8f0fdf8fce1f');
INSERT INTO `craft_fields` (`id`, `groupId`, `name`, `handle`, `context`, `instructions`, `translatable`, `type`, `settings`, `dateCreated`, `dateUpdated`, `uid`) VALUES ('12', '5', 'Contact Form Email', 'contactFormEmail', 'global', 'Which email do you want to be contacted at?', '0', 'PlainText', '{\"placeholder\":\"\",\"maxLength\":\"\",\"multiline\":\"\",\"initialRows\":\"4\"}', '2014-03-19 15:13:17', '2014-03-19 15:13:17', '66e0363c-7855-493b-92ae-5e017190a8d6');
INSERT INTO `craft_fields` (`id`, `groupId`, `name`, `handle`, `context`, `instructions`, `translatable`, `type`, `settings`, `dateCreated`, `dateUpdated`, `uid`) VALUES ('13', '4', 'Sale / Info Title', 'saleInfoTitle', 'global', '', '0', 'PlainText', '{\"placeholder\":\"50% Off Section\",\"maxLength\":\"25\",\"multiline\":\"\",\"initialRows\":\"4\"}', '2014-03-19 15:20:23', '2014-03-19 15:20:23', '970d0fce-1c7e-40e1-a375-2901cfc5f3b4');
INSERT INTO `craft_fields` (`id`, `groupId`, `name`, `handle`, `context`, `instructions`, `translatable`, `type`, `settings`, `dateCreated`, `dateUpdated`, `uid`) VALUES ('14', '4', 'Sale / Info Hanging', 'saleInfoHanging', 'global', 'Put down whatever you\'d like to be on the last line. It will be in UPPERCASE.', '0', 'PlainText', '{\"placeholder\":\"ALL YEAR ROUND\",\"maxLength\":\"50\",\"multiline\":\"\",\"initialRows\":\"4\"}', '2014-03-19 15:21:52', '2014-03-19 15:21:52', '75caa6bc-76b8-4fe4-ae7a-9fc5893cbbaa');
INSERT INTO `craft_fields` (`id`, `groupId`, `name`, `handle`, `context`, `instructions`, `translatable`, `type`, `settings`, `dateCreated`, `dateUpdated`, `uid`) VALUES ('15', '1', 'Panel Text', 'panelText', 'global', 'The text inside the large red panel.', '0', 'RichText', '{\"configFile\":\"Simple.json\",\"cleanupHtml\":\"1\"}', '2014-03-19 18:37:53', '2014-03-19 18:37:53', '9f1ae38d-c9de-4fd7-b617-116cfe2728ed');
INSERT INTO `craft_fields` (`id`, `groupId`, `name`, `handle`, `context`, `instructions`, `translatable`, `type`, `settings`, `dateCreated`, `dateUpdated`, `uid`) VALUES ('16', '6', 'Collection List ( Left )', 'collectionListLeft', 'global', 'Text that will be used to show your brand collection.', '0', 'Matrix', '[]', '2014-03-19 19:27:01', '2014-03-19 19:41:28', '3ba597e6-5208-4a84-9149-38dc6cd03349');
INSERT INTO `craft_fields` (`id`, `groupId`, `name`, `handle`, `context`, `instructions`, `translatable`, `type`, `settings`, `dateCreated`, `dateUpdated`, `uid`) VALUES ('17', NULL, 'Brand Name', 'brandName', 'matrixBlockType:1', NULL, '0', 'PlainText', '{\"placeholder\":\"\",\"maxLength\":\"\",\"multiline\":\"\",\"initialRows\":\"4\"}', '2014-03-19 19:27:01', '2014-03-19 19:41:28', '9cadb0a1-dadb-49f6-818c-89d15defdca2');
INSERT INTO `craft_fields` (`id`, `groupId`, `name`, `handle`, `context`, `instructions`, `translatable`, `type`, `settings`, `dateCreated`, `dateUpdated`, `uid`) VALUES ('18', NULL, 'Brand Description', 'brandDescription', 'matrixBlockType:1', NULL, '0', 'PlainText', '{\"placeholder\":\"\",\"maxLength\":\"\",\"multiline\":\"\",\"initialRows\":\"4\"}', '2014-03-19 19:27:01', '2014-03-19 19:41:29', 'ffacfb6f-7fc1-4e3f-a796-f0f8d9f712b3');
INSERT INTO `craft_fields` (`id`, `groupId`, `name`, `handle`, `context`, `instructions`, `translatable`, `type`, `settings`, `dateCreated`, `dateUpdated`, `uid`) VALUES ('19', '6', 'Collection List ( Right )', 'collectionListRight', 'global', 'Second list of your brands.', '0', 'Matrix', '[]', '2014-03-19 19:41:18', '2014-03-19 19:58:49', '6a48d597-d4c7-49c6-ad46-c0f519a262ea');
INSERT INTO `craft_fields` (`id`, `groupId`, `name`, `handle`, `context`, `instructions`, `translatable`, `type`, `settings`, `dateCreated`, `dateUpdated`, `uid`) VALUES ('20', NULL, 'Brand Name', 'brandName', 'matrixBlockType:2', NULL, '0', 'PlainText', '{\"placeholder\":\"\",\"maxLength\":\"\",\"multiline\":\"\",\"initialRows\":\"4\"}', '2014-03-19 19:41:18', '2014-03-19 19:58:49', '91180064-3118-4405-8bd4-1de8de322c05');
INSERT INTO `craft_fields` (`id`, `groupId`, `name`, `handle`, `context`, `instructions`, `translatable`, `type`, `settings`, `dateCreated`, `dateUpdated`, `uid`) VALUES ('21', NULL, 'Brand Description', 'brandDescription', 'matrixBlockType:2', NULL, '0', 'PlainText', '{\"placeholder\":\"\",\"maxLength\":\"\",\"multiline\":\"\",\"initialRows\":\"4\"}', '2014-03-19 19:41:18', '2014-03-19 19:58:49', '211a9952-23f8-4f45-94fa-c598cfd2e393');
INSERT INTO `craft_fields` (`id`, `groupId`, `name`, `handle`, `context`, `instructions`, `translatable`, `type`, `settings`, `dateCreated`, `dateUpdated`, `uid`) VALUES ('22', '6', 'Goods Box', 'goods', 'global', '', '0', 'Matrix', '[]', '2014-03-19 21:16:14', '2014-03-19 21:22:16', 'ea9b3952-d986-4ebc-a9e6-fc68e169a182');
INSERT INTO `craft_fields` (`id`, `groupId`, `name`, `handle`, `context`, `instructions`, `translatable`, `type`, `settings`, `dateCreated`, `dateUpdated`, `uid`) VALUES ('23', NULL, 'Category Name', 'heading', 'matrixBlockType:3', NULL, '0', 'PlainText', '{\"placeholder\":\"\",\"maxLength\":\"\",\"multiline\":\"\",\"initialRows\":\"4\"}', '2014-03-19 21:16:14', '2014-03-19 21:22:16', '413fc9c7-3211-4aa5-bd60-0dcc6dc51e59');
INSERT INTO `craft_fields` (`id`, `groupId`, `name`, `handle`, `context`, `instructions`, `translatable`, `type`, `settings`, `dateCreated`, `dateUpdated`, `uid`) VALUES ('24', NULL, 'Category Image', 'image', 'matrixBlockType:3', NULL, '0', 'Assets', '{\"limit\":\"\"}', '2014-03-19 21:16:14', '2014-03-19 21:22:16', '4f9dd64c-4d9b-4d07-a2eb-49c05e341f95');
INSERT INTO `craft_fields` (`id`, `groupId`, `name`, `handle`, `context`, `instructions`, `translatable`, `type`, `settings`, `dateCreated`, `dateUpdated`, `uid`) VALUES ('25', NULL, 'Category Icon', 'icon', 'matrixBlockType:3', NULL, '0', 'Assets', '{\"limit\":\"\"}', '2014-03-19 21:16:14', '2014-03-19 21:22:16', '189e07bf-b1c6-41af-bf16-31da486176e0');
INSERT INTO `craft_fields` (`id`, `groupId`, `name`, `handle`, `context`, `instructions`, `translatable`, `type`, `settings`, `dateCreated`, `dateUpdated`, `uid`) VALUES ('26', NULL, 'Caption', 'caption', 'matrixBlockType:3', NULL, '0', 'PlainText', '{\"placeholder\":\"\",\"maxLength\":\"\",\"multiline\":\"\",\"initialRows\":\"4\"}', '2014-03-19 21:16:14', '2014-03-19 21:22:16', '8e140c6a-0b92-4395-a0af-10907138a2d0');
INSERT INTO `craft_fields` (`id`, `groupId`, `name`, `handle`, `context`, `instructions`, `translatable`, `type`, `settings`, `dateCreated`, `dateUpdated`, `uid`) VALUES ('27', NULL, 'Links to Which Page', 'linkingPage', 'matrixBlockType:3', NULL, '0', 'Entries', '{\"sources\":\"*\",\"limit\":\"1\"}', '2014-03-19 21:17:25', '2014-03-19 21:22:16', '049adf3d-f071-408e-a587-2d41d9734cac');
INSERT INTO `craft_fields` (`id`, `groupId`, `name`, `handle`, `context`, `instructions`, `translatable`, `type`, `settings`, `dateCreated`, `dateUpdated`, `uid`) VALUES ('28', '6', 'Simple Photo', 'simplePhoto', 'global', 'Select a photo to display.', '0', 'Assets', '{\"sources\":[\"folder:1\"],\"limit\":\"1\"}', '2014-03-19 21:47:56', '2014-03-19 22:03:45', '12f0ce81-b8cc-4c94-9aa0-f3808d00fb02');
INSERT INTO `craft_fields` (`id`, `groupId`, `name`, `handle`, `context`, `instructions`, `translatable`, `type`, `settings`, `dateCreated`, `dateUpdated`, `uid`) VALUES ('29', '7', 'Item Name', 'itemName', 'global', 'One item = 1 pair of glasses.', '0', 'PlainText', '{\"placeholder\":\"\",\"maxLength\":\"\",\"multiline\":\"\",\"initialRows\":\"4\"}', '2014-03-19 23:45:21', '2014-03-19 23:45:21', 'e844db5a-9aa8-4e6e-9d88-bedcedb09361');
INSERT INTO `craft_fields` (`id`, `groupId`, `name`, `handle`, `context`, `instructions`, `translatable`, `type`, `settings`, `dateCreated`, `dateUpdated`, `uid`) VALUES ('31', '7', 'Item Price', 'itemPrice', 'global', 'The price of the item in USD.', '0', 'PlainText', '{\"placeholder\":\"\",\"maxLength\":\"7\",\"multiline\":\"\",\"initialRows\":\"4\"}', '2014-03-19 23:48:18', '2014-03-19 23:48:18', '66c9cb7f-77fe-4c9e-b473-c45ea769dd88');
INSERT INTO `craft_fields` (`id`, `groupId`, `name`, `handle`, `context`, `instructions`, `translatable`, `type`, `settings`, `dateCreated`, `dateUpdated`, `uid`) VALUES ('32', '7', 'Item Serial', 'itemSerial', 'global', 'The serial/product/retail number of the item.', '0', 'PlainText', '{\"placeholder\":\"\",\"maxLength\":\"\",\"multiline\":\"\",\"initialRows\":\"4\"}', '2014-03-19 23:48:54', '2014-03-20 09:54:40', '2c9cbac7-23f0-46f4-b3ff-b25828e220f6');
INSERT INTO `craft_fields` (`id`, `groupId`, `name`, `handle`, `context`, `instructions`, `translatable`, `type`, `settings`, `dateCreated`, `dateUpdated`, `uid`) VALUES ('35', '6', 'Gallery', 'productGallery', 'global', '', '0', 'Assets', '{\"sources\":\"*\",\"limit\":\"\"}', '2014-03-20 01:35:27', '2014-03-20 01:35:27', '4cd595b9-6cc9-434f-a458-6e7d0f4852b5');
INSERT INTO `craft_fields` (`id`, `groupId`, `name`, `handle`, `context`, `instructions`, `translatable`, `type`, `settings`, `dateCreated`, `dateUpdated`, `uid`) VALUES ('36', '2', 'Brand Descriptions', 'brandDescriptions', 'global', '', '0', 'Matrix', '[]', '2014-03-20 14:27:21', '2014-03-20 16:01:34', '600c1d5f-3e0e-4d8c-b99d-55ef25f63698');
INSERT INTO `craft_fields` (`id`, `groupId`, `name`, `handle`, `context`, `instructions`, `translatable`, `type`, `settings`, `dateCreated`, `dateUpdated`, `uid`) VALUES ('37', NULL, 'Brand Name', 'brandName', 'matrixBlockType:4', NULL, '0', 'PlainText', '{\"placeholder\":\"\",\"maxLength\":\"\",\"multiline\":\"\",\"initialRows\":\"4\"}', '2014-03-20 14:27:21', '2014-03-20 16:01:34', '45830634-0ea0-4097-ac20-b1bf2e34ed8a');
INSERT INTO `craft_fields` (`id`, `groupId`, `name`, `handle`, `context`, `instructions`, `translatable`, `type`, `settings`, `dateCreated`, `dateUpdated`, `uid`) VALUES ('38', NULL, 'Brand Description', 'brandDescription', 'matrixBlockType:4', NULL, '0', 'PlainText', '{\"placeholder\":\"\",\"maxLength\":\"\",\"multiline\":\"1\",\"initialRows\":\"4\"}', '2014-03-20 14:27:21', '2014-03-20 16:01:34', 'a4a18546-fd2a-4d5b-b9ed-0cbe81f0b23b');
INSERT INTO `craft_fields` (`id`, `groupId`, `name`, `handle`, `context`, `instructions`, `translatable`, `type`, `settings`, `dateCreated`, `dateUpdated`, `uid`) VALUES ('39', NULL, 'Brand Short Description', 'brandShortDescription', 'matrixBlockType:4', NULL, '0', 'PlainText', '{\"placeholder\":\"\",\"maxLength\":\"\",\"multiline\":\"\",\"initialRows\":\"4\"}', '2014-03-20 14:27:21', '2014-03-20 16:01:34', 'a55ae485-0b74-4d02-b8ba-3076ad0b3f58');
INSERT INTO `craft_fields` (`id`, `groupId`, `name`, `handle`, `context`, `instructions`, `translatable`, `type`, `settings`, `dateCreated`, `dateUpdated`, `uid`) VALUES ('40', '7', 'Brand Name', 'itemBrand', 'global', '', '0', 'Tags', '{\"source\":\"tagset:2\"}', '2014-03-20 14:34:49', '2014-03-20 16:03:57', 'abf9e404-be55-41d3-b788-31925fc480e2');
INSERT INTO `craft_fields` (`id`, `groupId`, `name`, `handle`, `context`, `instructions`, `translatable`, `type`, `settings`, `dateCreated`, `dateUpdated`, `uid`) VALUES ('42', NULL, 'Brand Name Tag', 'brandNameTag', 'matrixBlockType:4', NULL, '0', 'Tags', '{\"source\":\"tagset:2\"}', '2014-03-20 16:01:34', '2014-03-20 16:01:34', 'cc93bcaa-a56e-48a1-9139-6582213011f5');
INSERT INTO `craft_fields` (`id`, `groupId`, `name`, `handle`, `context`, `instructions`, `translatable`, `type`, `settings`, `dateCreated`, `dateUpdated`, `uid`) VALUES ('43', '9', 'Main Menu', 'mainMenu', 'global', '', '0', 'Entries', '{\"sources\":[\"singles\"],\"limit\":\"4\"}', '2014-03-20 17:56:15', '2014-03-20 17:56:41', '1150355a-7926-4caa-aa7c-e2c2ed7338a6');
INSERT INTO `craft_fields` (`id`, `groupId`, `name`, `handle`, `context`, `instructions`, `translatable`, `type`, `settings`, `dateCreated`, `dateUpdated`, `uid`) VALUES ('44', NULL, 'Menu Item', 'menuItem', 'matrixBlockType:5', NULL, '0', 'Entries', '{\"sources\":[\"singles\"],\"limit\":\"4\"}', '2014-03-20 17:56:15', '2014-03-20 17:56:15', '4e469be1-ac0e-404c-98f1-421b2e9dac58');
INSERT INTO `craft_fields` (`id`, `groupId`, `name`, `handle`, `context`, `instructions`, `translatable`, `type`, `settings`, `dateCreated`, `dateUpdated`, `uid`) VALUES ('45', '9', 'Special Menu (Footer)', 'specialMenu', 'global', '', '0', 'Entries', '{\"sources\":\"*\",\"limit\":\"5\"}', '2014-03-20 18:28:08', '2014-03-20 18:28:08', 'a6fa6dbe-7a1e-4374-a3eb-c5646f685cdd');
INSERT INTO `craft_fields` (`id`, `groupId`, `name`, `handle`, `context`, `instructions`, `translatable`, `type`, `settings`, `dateCreated`, `dateUpdated`, `uid`) VALUES ('46', '10', 'Hours List', 'hoursList', 'global', '', '0', 'Matrix', '[]', '2014-03-20 20:15:03', '2014-03-20 20:15:03', '54d6935b-4d36-4bc4-9606-0627872c1a27');
INSERT INTO `craft_fields` (`id`, `groupId`, `name`, `handle`, `context`, `instructions`, `translatable`, `type`, `settings`, `dateCreated`, `dateUpdated`, `uid`) VALUES ('47', NULL, 'Day', 'day', 'matrixBlockType:6', NULL, '0', 'PlainText', '{\"placeholder\":\"\",\"maxLength\":\"8\",\"multiline\":\"\",\"initialRows\":\"4\"}', '2014-03-20 20:15:04', '2014-03-20 20:15:04', 'f7f1fa2d-2964-4b65-875d-86815e0c0c75');
INSERT INTO `craft_fields` (`id`, `groupId`, `name`, `handle`, `context`, `instructions`, `translatable`, `type`, `settings`, `dateCreated`, `dateUpdated`, `uid`) VALUES ('48', NULL, 'Opening Time', 'openingTime', 'matrixBlockType:6', NULL, '0', 'PlainText', '{\"placeholder\":\"\",\"maxLength\":\"2\",\"multiline\":\"\",\"initialRows\":\"4\"}', '2014-03-20 20:15:04', '2014-03-20 20:15:04', 'd6024307-8b76-4bfe-9eeb-e643a0ad7c8c');
INSERT INTO `craft_fields` (`id`, `groupId`, `name`, `handle`, `context`, `instructions`, `translatable`, `type`, `settings`, `dateCreated`, `dateUpdated`, `uid`) VALUES ('49', NULL, 'Closing Time', 'closingTime', 'matrixBlockType:6', NULL, '0', 'PlainText', '{\"placeholder\":\"\",\"maxLength\":\"2\",\"multiline\":\"\",\"initialRows\":\"4\"}', '2014-03-20 20:15:04', '2014-03-20 20:15:04', 'c3c08b17-9573-4c7f-86e7-48af31e57ea5');
INSERT INTO `craft_fields` (`id`, `groupId`, `name`, `handle`, `context`, `instructions`, `translatable`, `type`, `settings`, `dateCreated`, `dateUpdated`, `uid`) VALUES ('50', NULL, 'Day', 'day', 'matrixBlockType:7', NULL, '0', 'PlainText', '{\"placeholder\":\"\",\"maxLength\":\"\",\"multiline\":\"\",\"initialRows\":\"4\"}', '2014-03-20 20:15:04', '2014-03-20 20:15:04', 'ae2165c1-2f2a-47d4-9564-264e3804246c');
INSERT INTO `craft_fields` (`id`, `groupId`, `name`, `handle`, `context`, `instructions`, `translatable`, `type`, `settings`, `dateCreated`, `dateUpdated`, `uid`) VALUES ('51', NULL, 'Status', 'storeStatus', 'matrixBlockType:7', NULL, '0', 'PlainText', '{\"placeholder\":\"Closed\",\"maxLength\":\"\",\"multiline\":\"\",\"initialRows\":\"4\"}', '2014-03-20 20:15:04', '2014-03-20 20:15:04', '8e4f8539-8238-44e3-8931-abc4c739f014');



--
-- Schema for table `craft_globalsets`
--

DROP TABLE IF EXISTS `craft_globalsets`;

CREATE TABLE `craft_globalsets` (
  `id` int(11) NOT NULL,
  `name` varchar(255) COLLATE utf8_unicode_ci NOT NULL,
  `handle` varchar(255) COLLATE utf8_unicode_ci NOT NULL,
  `fieldLayoutId` int(10) DEFAULT NULL,
  `dateCreated` datetime NOT NULL,
  `dateUpdated` datetime NOT NULL,
  `uid` char(36) COLLATE utf8_unicode_ci NOT NULL DEFAULT '0',
  PRIMARY KEY (`id`),
  UNIQUE KEY `craft_globalsets_name_unq_idx` (`name`),
  UNIQUE KEY `craft_globalsets_handle_unq_idx` (`handle`),
  KEY `craft_globalsets_fieldLayoutId_fk` (`fieldLayoutId`)
) ENGINE=InnoDB DEFAULT CHARSET=utf8 COLLATE=utf8_unicode_ci;

--
-- Data for table `craft_globalsets`
--

INSERT INTO `craft_globalsets` (`id`, `name`, `handle`, `fieldLayoutId`, `dateCreated`, `dateUpdated`, `uid`) VALUES ('9', 'Company Info', 'companyInfo', '77', '2014-03-18 23:53:20', '2014-03-20 20:15:21', '5d6bffa9-847b-44f3-b517-02246be205cb');
INSERT INTO `craft_globalsets` (`id`, `name`, `handle`, `fieldLayoutId`, `dateCreated`, `dateUpdated`, `uid`) VALUES ('10', 'Information Box', 'infoBox', '21', '2014-03-19 15:06:17', '2014-03-19 15:23:21', '691fa708-6b56-4a22-8d6c-1dd7a8cbb3bc');
INSERT INTO `craft_globalsets` (`id`, `name`, `handle`, `fieldLayoutId`, `dateCreated`, `dateUpdated`, `uid`) VALUES ('51', 'Brands', 'brands', '67', '2014-03-20 14:25:12', '2014-03-20 16:44:11', '4db1865b-d340-4fb9-85b2-9836b12d58e2');
INSERT INTO `craft_globalsets` (`id`, `name`, `handle`, `fieldLayoutId`, `dateCreated`, `dateUpdated`, `uid`) VALUES ('60', 'All Menus', 'theMenus', '74', '2014-03-20 17:57:21', '2014-03-20 18:29:40', 'c966090b-d3ed-408f-b1e2-06253c000f5e');



--
-- Schema for table `craft_info`
--

DROP TABLE IF EXISTS `craft_info`;

CREATE TABLE `craft_info` (
  `id` int(11) NOT NULL AUTO_INCREMENT,
  `version` varchar(15) COLLATE utf8_unicode_ci NOT NULL,
  `build` int(11) unsigned NOT NULL,
  `schemaVersion` varchar(15) COLLATE utf8_unicode_ci NOT NULL,
  `packages` varchar(200) COLLATE utf8_unicode_ci DEFAULT NULL,
  `releaseDate` datetime NOT NULL,
  `siteName` varchar(100) COLLATE utf8_unicode_ci NOT NULL,
  `siteUrl` varchar(255) COLLATE utf8_unicode_ci NOT NULL,
  `timezone` varchar(30) COLLATE utf8_unicode_ci DEFAULT NULL,
  `on` tinyint(1) unsigned NOT NULL DEFAULT '0',
  `maintenance` tinyint(1) unsigned NOT NULL DEFAULT '0',
  `track` varchar(40) COLLATE utf8_unicode_ci NOT NULL,
  `dateCreated` datetime NOT NULL,
  `dateUpdated` datetime NOT NULL,
  `uid` char(36) COLLATE utf8_unicode_ci NOT NULL DEFAULT '0',
  PRIMARY KEY (`id`)
) ENGINE=InnoDB AUTO_INCREMENT=2 DEFAULT CHARSET=utf8 COLLATE=utf8_unicode_ci;

--
-- Data for table `craft_info`
--

INSERT INTO `craft_info` (`id`, `version`, `build`, `schemaVersion`, `packages`, `releaseDate`, `siteName`, `siteUrl`, `timezone`, `on`, `maintenance`, `track`, `dateCreated`, `dateUpdated`, `uid`) VALUES ('1', '1.3', '2507', '1.3.17', 'PublishPro', '2014-03-14 23:01:38', 'Optical Shoppe', 'http://0.0.0.0:9999/clients/gatorworks/opticalshoppe/public', 'UTC', '1', '0', 'stable', '2014-03-15 17:07:09', '2014-03-16 21:47:24', '2e5c028d-3f10-4e99-938d-7b6fdc945562');



--
-- Schema for table `craft_locales`
--

DROP TABLE IF EXISTS `craft_locales`;

CREATE TABLE `craft_locales` (
  `locale` char(12) COLLATE utf8_unicode_ci NOT NULL,
  `sortOrder` tinyint(4) DEFAULT NULL,
  `dateCreated` datetime NOT NULL,
  `dateUpdated` datetime NOT NULL,
  `uid` char(36) COLLATE utf8_unicode_ci NOT NULL DEFAULT '0',
  PRIMARY KEY (`locale`)
) ENGINE=InnoDB DEFAULT CHARSET=utf8 COLLATE=utf8_unicode_ci;

--
-- Data for table `craft_locales`
--

INSERT INTO `craft_locales` (`locale`, `sortOrder`, `dateCreated`, `dateUpdated`, `uid`) VALUES ('en_us', '1', '2014-03-15 17:07:09', '2014-03-15 17:07:09', 'e4318475-1723-4dfc-b367-a0c75f146ee4');



--
-- Schema for table `craft_matrixblocks`
--

DROP TABLE IF EXISTS `craft_matrixblocks`;

CREATE TABLE `craft_matrixblocks` (
  `id` int(11) NOT NULL,
  `ownerId` int(11) NOT NULL,
  `fieldId` int(11) NOT NULL,
  `typeId` int(11) DEFAULT NULL,
  `sortOrder` tinyint(4) DEFAULT NULL,
  `dateCreated` datetime NOT NULL,
  `dateUpdated` datetime NOT NULL,
  `uid` char(36) COLLATE utf8_unicode_ci NOT NULL DEFAULT '0',
  PRIMARY KEY (`id`),
  KEY `craft_matrixblocks_ownerId_idx` (`ownerId`),
  KEY `craft_matrixblocks_fieldId_idx` (`fieldId`),
  KEY `craft_matrixblocks_typeId_idx` (`typeId`),
  KEY `craft_matrixblocks_sortOrder_idx` (`sortOrder`)
) ENGINE=InnoDB DEFAULT CHARSET=utf8 COLLATE=utf8_unicode_ci;

--
-- Data for table `craft_matrixblocks`
--

INSERT INTO `craft_matrixblocks` (`id`, `ownerId`, `fieldId`, `typeId`, `sortOrder`, `dateCreated`, `dateUpdated`, `uid`) VALUES ('11', '2', '16', '1', '1', '2014-03-19 19:33:34', '2014-03-20 20:10:31', 'af6f8b18-2099-4111-98b6-974f47345723');
INSERT INTO `craft_matrixblocks` (`id`, `ownerId`, `fieldId`, `typeId`, `sortOrder`, `dateCreated`, `dateUpdated`, `uid`) VALUES ('12', '2', '16', '1', '2', '2014-03-19 19:33:34', '2014-03-20 20:10:31', '405f5da1-18bb-4e11-bcc1-7249f7fea66c');
INSERT INTO `craft_matrixblocks` (`id`, `ownerId`, `fieldId`, `typeId`, `sortOrder`, `dateCreated`, `dateUpdated`, `uid`) VALUES ('13', '2', '16', '1', '3', '2014-03-19 19:33:34', '2014-03-20 20:10:31', '39d949b4-47c2-456f-80f6-8bfe7e0928c0');
INSERT INTO `craft_matrixblocks` (`id`, `ownerId`, `fieldId`, `typeId`, `sortOrder`, `dateCreated`, `dateUpdated`, `uid`) VALUES ('14', '2', '16', '1', '4', '2014-03-19 19:33:34', '2014-03-20 20:10:31', 'ad6b38e8-6d73-4ec2-9192-5c3fed12c78b');
INSERT INTO `craft_matrixblocks` (`id`, `ownerId`, `fieldId`, `typeId`, `sortOrder`, `dateCreated`, `dateUpdated`, `uid`) VALUES ('15', '2', '19', '2', '1', '2014-03-19 20:00:15', '2014-03-20 20:10:31', '621086cf-109e-46aa-9240-4d92c2fa2996');
INSERT INTO `craft_matrixblocks` (`id`, `ownerId`, `fieldId`, `typeId`, `sortOrder`, `dateCreated`, `dateUpdated`, `uid`) VALUES ('16', '2', '19', '2', '2', '2014-03-19 20:00:15', '2014-03-20 20:10:31', '69aa6f2b-b4ab-4c02-b780-90af4b1fe762');
INSERT INTO `craft_matrixblocks` (`id`, `ownerId`, `fieldId`, `typeId`, `sortOrder`, `dateCreated`, `dateUpdated`, `uid`) VALUES ('17', '2', '19', '2', '3', '2014-03-19 20:00:15', '2014-03-20 20:10:31', '72bc3855-563f-4da4-bff9-b1b640df8d02');
INSERT INTO `craft_matrixblocks` (`id`, `ownerId`, `fieldId`, `typeId`, `sortOrder`, `dateCreated`, `dateUpdated`, `uid`) VALUES ('18', '2', '19', '2', '4', '2014-03-19 20:00:15', '2014-03-20 20:10:31', '2cf8c1c7-bf76-4342-8e58-84ccee4ac22a');
INSERT INTO `craft_matrixblocks` (`id`, `ownerId`, `fieldId`, `typeId`, `sortOrder`, `dateCreated`, `dateUpdated`, `uid`) VALUES ('19', '2', '22', '3', '1', '2014-03-19 21:22:22', '2014-03-20 20:10:31', 'a2aa1e5b-329a-48c2-bffe-4ef7b86ba84e');
INSERT INTO `craft_matrixblocks` (`id`, `ownerId`, `fieldId`, `typeId`, `sortOrder`, `dateCreated`, `dateUpdated`, `uid`) VALUES ('20', '2', '22', '3', '2', '2014-03-19 21:22:22', '2014-03-20 20:10:31', 'cb20d3c4-dffc-4d7d-80dd-7b0619b04b39');
INSERT INTO `craft_matrixblocks` (`id`, `ownerId`, `fieldId`, `typeId`, `sortOrder`, `dateCreated`, `dateUpdated`, `uid`) VALUES ('34', '31', '16', '1', '1', '2014-03-20 09:37:57', '2014-03-20 09:37:57', 'ebd7ddde-2052-4283-94c5-8acc9d48bb0d');
INSERT INTO `craft_matrixblocks` (`id`, `ownerId`, `fieldId`, `typeId`, `sortOrder`, `dateCreated`, `dateUpdated`, `uid`) VALUES ('35', '31', '16', '1', '2', '2014-03-20 09:37:57', '2014-03-20 09:37:57', 'd3f94e97-93bf-45f4-9d4b-c5c114f30510');
INSERT INTO `craft_matrixblocks` (`id`, `ownerId`, `fieldId`, `typeId`, `sortOrder`, `dateCreated`, `dateUpdated`, `uid`) VALUES ('36', '31', '16', '1', '3', '2014-03-20 09:37:57', '2014-03-20 09:37:57', 'f3a25a83-d193-466a-b100-0676fcdce041');
INSERT INTO `craft_matrixblocks` (`id`, `ownerId`, `fieldId`, `typeId`, `sortOrder`, `dateCreated`, `dateUpdated`, `uid`) VALUES ('37', '31', '16', '1', '4', '2014-03-20 09:37:57', '2014-03-20 09:37:57', '0c81776e-4abe-418f-ac2e-ce3ce85e59bf');
INSERT INTO `craft_matrixblocks` (`id`, `ownerId`, `fieldId`, `typeId`, `sortOrder`, `dateCreated`, `dateUpdated`, `uid`) VALUES ('38', '31', '16', '1', '5', '2014-03-20 09:37:58', '2014-03-20 09:37:58', 'e7d535c5-4a58-4e68-a917-016e0ab4237e');
INSERT INTO `craft_matrixblocks` (`id`, `ownerId`, `fieldId`, `typeId`, `sortOrder`, `dateCreated`, `dateUpdated`, `uid`) VALUES ('39', '31', '16', '1', '6', '2014-03-20 09:37:58', '2014-03-20 09:37:58', '59d8cdf9-241a-4b49-a1bc-f8ca909944cd');
INSERT INTO `craft_matrixblocks` (`id`, `ownerId`, `fieldId`, `typeId`, `sortOrder`, `dateCreated`, `dateUpdated`, `uid`) VALUES ('40', '31', '16', '1', '7', '2014-03-20 09:37:58', '2014-03-20 09:37:58', '1c5568d8-91bc-48f8-aa46-579dd54b8673');
INSERT INTO `craft_matrixblocks` (`id`, `ownerId`, `fieldId`, `typeId`, `sortOrder`, `dateCreated`, `dateUpdated`, `uid`) VALUES ('41', '31', '16', '1', '8', '2014-03-20 09:37:58', '2014-03-20 09:37:58', '0eff2e00-1eab-4d26-8436-ca9296221af4');
INSERT INTO `craft_matrixblocks` (`id`, `ownerId`, `fieldId`, `typeId`, `sortOrder`, `dateCreated`, `dateUpdated`, `uid`) VALUES ('42', '31', '16', '1', '9', '2014-03-20 09:37:58', '2014-03-20 09:37:58', '5a5fc9fe-beb4-48f6-9f8e-a8e281d4e995');
INSERT INTO `craft_matrixblocks` (`id`, `ownerId`, `fieldId`, `typeId`, `sortOrder`, `dateCreated`, `dateUpdated`, `uid`) VALUES ('43', '31', '19', '2', '1', '2014-03-20 09:37:58', '2014-03-20 09:37:58', 'e4ac254a-0e48-4770-b608-4176b61ba779');
INSERT INTO `craft_matrixblocks` (`id`, `ownerId`, `fieldId`, `typeId`, `sortOrder`, `dateCreated`, `dateUpdated`, `uid`) VALUES ('44', '31', '19', '2', '2', '2014-03-20 09:37:58', '2014-03-20 09:37:58', 'cf3313d1-1be5-4e2a-8e12-dabbe34f3f41');
INSERT INTO `craft_matrixblocks` (`id`, `ownerId`, `fieldId`, `typeId`, `sortOrder`, `dateCreated`, `dateUpdated`, `uid`) VALUES ('45', '31', '19', '2', '3', '2014-03-20 09:37:58', '2014-03-20 09:37:58', 'a30754bb-e448-40bc-9170-1d2df1164c03');
INSERT INTO `craft_matrixblocks` (`id`, `ownerId`, `fieldId`, `typeId`, `sortOrder`, `dateCreated`, `dateUpdated`, `uid`) VALUES ('46', '31', '19', '2', '4', '2014-03-20 09:37:58', '2014-03-20 09:37:58', '35c4d4e2-004f-403e-8be7-c897f724c1d7');
INSERT INTO `craft_matrixblocks` (`id`, `ownerId`, `fieldId`, `typeId`, `sortOrder`, `dateCreated`, `dateUpdated`, `uid`) VALUES ('47', '31', '19', '2', '5', '2014-03-20 09:37:58', '2014-03-20 09:37:58', 'fdef1734-85d9-4907-a4da-eec1586a533e');
INSERT INTO `craft_matrixblocks` (`id`, `ownerId`, `fieldId`, `typeId`, `sortOrder`, `dateCreated`, `dateUpdated`, `uid`) VALUES ('48', '31', '19', '2', '6', '2014-03-20 09:37:58', '2014-03-20 09:37:58', '6953c712-ed85-45cf-a0dd-f0d6e4a7aaf6');
INSERT INTO `craft_matrixblocks` (`id`, `ownerId`, `fieldId`, `typeId`, `sortOrder`, `dateCreated`, `dateUpdated`, `uid`) VALUES ('49', '31', '19', '2', '7', '2014-03-20 09:37:58', '2014-03-20 09:37:58', '4ce2d438-e7bb-498e-96cb-17117a9b7be7');
INSERT INTO `craft_matrixblocks` (`id`, `ownerId`, `fieldId`, `typeId`, `sortOrder`, `dateCreated`, `dateUpdated`, `uid`) VALUES ('50', '31', '19', '2', '8', '2014-03-20 09:37:58', '2014-03-20 09:37:58', 'd137aa1a-e783-41b0-857a-2370ad595937');
INSERT INTO `craft_matrixblocks` (`id`, `ownerId`, `fieldId`, `typeId`, `sortOrder`, `dateCreated`, `dateUpdated`, `uid`) VALUES ('52', '51', '36', '4', '1', '2014-03-20 14:31:29', '2014-03-20 17:17:52', '302306e6-8925-4d78-aa69-ed194a1dd724');
INSERT INTO `craft_matrixblocks` (`id`, `ownerId`, `fieldId`, `typeId`, `sortOrder`, `dateCreated`, `dateUpdated`, `uid`) VALUES ('56', '55', '36', '4', '1', '2014-03-20 14:54:43', '2014-03-20 14:54:43', '440fbf69-497e-4e9a-991c-d9c00e59aa24');
INSERT INTO `craft_matrixblocks` (`id`, `ownerId`, `fieldId`, `typeId`, `sortOrder`, `dateCreated`, `dateUpdated`, `uid`) VALUES ('58', '51', '36', '4', '2', '2014-03-20 16:03:16', '2014-03-20 17:17:52', '700ad953-648a-488c-9cf3-6b83888892cd');
INSERT INTO `craft_matrixblocks` (`id`, `ownerId`, `fieldId`, `typeId`, `sortOrder`, `dateCreated`, `dateUpdated`, `uid`) VALUES ('65', '9', '46', '6', '1', '2014-03-20 20:16:52', '2014-03-20 20:16:52', '7f48931c-f13a-439b-86fe-1c183b7ed6bd');
INSERT INTO `craft_matrixblocks` (`id`, `ownerId`, `fieldId`, `typeId`, `sortOrder`, `dateCreated`, `dateUpdated`, `uid`) VALUES ('66', '9', '46', '6', '2', '2014-03-20 20:16:52', '2014-03-20 20:16:52', '26d911a9-7ca4-4164-ac76-b523634e12c7');
INSERT INTO `craft_matrixblocks` (`id`, `ownerId`, `fieldId`, `typeId`, `sortOrder`, `dateCreated`, `dateUpdated`, `uid`) VALUES ('67', '9', '46', '6', '3', '2014-03-20 20:16:52', '2014-03-20 20:16:52', '4c8ef290-91b5-436c-b268-dac200fc2a91');
INSERT INTO `craft_matrixblocks` (`id`, `ownerId`, `fieldId`, `typeId`, `sortOrder`, `dateCreated`, `dateUpdated`, `uid`) VALUES ('68', '9', '46', '6', '4', '2014-03-20 20:16:52', '2014-03-20 20:16:52', '3feae825-6fa3-4b39-9c05-fe5c5f633e38');
INSERT INTO `craft_matrixblocks` (`id`, `ownerId`, `fieldId`, `typeId`, `sortOrder`, `dateCreated`, `dateUpdated`, `uid`) VALUES ('69', '9', '46', '6', '5', '2014-03-20 20:16:52', '2014-03-20 20:16:52', 'bffc0c7e-6167-4017-a0ca-eb0c9a4a1a24');
INSERT INTO `craft_matrixblocks` (`id`, `ownerId`, `fieldId`, `typeId`, `sortOrder`, `dateCreated`, `dateUpdated`, `uid`) VALUES ('70', '9', '46', '6', '6', '2014-03-20 20:16:52', '2014-03-20 20:16:52', 'f14a1c6d-3fa4-4784-9628-759ce1a03714');
INSERT INTO `craft_matrixblocks` (`id`, `ownerId`, `fieldId`, `typeId`, `sortOrder`, `dateCreated`, `dateUpdated`, `uid`) VALUES ('71', '9', '46', '7', '7', '2014-03-20 20:16:52', '2014-03-20 20:16:52', 'cd636c9f-6817-413c-9954-e3f1fec768c9');



--
-- Schema for table `craft_matrixblocktypes`
--

DROP TABLE IF EXISTS `craft_matrixblocktypes`;

CREATE TABLE `craft_matrixblocktypes` (
  `id` int(11) NOT NULL AUTO_INCREMENT,
  `fieldId` int(11) NOT NULL,
  `fieldLayoutId` int(11) DEFAULT NULL,
  `name` varchar(255) COLLATE utf8_unicode_ci NOT NULL,
  `handle` varchar(255) COLLATE utf8_unicode_ci NOT NULL,
  `sortOrder` tinyint(4) DEFAULT NULL,
  `dateCreated` datetime NOT NULL,
  `dateUpdated` datetime NOT NULL,
  `uid` char(36) COLLATE utf8_unicode_ci NOT NULL DEFAULT '0',
  PRIMARY KEY (`id`),
  UNIQUE KEY `craft_matrixblocktypes_name_fieldId_unq_idx` (`name`,`fieldId`),
  UNIQUE KEY `craft_matrixblocktypes_handle_fieldId_unq_idx` (`handle`,`fieldId`),
  KEY `craft_matrixblocktypes_fieldId_fk` (`fieldId`),
  KEY `craft_matrixblocktypes_fieldLayoutId_fk` (`fieldLayoutId`)
) ENGINE=InnoDB AUTO_INCREMENT=8 DEFAULT CHARSET=utf8 COLLATE=utf8_unicode_ci;

--
-- Data for table `craft_matrixblocktypes`
--

INSERT INTO `craft_matrixblocktypes` (`id`, `fieldId`, `fieldLayoutId`, `name`, `handle`, `sortOrder`, `dateCreated`, `dateUpdated`, `uid`) VALUES ('1', '16', '31', 'Brand', 'brandName', '1', '2014-03-19 19:27:01', '2014-03-19 19:41:29', '126554d6-f222-4cbb-b599-24b41a8e34a6');
INSERT INTO `craft_matrixblocktypes` (`id`, `fieldId`, `fieldLayoutId`, `name`, `handle`, `sortOrder`, `dateCreated`, `dateUpdated`, `uid`) VALUES ('2', '19', '33', 'Brand', 'brandName', '1', '2014-03-19 19:41:18', '2014-03-19 19:58:49', '4c950e82-0022-4a93-94e9-8ffafc546db5');
INSERT INTO `craft_matrixblocktypes` (`id`, `fieldId`, `fieldLayoutId`, `name`, `handle`, `sortOrder`, `dateCreated`, `dateUpdated`, `uid`) VALUES ('3', '22', '39', 'Goods Clickable Panel', 'goodsPanel', '1', '2014-03-19 21:16:14', '2014-03-19 21:22:16', 'ee1f9c4b-d42d-4fb4-8062-1a2b5d1921d3');
INSERT INTO `craft_matrixblocktypes` (`id`, `fieldId`, `fieldLayoutId`, `name`, `handle`, `sortOrder`, `dateCreated`, `dateUpdated`, `uid`) VALUES ('4', '36', '66', 'Brand', 'brand', '1', '2014-03-20 14:27:21', '2014-03-20 16:01:34', 'bd8fed29-41dc-47b3-8e5c-680e16e60ccc');
INSERT INTO `craft_matrixblocktypes` (`id`, `fieldId`, `fieldLayoutId`, `name`, `handle`, `sortOrder`, `dateCreated`, `dateUpdated`, `uid`) VALUES ('5', '43', '68', 'Menu Item', 'menuItem', '1', '2014-03-20 17:56:15', '2014-03-20 17:56:15', '70c3c207-3ff0-4f20-a8ed-3b3aa51b7fd3');
INSERT INTO `craft_matrixblocktypes` (`id`, `fieldId`, `fieldLayoutId`, `name`, `handle`, `sortOrder`, `dateCreated`, `dateUpdated`, `uid`) VALUES ('6', '46', '75', 'Open Days', 'openDays', '1', '2014-03-20 20:15:04', '2014-03-20 20:15:04', 'ab89eaf0-e99a-4038-97ab-76116a949acf');
INSERT INTO `craft_matrixblocktypes` (`id`, `fieldId`, `fieldLayoutId`, `name`, `handle`, `sortOrder`, `dateCreated`, `dateUpdated`, `uid`) VALUES ('7', '46', '76', 'Closed Days', 'closedDays', '2', '2014-03-20 20:15:04', '2014-03-20 20:15:04', '89950b9d-17a1-4b5c-87f8-9deccbca5952');



--
-- Schema for table `craft_matrixcontent_branddescriptions`
--

DROP TABLE IF EXISTS `craft_matrixcontent_branddescriptions`;

CREATE TABLE `craft_matrixcontent_branddescriptions` (
  `id` int(11) NOT NULL AUTO_INCREMENT,
  `elementId` int(11) NOT NULL,
  `locale` char(12) COLLATE utf8_unicode_ci NOT NULL,
  `field_brand_brandName` text COLLATE utf8_unicode_ci,
  `field_brand_brandDescription` text COLLATE utf8_unicode_ci,
  `field_brand_brandShortDescription` text COLLATE utf8_unicode_ci,
  `dateCreated` datetime NOT NULL,
  `dateUpdated` datetime NOT NULL,
  `uid` char(36) COLLATE utf8_unicode_ci NOT NULL DEFAULT '0',
  PRIMARY KEY (`id`),
  UNIQUE KEY `craft_matrixcontent_branddescriptions_elementId_locale_unq_idx` (`elementId`,`locale`),
  KEY `craft_matrixcontent_branddescriptions_locale_fk` (`locale`)
) ENGINE=InnoDB AUTO_INCREMENT=4 DEFAULT CHARSET=utf8 COLLATE=utf8_unicode_ci;

--
-- Data for table `craft_matrixcontent_branddescriptions`
--

INSERT INTO `craft_matrixcontent_branddescriptions` (`id`, `elementId`, `locale`, `field_brand_brandName`, `field_brand_brandDescription`, `field_brand_brandShortDescription`, `dateCreated`, `dateUpdated`, `uid`) VALUES ('1', '52', 'en_us', 'RayBan', 'Ray-Ban® sunglasses are one of the most popular brands on the market.  The Optical Shoppe carries some of the most popular Ray-Ban frames and sunglasses in Baton Rouge.   Please do not hesitate to contact us or come by to see our large selection of Ray-Bans, including our custom optical lenses that can ordered to match your prescription.', 'RayBan is a luxury product.', '2014-03-20 14:31:29', '2014-03-20 17:17:52', '2ec935d2-1c8d-4f07-b176-0061f27e407b');
INSERT INTO `craft_matrixcontent_branddescriptions` (`id`, `elementId`, `locale`, `field_brand_brandName`, `field_brand_brandDescription`, `field_brand_brandShortDescription`, `dateCreated`, `dateUpdated`, `uid`) VALUES ('2', '56', 'en_us', 'Ray Ban', 'Ray-Ban® sunglasses are one of the most popular brands on the market.  The Optical Shoppe carries some of the most popular Ray-Ban frames and sunglasses in Baton Rouge.   Please do not hesitate to contact us or come by to see our large selection of Ray-Bans, including our custom optical lenses that can ordered to match your prescription.', '', '2014-03-20 14:54:43', '2014-03-20 14:54:43', '2aaf4720-8999-4238-8b2d-487cbe7a6002');
INSERT INTO `craft_matrixcontent_branddescriptions` (`id`, `elementId`, `locale`, `field_brand_brandName`, `field_brand_brandDescription`, `field_brand_brandShortDescription`, `dateCreated`, `dateUpdated`, `uid`) VALUES ('3', '58', 'en_us', 'Aviator', 'Aviator is a luxury brand that is well renowned for its distinguished style. ', 'Aviator is cool.', '2014-03-20 16:03:16', '2014-03-20 17:17:52', '8b6b664d-da2b-406b-8ddf-4d04d116e1e1');



--
-- Schema for table `craft_matrixcontent_collectionlistleft`
--

DROP TABLE IF EXISTS `craft_matrixcontent_collectionlistleft`;

CREATE TABLE `craft_matrixcontent_collectionlistleft` (
  `id` int(11) NOT NULL AUTO_INCREMENT,
  `elementId` int(11) NOT NULL,
  `locale` char(12) COLLATE utf8_unicode_ci NOT NULL,
  `field_brandName_brandName` text COLLATE utf8_unicode_ci,
  `field_brandName_brandDescription` text COLLATE utf8_unicode_ci,
  `dateCreated` datetime NOT NULL,
  `dateUpdated` datetime NOT NULL,
  `uid` char(36) COLLATE utf8_unicode_ci NOT NULL DEFAULT '0',
  PRIMARY KEY (`id`),
  UNIQUE KEY `craft_matrixcontent_collectionlistleft_elementId_locale_unq_idx` (`elementId`,`locale`),
  KEY `craft_matrixcontent_collectionlistleft_locale_idx` (`locale`)
) ENGINE=InnoDB AUTO_INCREMENT=14 DEFAULT CHARSET=utf8 COLLATE=utf8_unicode_ci;

--
-- Data for table `craft_matrixcontent_collectionlistleft`
--

INSERT INTO `craft_matrixcontent_collectionlistleft` (`id`, `elementId`, `locale`, `field_brandName_brandName`, `field_brandName_brandDescription`, `dateCreated`, `dateUpdated`, `uid`) VALUES ('1', '11', 'en_us', 'Barton Perreira Eyewear', 'Pure luxury, style and elegance handcrafted to perfection.', '2014-03-19 19:33:34', '2014-03-20 20:10:31', '680f57de-8749-46f8-b1ec-4d297c8c2cb4');
INSERT INTO `craft_matrixcontent_collectionlistleft` (`id`, `elementId`, `locale`, `field_brandName_brandName`, `field_brandName_brandDescription`, `dateCreated`, `dateUpdated`, `uid`) VALUES ('2', '12', 'en_us', 'Dita', 'Stylish eyewear inspired by vintage frames from the 50\'s thru 80\'s. Meticulously handcrafted to insure the highest quality frame.', '2014-03-19 19:33:34', '2014-03-20 20:10:31', 'dfc988ed-f37d-4a36-8bf0-bd2737556c9b');
INSERT INTO `craft_matrixcontent_collectionlistleft` (`id`, `elementId`, `locale`, `field_brandName_brandName`, `field_brandName_brandDescription`, `dateCreated`, `dateUpdated`, `uid`) VALUES ('3', '13', 'en_us', 'Oliver Peoples', 'A vintage iconic collection , unique and timeless. Established in 1986, the company was founded in West Hollywood CA and first appeared on the cover of German vogue in 1987.', '2014-03-19 19:33:34', '2014-03-20 20:10:31', '297aeccb-511c-4bdd-b8b1-8a92357279fe');
INSERT INTO `craft_matrixcontent_collectionlistleft` (`id`, `elementId`, `locale`, `field_brandName_brandName`, `field_brandName_brandDescription`, `dateCreated`, `dateUpdated`, `uid`) VALUES ('4', '14', 'en_us', 'Lindberg Danish Eyewear', 'Brilliant design, impeccable craftsmanship, unique colors, minimalist design, no rivets no screws, the lightest eyewear in the world.', '2014-03-19 19:33:34', '2014-03-20 20:10:31', 'fe40e91d-2dd9-44f3-bda1-8d49af0cf094');
INSERT INTO `craft_matrixcontent_collectionlistleft` (`id`, `elementId`, `locale`, `field_brandName_brandName`, `field_brandName_brandDescription`, `dateCreated`, `dateUpdated`, `uid`) VALUES ('5', '34', 'en_us', 'Eye-bobs', '', '2014-03-20 09:37:57', '2014-03-20 09:37:57', 'cb79e0d0-9b03-4395-b045-7c3a24536627');
INSERT INTO `craft_matrixcontent_collectionlistleft` (`id`, `elementId`, `locale`, `field_brandName_brandName`, `field_brandName_brandDescription`, `dateCreated`, `dateUpdated`, `uid`) VALUES ('6', '35', 'en_us', 'Lindberg', '', '2014-03-20 09:37:57', '2014-03-20 09:37:57', '752ecc3d-cff9-40db-a9cf-bc8587c6c5cf');
INSERT INTO `craft_matrixcontent_collectionlistleft` (`id`, `elementId`, `locale`, `field_brandName_brandName`, `field_brandName_brandDescription`, `dateCreated`, `dateUpdated`, `uid`) VALUES ('7', '36', 'en_us', 'Versace', '', '2014-03-20 09:37:57', '2014-03-20 09:37:57', '85cf15b5-7cf0-4bf9-b3a9-68afc9c2789f');
INSERT INTO `craft_matrixcontent_collectionlistleft` (`id`, `elementId`, `locale`, `field_brandName_brandName`, `field_brandName_brandDescription`, `dateCreated`, `dateUpdated`, `uid`) VALUES ('8', '37', 'en_us', 'Oakley', '', '2014-03-20 09:37:57', '2014-03-20 09:37:57', '9ff1e291-7a86-41bb-8fba-83a4c37cd5aa');
INSERT INTO `craft_matrixcontent_collectionlistleft` (`id`, `elementId`, `locale`, `field_brandName_brandName`, `field_brandName_brandDescription`, `dateCreated`, `dateUpdated`, `uid`) VALUES ('9', '38', 'en_us', 'Silhouette', '', '2014-03-20 09:37:58', '2014-03-20 09:37:58', '2bae4046-cdac-4473-b04b-0279fcf452ce');
INSERT INTO `craft_matrixcontent_collectionlistleft` (`id`, `elementId`, `locale`, `field_brandName_brandName`, `field_brandName_brandDescription`, `dateCreated`, `dateUpdated`, `uid`) VALUES ('10', '39', 'en_us', 'Tom Ford', '', '2014-03-20 09:37:58', '2014-03-20 09:37:58', 'b00adefb-9379-4b94-84ce-75903db354e6');
INSERT INTO `craft_matrixcontent_collectionlistleft` (`id`, `elementId`, `locale`, `field_brandName_brandName`, `field_brandName_brandDescription`, `dateCreated`, `dateUpdated`, `uid`) VALUES ('11', '40', 'en_us', 'Prada', '', '2014-03-20 09:37:58', '2014-03-20 09:37:58', '7f298d06-863e-4a2f-8edf-ecf59cc61c0c');
INSERT INTO `craft_matrixcontent_collectionlistleft` (`id`, `elementId`, `locale`, `field_brandName_brandName`, `field_brandName_brandDescription`, `dateCreated`, `dateUpdated`, `uid`) VALUES ('12', '41', 'en_us', 'Barton Pereira', '', '2014-03-20 09:37:58', '2014-03-20 09:37:58', '13e4f039-cddd-46ce-ac49-92e621f932c3');
INSERT INTO `craft_matrixcontent_collectionlistleft` (`id`, `elementId`, `locale`, `field_brandName_brandName`, `field_brandName_brandDescription`, `dateCreated`, `dateUpdated`, `uid`) VALUES ('13', '42', 'en_us', 'David Yurman', '', '2014-03-20 09:37:58', '2014-03-20 09:37:58', '19fc550b-3932-4d5e-b314-184b18caca14');



--
-- Schema for table `craft_matrixcontent_collectionlistright`
--

DROP TABLE IF EXISTS `craft_matrixcontent_collectionlistright`;

CREATE TABLE `craft_matrixcontent_collectionlistright` (
  `id` int(11) NOT NULL AUTO_INCREMENT,
  `elementId` int(11) NOT NULL,
  `locale` char(12) COLLATE utf8_unicode_ci NOT NULL,
  `field_brandName_brandDescription` text COLLATE utf8_unicode_ci,
  `field_brandName_brandName` text COLLATE utf8_unicode_ci,
  `dateCreated` datetime NOT NULL,
  `dateUpdated` datetime NOT NULL,
  `uid` char(36) COLLATE utf8_unicode_ci NOT NULL DEFAULT '0',
  PRIMARY KEY (`id`),
  UNIQUE KEY `craft_matrixcontent_collectionlistright_elementId_locale_unq_idx` (`elementId`,`locale`),
  KEY `craft_matrixcontent_collectionlistright_locale_fk` (`locale`)
) ENGINE=InnoDB AUTO_INCREMENT=13 DEFAULT CHARSET=utf8 COLLATE=utf8_unicode_ci;

--
-- Data for table `craft_matrixcontent_collectionlistright`
--

INSERT INTO `craft_matrixcontent_collectionlistright` (`id`, `elementId`, `locale`, `field_brandName_brandDescription`, `field_brandName_brandName`, `dateCreated`, `dateUpdated`, `uid`) VALUES ('1', '15', 'en_us', 'Created in 2010 in a young, classic design. Perfect craftsmanship with timeless aesthetics.', 'Garrett Leight', '2014-03-19 20:00:15', '2014-03-20 20:10:31', '6a0dc6a0-3f05-4292-bd1e-240b248af839');
INSERT INTO `craft_matrixcontent_collectionlistright` (`id`, `elementId`, `locale`, `field_brandName_brandDescription`, `field_brandName_brandName`, `dateCreated`, `dateUpdated`, `uid`) VALUES ('2', '16', 'en_us', 'Patented lens technology makes every detail crisp and clear. Every pair is polarized to block the most intense glare.', 'Maui Jim Sunglasses', '2014-03-19 20:00:15', '2014-03-20 20:10:31', 'db215d5b-fa51-4c39-911b-6cb771a66cf3');
INSERT INTO `craft_matrixcontent_collectionlistright` (`id`, `elementId`, `locale`, `field_brandName_brandDescription`, `field_brandName_brandName`, `dateCreated`, `dateUpdated`, `uid`) VALUES ('3', '17', 'en_us', ' Founded in 1937 and best known for their aviator and wayfarer style of sunglasses. Old and new come together.', 'Ray-Ban', '2014-03-19 20:00:15', '2014-03-20 20:10:31', '011515be-dc82-4cda-bf08-0816a5ec59ec');
INSERT INTO `craft_matrixcontent_collectionlistright` (`id`, `elementId`, `locale`, `field_brandName_brandDescription`, `field_brandName_brandName`, `dateCreated`, `dateUpdated`, `uid`) VALUES ('4', '18', 'en_us', 'Hollywood inspired, stunning, bold, and sexy.', '** Not Exclusive: Tom Ford', '2014-03-19 20:00:15', '2014-03-20 20:10:31', 'f42ba909-e8b6-4279-8aec-c4282b6e4e2e');
INSERT INTO `craft_matrixcontent_collectionlistright` (`id`, `elementId`, `locale`, `field_brandName_brandDescription`, `field_brandName_brandName`, `dateCreated`, `dateUpdated`, `uid`) VALUES ('5', '43', 'en_us', '', 'Tory Burch', '2014-03-20 09:37:58', '2014-03-20 09:37:58', 'd0afe0b2-354c-4065-9b45-3bf044380993');
INSERT INTO `craft_matrixcontent_collectionlistright` (`id`, `elementId`, `locale`, `field_brandName_brandDescription`, `field_brandName_brandName`, `dateCreated`, `dateUpdated`, `uid`) VALUES ('6', '44', 'en_us', '', 'DSQUARED^2', '2014-03-20 09:37:58', '2014-03-20 09:37:58', '7273ef1a-cc50-4c27-91c9-122a86386514');
INSERT INTO `craft_matrixcontent_collectionlistright` (`id`, `elementId`, `locale`, `field_brandName_brandDescription`, `field_brandName_brandName`, `dateCreated`, `dateUpdated`, `uid`) VALUES ('7', '45', 'en_us', '', 'Brooks Brothers', '2014-03-20 09:37:58', '2014-03-20 09:37:58', '7968c2bb-8e83-4f91-8697-bea32611ae46');
INSERT INTO `craft_matrixcontent_collectionlistright` (`id`, `elementId`, `locale`, `field_brandName_brandDescription`, `field_brandName_brandName`, `dateCreated`, `dateUpdated`, `uid`) VALUES ('8', '46', 'en_us', '', 'Eddie Bauer', '2014-03-20 09:37:58', '2014-03-20 09:37:58', 'b8ac7afc-5851-4870-b744-dc25129765f2');
INSERT INTO `craft_matrixcontent_collectionlistright` (`id`, `elementId`, `locale`, `field_brandName_brandDescription`, `field_brandName_brandName`, `dateCreated`, `dateUpdated`, `uid`) VALUES ('9', '47', 'en_us', '', 'Paul Smith', '2014-03-20 09:37:58', '2014-03-20 09:37:58', '90cc9436-ceb5-4a0b-95e1-e23eb64e4edc');
INSERT INTO `craft_matrixcontent_collectionlistright` (`id`, `elementId`, `locale`, `field_brandName_brandDescription`, `field_brandName_brandName`, `dateCreated`, `dateUpdated`, `uid`) VALUES ('10', '48', 'en_us', '', 'Persol', '2014-03-20 09:37:58', '2014-03-20 09:37:58', '1e82d7f9-2919-47b0-9cdb-4a2661e53c7c');
INSERT INTO `craft_matrixcontent_collectionlistright` (`id`, `elementId`, `locale`, `field_brandName_brandDescription`, `field_brandName_brandName`, `dateCreated`, `dateUpdated`, `uid`) VALUES ('11', '49', 'en_us', '', 'Coach', '2014-03-20 09:37:58', '2014-03-20 09:37:58', 'dce9b827-b0a6-4373-8c48-5c74ba76b51a');
INSERT INTO `craft_matrixcontent_collectionlistright` (`id`, `elementId`, `locale`, `field_brandName_brandDescription`, `field_brandName_brandName`, `dateCreated`, `dateUpdated`, `uid`) VALUES ('12', '50', 'en_us', '', 'Biggu', '2014-03-20 09:37:58', '2014-03-20 09:37:58', '03d34215-4645-4ff6-9422-d3476bbc0656');



--
-- Schema for table `craft_matrixcontent_goods`
--

DROP TABLE IF EXISTS `craft_matrixcontent_goods`;

CREATE TABLE `craft_matrixcontent_goods` (
  `id` int(11) NOT NULL AUTO_INCREMENT,
  `elementId` int(11) NOT NULL,
  `locale` char(12) COLLATE utf8_unicode_ci NOT NULL,
  `field_goodsPanel_heading` text COLLATE utf8_unicode_ci,
  `field_goodsPanel_caption` text COLLATE utf8_unicode_ci,
  `dateCreated` datetime NOT NULL,
  `dateUpdated` datetime NOT NULL,
  `uid` char(36) COLLATE utf8_unicode_ci NOT NULL DEFAULT '0',
  PRIMARY KEY (`id`),
  UNIQUE KEY `craft_matrixcontent_goods_elementId_locale_unq_idx` (`elementId`,`locale`),
  KEY `craft_matrixcontent_goods_locale_fk` (`locale`)
) ENGINE=InnoDB AUTO_INCREMENT=3 DEFAULT CHARSET=utf8 COLLATE=utf8_unicode_ci;

--
-- Data for table `craft_matrixcontent_goods`
--

INSERT INTO `craft_matrixcontent_goods` (`id`, `elementId`, `locale`, `field_goodsPanel_heading`, `field_goodsPanel_caption`, `dateCreated`, `dateUpdated`, `uid`) VALUES ('1', '19', 'en_us', 'Eyeglasses', 'Click to view our eyeglasses!', '2014-03-19 21:22:22', '2014-03-20 20:10:31', '9c4a5cac-8560-4d4c-99f7-41ec4c3ca4b8');
INSERT INTO `craft_matrixcontent_goods` (`id`, `elementId`, `locale`, `field_goodsPanel_heading`, `field_goodsPanel_caption`, `dateCreated`, `dateUpdated`, `uid`) VALUES ('2', '20', 'en_us', 'Sunglasses', 'Click to view our sunglasses!', '2014-03-19 21:22:22', '2014-03-20 20:10:31', 'e6ab7495-bf0a-4557-b949-84db8a2b3185');



--
-- Schema for table `craft_matrixcontent_hourslist`
--

DROP TABLE IF EXISTS `craft_matrixcontent_hourslist`;

CREATE TABLE `craft_matrixcontent_hourslist` (
  `id` int(11) NOT NULL AUTO_INCREMENT,
  `elementId` int(11) NOT NULL,
  `locale` char(12) COLLATE utf8_unicode_ci NOT NULL,
  `field_openDays_day` varchar(8) COLLATE utf8_unicode_ci DEFAULT NULL,
  `field_openDays_openingTime` varchar(2) COLLATE utf8_unicode_ci DEFAULT NULL,
  `field_openDays_closingTime` varchar(2) COLLATE utf8_unicode_ci DEFAULT NULL,
  `field_closedDays_day` text COLLATE utf8_unicode_ci,
  `field_closedDays_storeStatus` text COLLATE utf8_unicode_ci,
  `dateCreated` datetime NOT NULL,
  `dateUpdated` datetime NOT NULL,
  `uid` char(36) COLLATE utf8_unicode_ci NOT NULL DEFAULT '0',
  PRIMARY KEY (`id`),
  UNIQUE KEY `craft_matrixcontent_hourslist_elementId_locale_unq_idx` (`elementId`,`locale`),
  KEY `craft_matrixcontent_hourslist_locale_fk` (`locale`)
) ENGINE=InnoDB AUTO_INCREMENT=8 DEFAULT CHARSET=utf8 COLLATE=utf8_unicode_ci;

--
-- Data for table `craft_matrixcontent_hourslist`
--

INSERT INTO `craft_matrixcontent_hourslist` (`id`, `elementId`, `locale`, `field_openDays_day`, `field_openDays_openingTime`, `field_openDays_closingTime`, `field_closedDays_day`, `field_closedDays_storeStatus`, `dateCreated`, `dateUpdated`, `uid`) VALUES ('1', '65', 'en_us', 'Monday', '10', '5', NULL, NULL, '2014-03-20 20:16:52', '2014-03-20 20:16:52', '04350d93-2684-4128-a267-d60236836621');
INSERT INTO `craft_matrixcontent_hourslist` (`id`, `elementId`, `locale`, `field_openDays_day`, `field_openDays_openingTime`, `field_openDays_closingTime`, `field_closedDays_day`, `field_closedDays_storeStatus`, `dateCreated`, `dateUpdated`, `uid`) VALUES ('2', '66', 'en_us', 'Tuesday', '10', '5', NULL, NULL, '2014-03-20 20:16:52', '2014-03-20 20:16:52', '79ed06ac-bab9-415c-bdac-d3834fbeee50');
INSERT INTO `craft_matrixcontent_hourslist` (`id`, `elementId`, `locale`, `field_openDays_day`, `field_openDays_openingTime`, `field_openDays_closingTime`, `field_closedDays_day`, `field_closedDays_storeStatus`, `dateCreated`, `dateUpdated`, `uid`) VALUES ('3', '67', 'en_us', 'Wednesd', '10', '5', NULL, NULL, '2014-03-20 20:16:52', '2014-03-20 20:16:52', 'e1efe01e-f12e-476d-9978-1c392a3ed62e');
INSERT INTO `craft_matrixcontent_hourslist` (`id`, `elementId`, `locale`, `field_openDays_day`, `field_openDays_openingTime`, `field_openDays_closingTime`, `field_closedDays_day`, `field_closedDays_storeStatus`, `dateCreated`, `dateUpdated`, `uid`) VALUES ('4', '68', 'en_us', 'Thursday', '10', '5', NULL, NULL, '2014-03-20 20:16:52', '2014-03-20 20:16:52', '5bc0a5f8-f9e1-417c-b4cc-af7982ad7918');
INSERT INTO `craft_matrixcontent_hourslist` (`id`, `elementId`, `locale`, `field_openDays_day`, `field_openDays_openingTime`, `field_openDays_closingTime`, `field_closedDays_day`, `field_closedDays_storeStatus`, `dateCreated`, `dateUpdated`, `uid`) VALUES ('5', '69', 'en_us', 'Friday', '10', '5', NULL, NULL, '2014-03-20 20:16:52', '2014-03-20 20:16:52', '2c197b36-1a21-4951-8245-80e948f43837');
INSERT INTO `craft_matrixcontent_hourslist` (`id`, `elementId`, `locale`, `field_openDays_day`, `field_openDays_openingTime`, `field_openDays_closingTime`, `field_closedDays_day`, `field_closedDays_storeStatus`, `dateCreated`, `dateUpdated`, `uid`) VALUES ('6', '70', 'en_us', 'Saturday', '10', '2', NULL, NULL, '2014-03-20 20:16:52', '2014-03-20 20:16:52', '73f0de3a-dabf-42eb-b0d1-92dccd9ee619');
INSERT INTO `craft_matrixcontent_hourslist` (`id`, `elementId`, `locale`, `field_openDays_day`, `field_openDays_openingTime`, `field_openDays_closingTime`, `field_closedDays_day`, `field_closedDays_storeStatus`, `dateCreated`, `dateUpdated`, `uid`) VALUES ('7', '71', 'en_us', NULL, NULL, NULL, 'Sunday', 'Closed', '2014-03-20 20:16:52', '2014-03-20 20:16:52', 'dfe999ac-fb6a-4b0c-b4bf-a58ebfb1f4dc');



--
-- Schema for table `craft_matrixcontent_mainmenu`
--

DROP TABLE IF EXISTS `craft_matrixcontent_mainmenu`;

CREATE TABLE `craft_matrixcontent_mainmenu` (
  `id` int(11) NOT NULL AUTO_INCREMENT,
  `elementId` int(11) NOT NULL,
  `locale` char(12) COLLATE utf8_unicode_ci NOT NULL,
  `dateCreated` datetime NOT NULL,
  `dateUpdated` datetime NOT NULL,
  `uid` char(36) COLLATE utf8_unicode_ci NOT NULL DEFAULT '0',
  PRIMARY KEY (`id`),
  UNIQUE KEY `craft_matrixcontent_mainmenu_elementId_locale_unq_idx` (`elementId`,`locale`),
  KEY `craft_matrixcontent_mainmenu_locale_fk` (`locale`)
) ENGINE=InnoDB DEFAULT CHARSET=utf8 COLLATE=utf8_unicode_ci;

--
-- Schema for table `craft_migrations`
--

DROP TABLE IF EXISTS `craft_migrations`;

CREATE TABLE `craft_migrations` (
  `id` int(11) NOT NULL AUTO_INCREMENT,
  `pluginId` int(11) DEFAULT NULL,
  `version` varchar(255) COLLATE utf8_unicode_ci NOT NULL,
  `applyTime` datetime NOT NULL,
  `dateCreated` datetime NOT NULL,
  `dateUpdated` datetime NOT NULL,
  `uid` char(36) COLLATE utf8_unicode_ci NOT NULL DEFAULT '0',
  PRIMARY KEY (`id`),
  UNIQUE KEY `craft_migrations_version_unq_idx` (`version`),
  KEY `craft_migrations_pluginId_fk` (`pluginId`)
) ENGINE=InnoDB AUTO_INCREMENT=6 DEFAULT CHARSET=utf8 COLLATE=utf8_unicode_ci;

--
-- Data for table `craft_migrations`
--

INSERT INTO `craft_migrations` (`id`, `pluginId`, `version`, `applyTime`, `dateCreated`, `dateUpdated`, `uid`) VALUES ('1', NULL, 'm000000_000000_base', '2014-03-15 17:07:09', '2014-03-15 17:07:09', '2014-03-15 17:07:09', '226bd2cb-ab61-4e58-8a62-ca6ea263b587');
INSERT INTO `craft_migrations` (`id`, `pluginId`, `version`, `applyTime`, `dateCreated`, `dateUpdated`, `uid`) VALUES ('2', NULL, 'm131212_000001_add_missing_fk_to_emailmessages', '2014-03-15 17:07:09', '2014-03-15 17:07:09', '2014-03-15 17:07:09', '594a8cf4-314b-454b-a8d0-ebd87a0a28b6');
INSERT INTO `craft_migrations` (`id`, `pluginId`, `version`, `applyTime`, `dateCreated`, `dateUpdated`, `uid`) VALUES ('3', NULL, 'm140123_000000_update_widget_sort_orders', '2014-03-15 17:07:09', '2014-03-15 17:07:09', '2014-03-15 17:07:09', 'd92cc1c3-6d4f-47f4-9df4-16618b07457a');
INSERT INTO `craft_migrations` (`id`, `pluginId`, `version`, `applyTime`, `dateCreated`, `dateUpdated`, `uid`) VALUES ('4', NULL, 'm140212_000000_clean_up_structures', '2014-03-15 17:07:09', '2014-03-15 17:07:09', '2014-03-15 17:07:09', 'cc1b12a4-29be-4f13-9e61-10908c0ea72f');
INSERT INTO `craft_migrations` (`id`, `pluginId`, `version`, `applyTime`, `dateCreated`, `dateUpdated`, `uid`) VALUES ('5', NULL, 'm140223_000000_add_missing_element_rows', '2014-03-15 17:07:09', '2014-03-15 17:07:09', '2014-03-15 17:07:09', 'f2a584e1-af29-43a1-858b-aa92cd7d75c8');



--
-- Schema for table `craft_plugins`
--

DROP TABLE IF EXISTS `craft_plugins`;

CREATE TABLE `craft_plugins` (
  `id` int(11) NOT NULL AUTO_INCREMENT,
  `class` char(150) COLLATE utf8_unicode_ci NOT NULL,
  `version` char(15) COLLATE utf8_unicode_ci NOT NULL,
  `enabled` tinyint(1) unsigned NOT NULL DEFAULT '0',
  `settings` text COLLATE utf8_unicode_ci,
  `installDate` datetime NOT NULL,
  `dateCreated` datetime NOT NULL,
  `dateUpdated` datetime NOT NULL,
  `uid` char(36) COLLATE utf8_unicode_ci NOT NULL DEFAULT '0',
  PRIMARY KEY (`id`)
) ENGINE=InnoDB AUTO_INCREMENT=3 DEFAULT CHARSET=utf8 COLLATE=utf8_unicode_ci;

--
-- Data for table `craft_plugins`
--

INSERT INTO `craft_plugins` (`id`, `class`, `version`, `enabled`, `settings`, `installDate`, `dateCreated`, `dateUpdated`, `uid`) VALUES ('1', 'Directory', '0.9.6', '1', NULL, '2014-03-20 17:29:18', '2014-03-20 17:29:18', '2014-03-20 17:29:18', 'a80c84cb-5dcd-40de-8a1c-753e2ea930c2');
INSERT INTO `craft_plugins` (`id`, `class`, `version`, `enabled`, `settings`, `installDate`, `dateCreated`, `dateUpdated`, `uid`) VALUES ('2', 'ContactForm', '1.3', '1', '{\"toEmail\":\"sethjgore@gmail.com\",\"prependSender\":\"On behalf of\",\"prependSubject\":\"New message from Optical Shoppe\",\"allowAttachments\":\"\",\"honeypotField\":\"Kitten\"}', '2014-03-20 17:32:02', '2014-03-20 17:32:02', '2014-03-20 17:41:07', '54e4d26c-73bf-4b14-83c0-6810ba8c06cb');



--
-- Schema for table `craft_rackspaceaccess`
--

DROP TABLE IF EXISTS `craft_rackspaceaccess`;

CREATE TABLE `craft_rackspaceaccess` (
  `id` int(11) NOT NULL AUTO_INCREMENT,
  `connectionKey` varchar(255) COLLATE utf8_unicode_ci NOT NULL,
  `token` varchar(255) COLLATE utf8_unicode_ci NOT NULL,
  `storageUrl` varchar(255) COLLATE utf8_unicode_ci NOT NULL,
  `cdnUrl` varchar(255) COLLATE utf8_unicode_ci NOT NULL,
  `dateCreated` datetime NOT NULL,
  `dateUpdated` datetime NOT NULL,
  `uid` char(36) COLLATE utf8_unicode_ci NOT NULL DEFAULT '0',
  PRIMARY KEY (`id`),
  UNIQUE KEY `craft_rackspaceaccess_connectionKey_unq_idx` (`connectionKey`)
) ENGINE=InnoDB DEFAULT CHARSET=utf8 COLLATE=utf8_unicode_ci;

--
-- Schema for table `craft_relations`
--

DROP TABLE IF EXISTS `craft_relations`;

CREATE TABLE `craft_relations` (
  `id` int(11) NOT NULL AUTO_INCREMENT,
  `fieldId` int(11) NOT NULL,
  `sourceId` int(11) NOT NULL,
  `targetId` int(11) NOT NULL,
  `sortOrder` tinyint(4) DEFAULT NULL,
  `dateCreated` datetime NOT NULL,
  `dateUpdated` datetime NOT NULL,
  `uid` char(36) COLLATE utf8_unicode_ci NOT NULL DEFAULT '0',
  PRIMARY KEY (`id`),
  UNIQUE KEY `craft_relations_fieldId_sourceId_targetId_unq_idx` (`fieldId`,`sourceId`,`targetId`),
  KEY `craft_relations_sourceId_fk` (`sourceId`),
  KEY `craft_relations_targetId_fk` (`targetId`)
) ENGINE=InnoDB AUTO_INCREMENT=129 DEFAULT CHARSET=utf8 COLLATE=utf8_unicode_ci;

--
-- Data for table `craft_relations`
--

INSERT INTO `craft_relations` (`id`, `fieldId`, `sourceId`, `targetId`, `sortOrder`, `dateCreated`, `dateUpdated`, `uid`) VALUES ('3', '28', '4', '21', '1', '2014-03-19 21:48:46', '2014-03-19 21:48:46', 'b163ee48-de10-4ed0-9fd6-589919b2a023');
INSERT INTO `craft_relations` (`id`, `fieldId`, `sourceId`, `targetId`, `sortOrder`, `dateCreated`, `dateUpdated`, `uid`) VALUES ('84', '42', '52', '57', '1', '2014-03-20 17:17:52', '2014-03-20 17:17:52', 'e3d4c34c-09e0-4599-8128-6588b32387fb');
INSERT INTO `craft_relations` (`id`, `fieldId`, `sourceId`, `targetId`, `sortOrder`, `dateCreated`, `dateUpdated`, `uid`) VALUES ('85', '42', '58', '59', '1', '2014-03-20 17:17:52', '2014-03-20 17:17:52', '46e28875-9e9e-47e1-98d3-ba4155046a4a');
INSERT INTO `craft_relations` (`id`, `fieldId`, `sourceId`, `targetId`, `sortOrder`, `dateCreated`, `dateUpdated`, `uid`) VALUES ('86', '40', '23', '59', '1', '2014-03-20 17:19:08', '2014-03-20 17:19:08', '8ffa605a-f3c1-495b-b818-c094f90250cf');
INSERT INTO `craft_relations` (`id`, `fieldId`, `sourceId`, `targetId`, `sortOrder`, `dateCreated`, `dateUpdated`, `uid`) VALUES ('87', '35', '23', '30', '1', '2014-03-20 17:19:08', '2014-03-20 17:19:08', '9c9047b1-596d-4e99-9c80-0e6f124c7879');
INSERT INTO `craft_relations` (`id`, `fieldId`, `sourceId`, `targetId`, `sortOrder`, `dateCreated`, `dateUpdated`, `uid`) VALUES ('88', '35', '23', '29', '2', '2014-03-20 17:19:08', '2014-03-20 17:19:08', '8170031e-1414-465b-99e7-0bfe6fb76c13');
INSERT INTO `craft_relations` (`id`, `fieldId`, `sourceId`, `targetId`, `sortOrder`, `dateCreated`, `dateUpdated`, `uid`) VALUES ('89', '35', '23', '28', '3', '2014-03-20 17:19:08', '2014-03-20 17:19:08', '5e018ec0-1208-420a-afdd-41fe473d3e93');
INSERT INTO `craft_relations` (`id`, `fieldId`, `sourceId`, `targetId`, `sortOrder`, `dateCreated`, `dateUpdated`, `uid`) VALUES ('90', '35', '23', '27', '4', '2014-03-20 17:19:08', '2014-03-20 17:19:08', 'b7ffbd2a-b57c-4200-aaa4-8f841c558c79');
INSERT INTO `craft_relations` (`id`, `fieldId`, `sourceId`, `targetId`, `sortOrder`, `dateCreated`, `dateUpdated`, `uid`) VALUES ('91', '35', '23', '26', '5', '2014-03-20 17:19:08', '2014-03-20 17:19:08', 'c4e62f2e-5084-4a32-9ad5-5bae67762d15');
INSERT INTO `craft_relations` (`id`, `fieldId`, `sourceId`, `targetId`, `sortOrder`, `dateCreated`, `dateUpdated`, `uid`) VALUES ('92', '28', '23', '30', '1', '2014-03-20 17:19:09', '2014-03-20 17:19:09', 'fefaa0ee-58cd-4fd3-b934-cc93632a41e8');
INSERT INTO `craft_relations` (`id`, `fieldId`, `sourceId`, `targetId`, `sortOrder`, `dateCreated`, `dateUpdated`, `uid`) VALUES ('101', '43', '60', '2', '1', '2014-03-20 18:31:10', '2014-03-20 18:31:10', '876eec4a-af6e-4622-96d5-661168c58a10');
INSERT INTO `craft_relations` (`id`, `fieldId`, `sourceId`, `targetId`, `sortOrder`, `dateCreated`, `dateUpdated`, `uid`) VALUES ('102', '43', '60', '4', '2', '2014-03-20 18:31:10', '2014-03-20 18:31:10', '1a305c02-9a19-4665-99ff-0a82b7887194');
INSERT INTO `craft_relations` (`id`, `fieldId`, `sourceId`, `targetId`, `sortOrder`, `dateCreated`, `dateUpdated`, `uid`) VALUES ('103', '43', '60', '5', '3', '2014-03-20 18:31:10', '2014-03-20 18:31:10', '1031271c-8db2-408f-9c72-1f57430b94f8');
INSERT INTO `craft_relations` (`id`, `fieldId`, `sourceId`, `targetId`, `sortOrder`, `dateCreated`, `dateUpdated`, `uid`) VALUES ('104', '43', '60', '6', '4', '2014-03-20 18:31:10', '2014-03-20 18:31:10', '560e06d2-c91f-4ca9-aa12-77ddcf019a5d');
INSERT INTO `craft_relations` (`id`, `fieldId`, `sourceId`, `targetId`, `sortOrder`, `dateCreated`, `dateUpdated`, `uid`) VALUES ('105', '45', '60', '31', '1', '2014-03-20 18:31:10', '2014-03-20 18:31:10', '08316320-228d-4cb7-83a2-be97c860dd34');
INSERT INTO `craft_relations` (`id`, `fieldId`, `sourceId`, `targetId`, `sortOrder`, `dateCreated`, `dateUpdated`, `uid`) VALUES ('106', '45', '60', '32', '2', '2014-03-20 18:31:10', '2014-03-20 18:31:10', '93c8aa87-9a84-4ffd-b940-0f41f679d4af');
INSERT INTO `craft_relations` (`id`, `fieldId`, `sourceId`, `targetId`, `sortOrder`, `dateCreated`, `dateUpdated`, `uid`) VALUES ('119', '40', '8', '57', '1', '2014-03-20 19:54:58', '2014-03-20 19:54:58', 'a5fb7bb9-c83e-406e-8548-c8c4c2cae814');
INSERT INTO `craft_relations` (`id`, `fieldId`, `sourceId`, `targetId`, `sortOrder`, `dateCreated`, `dateUpdated`, `uid`) VALUES ('120', '35', '8', '61', '1', '2014-03-20 19:54:58', '2014-03-20 19:54:58', '2c6b957e-2037-4c16-bfad-8fe1e85fb7a3');
INSERT INTO `craft_relations` (`id`, `fieldId`, `sourceId`, `targetId`, `sortOrder`, `dateCreated`, `dateUpdated`, `uid`) VALUES ('121', '35', '8', '28', '2', '2014-03-20 19:54:58', '2014-03-20 19:54:58', '09742e93-e70e-43cf-836f-32aa58a72d8b');
INSERT INTO `craft_relations` (`id`, `fieldId`, `sourceId`, `targetId`, `sortOrder`, `dateCreated`, `dateUpdated`, `uid`) VALUES ('122', '35', '8', '27', '3', '2014-03-20 19:54:58', '2014-03-20 19:54:58', 'c6d471e7-83c6-4682-bd67-8b4cb4fa4e8c');
INSERT INTO `craft_relations` (`id`, `fieldId`, `sourceId`, `targetId`, `sortOrder`, `dateCreated`, `dateUpdated`, `uid`) VALUES ('123', '35', '8', '26', '4', '2014-03-20 19:54:58', '2014-03-20 19:54:58', '79d179a0-22ad-4253-82a0-5dcb46e8f822');
INSERT INTO `craft_relations` (`id`, `fieldId`, `sourceId`, `targetId`, `sortOrder`, `dateCreated`, `dateUpdated`, `uid`) VALUES ('124', '28', '8', '29', '1', '2014-03-20 19:54:58', '2014-03-20 19:54:58', '345c0320-b781-4df9-be27-770fa93b00a9');
INSERT INTO `craft_relations` (`id`, `fieldId`, `sourceId`, `targetId`, `sortOrder`, `dateCreated`, `dateUpdated`, `uid`) VALUES ('125', '24', '19', '62', '1', '2014-03-20 20:10:31', '2014-03-20 20:10:31', '2c9aec0c-6632-4c43-b7cb-ae5487bdf866');
INSERT INTO `craft_relations` (`id`, `fieldId`, `sourceId`, `targetId`, `sortOrder`, `dateCreated`, `dateUpdated`, `uid`) VALUES ('126', '27', '19', '32', '1', '2014-03-20 20:10:31', '2014-03-20 20:10:31', '581ca4b9-4d88-49d8-9383-34813d410c3d');
INSERT INTO `craft_relations` (`id`, `fieldId`, `sourceId`, `targetId`, `sortOrder`, `dateCreated`, `dateUpdated`, `uid`) VALUES ('127', '24', '20', '63', '1', '2014-03-20 20:10:31', '2014-03-20 20:10:31', 'd9f6c350-aaad-47bc-abe3-f8c582f9c152');
INSERT INTO `craft_relations` (`id`, `fieldId`, `sourceId`, `targetId`, `sortOrder`, `dateCreated`, `dateUpdated`, `uid`) VALUES ('128', '27', '20', '31', '1', '2014-03-20 20:10:31', '2014-03-20 20:10:31', 'b554040a-8a17-486b-bff7-c9abed6c45d1');



--
-- Schema for table `craft_routes`
--

DROP TABLE IF EXISTS `craft_routes`;

CREATE TABLE `craft_routes` (
  `id` int(11) NOT NULL AUTO_INCREMENT,
  `urlParts` varchar(255) COLLATE utf8_unicode_ci NOT NULL,
  `urlPattern` varchar(255) COLLATE utf8_unicode_ci NOT NULL,
  `template` varchar(255) COLLATE utf8_unicode_ci NOT NULL,
  `sortOrder` tinyint(4) DEFAULT NULL,
  `dateCreated` datetime NOT NULL,
  `dateUpdated` datetime NOT NULL,
  `uid` char(36) COLLATE utf8_unicode_ci NOT NULL DEFAULT '0',
  PRIMARY KEY (`id`),
  UNIQUE KEY `craft_routes_urlPattern_unq_idx` (`urlPattern`)
) ENGINE=InnoDB DEFAULT CHARSET=utf8 COLLATE=utf8_unicode_ci;

--
-- Schema for table `craft_searchindex`
--

DROP TABLE IF EXISTS `craft_searchindex`;

CREATE TABLE `craft_searchindex` (
  `elementId` int(11) NOT NULL,
  `attribute` varchar(25) COLLATE utf8_unicode_ci NOT NULL,
  `fieldId` int(11) NOT NULL,
  `locale` char(12) COLLATE utf8_unicode_ci NOT NULL,
  `keywords` text COLLATE utf8_unicode_ci NOT NULL,
  PRIMARY KEY (`elementId`,`attribute`,`fieldId`,`locale`),
  FULLTEXT KEY `craft_searchindex_keywords_idx` (`keywords`)
) ENGINE=MyISAM DEFAULT CHARSET=utf8 COLLATE=utf8_unicode_ci;

--
-- Data for table `craft_searchindex`
--

INSERT INTO `craft_searchindex` (`elementId`, `attribute`, `fieldId`, `locale`, `keywords`) VALUES ('1', 'username', '0', 'en_us', ' admin ');
INSERT INTO `craft_searchindex` (`elementId`, `attribute`, `fieldId`, `locale`, `keywords`) VALUES ('1', 'firstname', '0', 'en_us', '');
INSERT INTO `craft_searchindex` (`elementId`, `attribute`, `fieldId`, `locale`, `keywords`) VALUES ('1', 'lastname', '0', 'en_us', '');
INSERT INTO `craft_searchindex` (`elementId`, `attribute`, `fieldId`, `locale`, `keywords`) VALUES ('1', 'fullname', '0', 'en_us', '');
INSERT INTO `craft_searchindex` (`elementId`, `attribute`, `fieldId`, `locale`, `keywords`) VALUES ('1', 'email', '0', 'en_us', ' sethjgore gmail com ');
INSERT INTO `craft_searchindex` (`elementId`, `attribute`, `fieldId`, `locale`, `keywords`) VALUES ('2', 'slug', '0', 'en_us', ' homepage ');
INSERT INTO `craft_searchindex` (`elementId`, `attribute`, `fieldId`, `locale`, `keywords`) VALUES ('2', 'title', '0', 'en_us', ' frames ');
INSERT INTO `craft_searchindex` (`elementId`, `attribute`, `fieldId`, `locale`, `keywords`) VALUES ('2', 'field', '2', 'en_us', ' need an adjustment just stop by if you ever sit on your glasses or bend them out of shape make sure not to try to bend them back yourself as we use specialized equipment in the shop to restore your frames to their natural shape ');
INSERT INTO `craft_searchindex` (`elementId`, `attribute`, `fieldId`, `locale`, `keywords`) VALUES ('2', 'field', '1', 'en_us', ' we service everything we sell for the lifetime of the frame for free ');
INSERT INTO `craft_searchindex` (`elementId`, `attribute`, `fieldId`, `locale`, `keywords`) VALUES ('2', 'field', '3', 'en_us', '');
INSERT INTO `craft_searchindex` (`elementId`, `attribute`, `fieldId`, `locale`, `keywords`) VALUES ('3', 'slug', '0', 'en_us', ' we just installed craft ');
INSERT INTO `craft_searchindex` (`elementId`, `attribute`, `fieldId`, `locale`, `keywords`) VALUES ('3', 'title', '0', 'en_us', ' we just installed craft ');
INSERT INTO `craft_searchindex` (`elementId`, `attribute`, `fieldId`, `locale`, `keywords`) VALUES ('3', 'field', '2', 'en_us', ' craft is the cms that s powering 0 0 0 0 it s beautiful powerful flexible and easy to use and it s made by pixel tonic we can t wait to dive in and see what it s capable of this is even more captivating content which you couldn t see on the news index page because it was entered after a page break and the news index template only likes to show the content on the first page craft a nice alternative to word if you re making a website ');
INSERT INTO `craft_searchindex` (`elementId`, `attribute`, `fieldId`, `locale`, `keywords`) VALUES ('3', 'field', '1', 'en_us', '');
INSERT INTO `craft_searchindex` (`elementId`, `attribute`, `fieldId`, `locale`, `keywords`) VALUES ('3', 'field', '3', 'en_us', '');
INSERT INTO `craft_searchindex` (`elementId`, `attribute`, `fieldId`, `locale`, `keywords`) VALUES ('4', 'slug', '0', 'en_us', ' about ');
INSERT INTO `craft_searchindex` (`elementId`, `attribute`, `fieldId`, `locale`, `keywords`) VALUES ('4', 'title', '0', 'en_us', ' about ');
INSERT INTO `craft_searchindex` (`elementId`, `attribute`, `fieldId`, `locale`, `keywords`) VALUES ('4', 'field', '2', 'en_us', ' we are known for fitting customers with the perfect frame in a relaxed comfortable friendly manner once you have your perfect frame we can fit them with your prescription lenses our selection includes a variety of lenses and they will vary in price depending on what your eyes need we offer an array of choices to all customers including those with astigmatism whether you are nearsighted farsighted or both we work with you to get the perfect lens frame combination for your unique eyesight the optical shoppe is located in the bocage village shopping center with other local merchants including dearman s and calvin s grocery if you lose your way look for le madeline on the corner for a landmark ');
INSERT INTO `craft_searchindex` (`elementId`, `attribute`, `fieldId`, `locale`, `keywords`) VALUES ('4', 'field', '1', 'en_us', ' we are a locally owned eyewear boutique with an exciting selection of classic sophisticated eyewear in business for over 30 years the optical shoppe was the first luxury eyewear boutique in baton rouge ');
INSERT INTO `craft_searchindex` (`elementId`, `attribute`, `fieldId`, `locale`, `keywords`) VALUES ('4', 'field', '3', 'en_us', '');
INSERT INTO `craft_searchindex` (`elementId`, `attribute`, `fieldId`, `locale`, `keywords`) VALUES ('4', 'field', '5', 'en_us', ' 7641 jefferson highway ');
INSERT INTO `craft_searchindex` (`elementId`, `attribute`, `fieldId`, `locale`, `keywords`) VALUES ('4', 'field', '6', 'en_us', ' baton rouge la 7080 ');
INSERT INTO `craft_searchindex` (`elementId`, `attribute`, `fieldId`, `locale`, `keywords`) VALUES ('4', 'field', '8', 'en_us', ' 225 926 2808 ');
INSERT INTO `craft_searchindex` (`elementId`, `attribute`, `fieldId`, `locale`, `keywords`) VALUES ('4', 'field', '7', 'en_us', ' 225 928 5798 ');
INSERT INTO `craft_searchindex` (`elementId`, `attribute`, `fieldId`, `locale`, `keywords`) VALUES ('4', 'field', '4', 'en_us', ' the optical shoppe ');
INSERT INTO `craft_searchindex` (`elementId`, `attribute`, `fieldId`, `locale`, `keywords`) VALUES ('8', 'slug', '0', 'en_us', ' ray ban wayfarer square ');
INSERT INTO `craft_searchindex` (`elementId`, `attribute`, `fieldId`, `locale`, `keywords`) VALUES ('8', 'title', '0', 'en_us', ' ray ban wayfarer square ');
INSERT INTO `craft_searchindex` (`elementId`, `attribute`, `fieldId`, `locale`, `keywords`) VALUES ('8', 'field', '5', 'en_us', '');
INSERT INTO `craft_searchindex` (`elementId`, `attribute`, `fieldId`, `locale`, `keywords`) VALUES ('8', 'field', '6', 'en_us', '');
INSERT INTO `craft_searchindex` (`elementId`, `attribute`, `fieldId`, `locale`, `keywords`) VALUES ('8', 'field', '2', 'en_us', ' ray ban wayfarer square rb2151 sunglasses are a more rigid modern interpretation of the iconic wayfarer shape the ray ban sunglasses feature the embossed ray ban signature logo on the temples as well as a signature logo printed on the lenses of this unisex style with these distinct lines wayfarer square rb2151 sunglasses manage a more sophisticated look without compromising the unmistakable identity of the original wayfarer the wayfarer square sunglasses are prescription friendly ');
INSERT INTO `craft_searchindex` (`elementId`, `attribute`, `fieldId`, `locale`, `keywords`) VALUES ('8', 'field', '8', 'en_us', '');
INSERT INTO `craft_searchindex` (`elementId`, `attribute`, `fieldId`, `locale`, `keywords`) VALUES ('8', 'field', '1', 'en_us', '');
INSERT INTO `craft_searchindex` (`elementId`, `attribute`, `fieldId`, `locale`, `keywords`) VALUES ('8', 'field', '7', 'en_us', '');
INSERT INTO `craft_searchindex` (`elementId`, `attribute`, `fieldId`, `locale`, `keywords`) VALUES ('8', 'field', '4', 'en_us', '');
INSERT INTO `craft_searchindex` (`elementId`, `attribute`, `fieldId`, `locale`, `keywords`) VALUES ('8', 'field', '3', 'en_us', '');
INSERT INTO `craft_searchindex` (`elementId`, `attribute`, `fieldId`, `locale`, `keywords`) VALUES ('9', 'field', '5', 'en_us', ' 7641 jefferson highway ');
INSERT INTO `craft_searchindex` (`elementId`, `attribute`, `fieldId`, `locale`, `keywords`) VALUES ('9', 'field', '6', 'en_us', ' baton rouge la 7080 ');
INSERT INTO `craft_searchindex` (`elementId`, `attribute`, `fieldId`, `locale`, `keywords`) VALUES ('9', 'field', '2', 'en_us', '');
INSERT INTO `craft_searchindex` (`elementId`, `attribute`, `fieldId`, `locale`, `keywords`) VALUES ('9', 'field', '8', 'en_us', ' 225 926 2808 ');
INSERT INTO `craft_searchindex` (`elementId`, `attribute`, `fieldId`, `locale`, `keywords`) VALUES ('9', 'field', '1', 'en_us', '');
INSERT INTO `craft_searchindex` (`elementId`, `attribute`, `fieldId`, `locale`, `keywords`) VALUES ('9', 'field', '7', 'en_us', ' 225 928 5798 ');
INSERT INTO `craft_searchindex` (`elementId`, `attribute`, `fieldId`, `locale`, `keywords`) VALUES ('9', 'field', '4', 'en_us', ' the optical shoppe ');
INSERT INTO `craft_searchindex` (`elementId`, `attribute`, `fieldId`, `locale`, `keywords`) VALUES ('9', 'field', '3', 'en_us', '');
INSERT INTO `craft_searchindex` (`elementId`, `attribute`, `fieldId`, `locale`, `keywords`) VALUES ('10', 'field', '5', 'en_us', '');
INSERT INTO `craft_searchindex` (`elementId`, `attribute`, `fieldId`, `locale`, `keywords`) VALUES ('10', 'field', '6', 'en_us', '');
INSERT INTO `craft_searchindex` (`elementId`, `attribute`, `fieldId`, `locale`, `keywords`) VALUES ('10', 'field', '2', 'en_us', '');
INSERT INTO `craft_searchindex` (`elementId`, `attribute`, `fieldId`, `locale`, `keywords`) VALUES ('10', 'field', '12', 'en_us', '');
INSERT INTO `craft_searchindex` (`elementId`, `attribute`, `fieldId`, `locale`, `keywords`) VALUES ('10', 'field', '11', 'en_us', '');
INSERT INTO `craft_searchindex` (`elementId`, `attribute`, `fieldId`, `locale`, `keywords`) VALUES ('10', 'field', '8', 'en_us', '');
INSERT INTO `craft_searchindex` (`elementId`, `attribute`, `fieldId`, `locale`, `keywords`) VALUES ('10', 'field', '1', 'en_us', '');
INSERT INTO `craft_searchindex` (`elementId`, `attribute`, `fieldId`, `locale`, `keywords`) VALUES ('10', 'field', '7', 'en_us', '');
INSERT INTO `craft_searchindex` (`elementId`, `attribute`, `fieldId`, `locale`, `keywords`) VALUES ('10', 'field', '10', 'en_us', ' of new namebrand sunglasses and eyeglass frames always ');
INSERT INTO `craft_searchindex` (`elementId`, `attribute`, `fieldId`, `locale`, `keywords`) VALUES ('10', 'field', '4', 'en_us', '');
INSERT INTO `craft_searchindex` (`elementId`, `attribute`, `fieldId`, `locale`, `keywords`) VALUES ('10', 'field', '3', 'en_us', '');
INSERT INTO `craft_searchindex` (`elementId`, `attribute`, `fieldId`, `locale`, `keywords`) VALUES ('10', 'field', '14', 'en_us', ' all year around ');
INSERT INTO `craft_searchindex` (`elementId`, `attribute`, `fieldId`, `locale`, `keywords`) VALUES ('10', 'field', '13', 'en_us', ' 50% off section ');
INSERT INTO `craft_searchindex` (`elementId`, `attribute`, `fieldId`, `locale`, `keywords`) VALUES ('2', 'field', '5', 'en_us', '');
INSERT INTO `craft_searchindex` (`elementId`, `attribute`, `fieldId`, `locale`, `keywords`) VALUES ('2', 'field', '6', 'en_us', '');
INSERT INTO `craft_searchindex` (`elementId`, `attribute`, `fieldId`, `locale`, `keywords`) VALUES ('2', 'field', '12', 'en_us', '');
INSERT INTO `craft_searchindex` (`elementId`, `attribute`, `fieldId`, `locale`, `keywords`) VALUES ('2', 'field', '11', 'en_us', '');
INSERT INTO `craft_searchindex` (`elementId`, `attribute`, `fieldId`, `locale`, `keywords`) VALUES ('2', 'field', '8', 'en_us', '');
INSERT INTO `craft_searchindex` (`elementId`, `attribute`, `fieldId`, `locale`, `keywords`) VALUES ('2', 'field', '15', 'en_us', ' interested in the top eyewear lines check out our brands exclusive to our store in baton rouge ');
INSERT INTO `craft_searchindex` (`elementId`, `attribute`, `fieldId`, `locale`, `keywords`) VALUES ('2', 'field', '7', 'en_us', '');
INSERT INTO `craft_searchindex` (`elementId`, `attribute`, `fieldId`, `locale`, `keywords`) VALUES ('2', 'field', '14', 'en_us', '');
INSERT INTO `craft_searchindex` (`elementId`, `attribute`, `fieldId`, `locale`, `keywords`) VALUES ('2', 'field', '10', 'en_us', '');
INSERT INTO `craft_searchindex` (`elementId`, `attribute`, `fieldId`, `locale`, `keywords`) VALUES ('2', 'field', '13', 'en_us', '');
INSERT INTO `craft_searchindex` (`elementId`, `attribute`, `fieldId`, `locale`, `keywords`) VALUES ('2', 'field', '4', 'en_us', '');
INSERT INTO `craft_searchindex` (`elementId`, `attribute`, `fieldId`, `locale`, `keywords`) VALUES ('4', 'field', '12', 'en_us', '');
INSERT INTO `craft_searchindex` (`elementId`, `attribute`, `fieldId`, `locale`, `keywords`) VALUES ('4', 'field', '11', 'en_us', '');
INSERT INTO `craft_searchindex` (`elementId`, `attribute`, `fieldId`, `locale`, `keywords`) VALUES ('4', 'field', '15', 'en_us', '');
INSERT INTO `craft_searchindex` (`elementId`, `attribute`, `fieldId`, `locale`, `keywords`) VALUES ('4', 'field', '14', 'en_us', '');
INSERT INTO `craft_searchindex` (`elementId`, `attribute`, `fieldId`, `locale`, `keywords`) VALUES ('4', 'field', '10', 'en_us', '');
INSERT INTO `craft_searchindex` (`elementId`, `attribute`, `fieldId`, `locale`, `keywords`) VALUES ('4', 'field', '13', 'en_us', '');
INSERT INTO `craft_searchindex` (`elementId`, `attribute`, `fieldId`, `locale`, `keywords`) VALUES ('11', 'field', '18', 'en_us', ' pure luxury style and elegance handcrafted to perfection ');
INSERT INTO `craft_searchindex` (`elementId`, `attribute`, `fieldId`, `locale`, `keywords`) VALUES ('11', 'field', '17', 'en_us', ' barton perreira eyewear ');
INSERT INTO `craft_searchindex` (`elementId`, `attribute`, `fieldId`, `locale`, `keywords`) VALUES ('12', 'field', '18', 'en_us', ' stylish eyewear inspired by vintage frames from the 50 s thru 80 s meticulously handcrafted to insure the highest quality frame ');
INSERT INTO `craft_searchindex` (`elementId`, `attribute`, `fieldId`, `locale`, `keywords`) VALUES ('12', 'field', '17', 'en_us', ' dita ');
INSERT INTO `craft_searchindex` (`elementId`, `attribute`, `fieldId`, `locale`, `keywords`) VALUES ('13', 'field', '18', 'en_us', ' a vintage iconic collection unique and timeless established in 1986 the company was founded in west hollywood ca and first appeared on the cover of german vogue in 1987 ');
INSERT INTO `craft_searchindex` (`elementId`, `attribute`, `fieldId`, `locale`, `keywords`) VALUES ('13', 'field', '17', 'en_us', ' oliver peoples ');
INSERT INTO `craft_searchindex` (`elementId`, `attribute`, `fieldId`, `locale`, `keywords`) VALUES ('14', 'field', '18', 'en_us', ' brilliant design impeccable craftsmanship unique colors minimalist design no rivets no screws the lightest eyewear in the world ');
INSERT INTO `craft_searchindex` (`elementId`, `attribute`, `fieldId`, `locale`, `keywords`) VALUES ('14', 'field', '17', 'en_us', ' lindberg danish eyewear ');
INSERT INTO `craft_searchindex` (`elementId`, `attribute`, `fieldId`, `locale`, `keywords`) VALUES ('2', 'field', '16', 'en_us', ' pure luxury style and elegance handcrafted to perfection barton perreira eyewear stylish eyewear inspired by vintage frames from the 50 s thru 80 s meticulously handcrafted to insure the highest quality frame dita a vintage iconic collection unique and timeless established in 1986 the company was founded in west hollywood ca and first appeared on the cover of german vogue in 1987 oliver peoples brilliant design impeccable craftsmanship unique colors minimalist design no rivets no screws the lightest eyewear in the world lindberg danish eyewear ');
INSERT INTO `craft_searchindex` (`elementId`, `attribute`, `fieldId`, `locale`, `keywords`) VALUES ('15', 'field', '21', 'en_us', ' created in 2010 in a young classic design perfect craftsmanship with timeless aesthetics ');
INSERT INTO `craft_searchindex` (`elementId`, `attribute`, `fieldId`, `locale`, `keywords`) VALUES ('15', 'field', '20', 'en_us', ' garrett leight ');
INSERT INTO `craft_searchindex` (`elementId`, `attribute`, `fieldId`, `locale`, `keywords`) VALUES ('16', 'field', '21', 'en_us', ' patented lens technology makes every detail crisp and clear every pair is polarized to block the most intense glare ');
INSERT INTO `craft_searchindex` (`elementId`, `attribute`, `fieldId`, `locale`, `keywords`) VALUES ('16', 'field', '20', 'en_us', ' maui jim sunglasses ');
INSERT INTO `craft_searchindex` (`elementId`, `attribute`, `fieldId`, `locale`, `keywords`) VALUES ('17', 'field', '21', 'en_us', ' founded in 1937 and best known for their aviator and wayfarer style of sunglasses old and new come together ');
INSERT INTO `craft_searchindex` (`elementId`, `attribute`, `fieldId`, `locale`, `keywords`) VALUES ('17', 'field', '20', 'en_us', ' ray ban ');
INSERT INTO `craft_searchindex` (`elementId`, `attribute`, `fieldId`, `locale`, `keywords`) VALUES ('18', 'field', '21', 'en_us', ' hollywood inspired stunning bold and sexy ');
INSERT INTO `craft_searchindex` (`elementId`, `attribute`, `fieldId`, `locale`, `keywords`) VALUES ('18', 'field', '20', 'en_us', ' not exclusive tom ford ');
INSERT INTO `craft_searchindex` (`elementId`, `attribute`, `fieldId`, `locale`, `keywords`) VALUES ('2', 'field', '19', 'en_us', ' created in 2010 in a young classic design perfect craftsmanship with timeless aesthetics garrett leight patented lens technology makes every detail crisp and clear every pair is polarized to block the most intense glare maui jim sunglasses founded in 1937 and best known for their aviator and wayfarer style of sunglasses old and new come together ray ban hollywood inspired stunning bold and sexy not exclusive tom ford ');
INSERT INTO `craft_searchindex` (`elementId`, `attribute`, `fieldId`, `locale`, `keywords`) VALUES ('19', 'field', '26', 'en_us', ' click to view our eyeglasses ');
INSERT INTO `craft_searchindex` (`elementId`, `attribute`, `fieldId`, `locale`, `keywords`) VALUES ('19', 'field', '25', 'en_us', '');
INSERT INTO `craft_searchindex` (`elementId`, `attribute`, `fieldId`, `locale`, `keywords`) VALUES ('19', 'field', '24', 'en_us', ' eyeglass ');
INSERT INTO `craft_searchindex` (`elementId`, `attribute`, `fieldId`, `locale`, `keywords`) VALUES ('19', 'field', '23', 'en_us', ' eyeglasses ');
INSERT INTO `craft_searchindex` (`elementId`, `attribute`, `fieldId`, `locale`, `keywords`) VALUES ('19', 'field', '27', 'en_us', ' eyeglasses ');
INSERT INTO `craft_searchindex` (`elementId`, `attribute`, `fieldId`, `locale`, `keywords`) VALUES ('20', 'field', '26', 'en_us', ' click to view our sunglasses ');
INSERT INTO `craft_searchindex` (`elementId`, `attribute`, `fieldId`, `locale`, `keywords`) VALUES ('20', 'field', '25', 'en_us', '');
INSERT INTO `craft_searchindex` (`elementId`, `attribute`, `fieldId`, `locale`, `keywords`) VALUES ('20', 'field', '24', 'en_us', ' sunglass ');
INSERT INTO `craft_searchindex` (`elementId`, `attribute`, `fieldId`, `locale`, `keywords`) VALUES ('20', 'field', '23', 'en_us', ' sunglasses ');
INSERT INTO `craft_searchindex` (`elementId`, `attribute`, `fieldId`, `locale`, `keywords`) VALUES ('20', 'field', '27', 'en_us', ' sunglasses ');
INSERT INTO `craft_searchindex` (`elementId`, `attribute`, `fieldId`, `locale`, `keywords`) VALUES ('2', 'field', '22', 'en_us', ' click to view our eyeglasses eyeglass eyeglasses eyeglasses click to view our sunglasses sunglass sunglasses sunglasses ');
INSERT INTO `craft_searchindex` (`elementId`, `attribute`, `fieldId`, `locale`, `keywords`) VALUES ('21', 'field', '5', 'en_us', '');
INSERT INTO `craft_searchindex` (`elementId`, `attribute`, `fieldId`, `locale`, `keywords`) VALUES ('21', 'field', '6', 'en_us', '');
INSERT INTO `craft_searchindex` (`elementId`, `attribute`, `fieldId`, `locale`, `keywords`) VALUES ('21', 'field', '2', 'en_us', '');
INSERT INTO `craft_searchindex` (`elementId`, `attribute`, `fieldId`, `locale`, `keywords`) VALUES ('21', 'field', '1', 'en_us', '');
INSERT INTO `craft_searchindex` (`elementId`, `attribute`, `fieldId`, `locale`, `keywords`) VALUES ('21', 'field', '16', 'en_us', '');
INSERT INTO `craft_searchindex` (`elementId`, `attribute`, `fieldId`, `locale`, `keywords`) VALUES ('21', 'field', '19', 'en_us', '');
INSERT INTO `craft_searchindex` (`elementId`, `attribute`, `fieldId`, `locale`, `keywords`) VALUES ('21', 'field', '12', 'en_us', '');
INSERT INTO `craft_searchindex` (`elementId`, `attribute`, `fieldId`, `locale`, `keywords`) VALUES ('21', 'field', '11', 'en_us', '');
INSERT INTO `craft_searchindex` (`elementId`, `attribute`, `fieldId`, `locale`, `keywords`) VALUES ('21', 'field', '8', 'en_us', '');
INSERT INTO `craft_searchindex` (`elementId`, `attribute`, `fieldId`, `locale`, `keywords`) VALUES ('21', 'field', '22', 'en_us', '');
INSERT INTO `craft_searchindex` (`elementId`, `attribute`, `fieldId`, `locale`, `keywords`) VALUES ('21', 'field', '15', 'en_us', '');
INSERT INTO `craft_searchindex` (`elementId`, `attribute`, `fieldId`, `locale`, `keywords`) VALUES ('21', 'field', '7', 'en_us', '');
INSERT INTO `craft_searchindex` (`elementId`, `attribute`, `fieldId`, `locale`, `keywords`) VALUES ('21', 'field', '14', 'en_us', '');
INSERT INTO `craft_searchindex` (`elementId`, `attribute`, `fieldId`, `locale`, `keywords`) VALUES ('21', 'field', '10', 'en_us', '');
INSERT INTO `craft_searchindex` (`elementId`, `attribute`, `fieldId`, `locale`, `keywords`) VALUES ('21', 'field', '13', 'en_us', '');
INSERT INTO `craft_searchindex` (`elementId`, `attribute`, `fieldId`, `locale`, `keywords`) VALUES ('21', 'field', '4', 'en_us', '');
INSERT INTO `craft_searchindex` (`elementId`, `attribute`, `fieldId`, `locale`, `keywords`) VALUES ('21', 'filename', '0', 'en_us', ' about png ');
INSERT INTO `craft_searchindex` (`elementId`, `attribute`, `fieldId`, `locale`, `keywords`) VALUES ('21', 'extension', '0', 'en_us', ' png ');
INSERT INTO `craft_searchindex` (`elementId`, `attribute`, `fieldId`, `locale`, `keywords`) VALUES ('21', 'kind', '0', 'en_us', ' image ');
INSERT INTO `craft_searchindex` (`elementId`, `attribute`, `fieldId`, `locale`, `keywords`) VALUES ('21', 'title', '0', 'en_us', ' about ');
INSERT INTO `craft_searchindex` (`elementId`, `attribute`, `fieldId`, `locale`, `keywords`) VALUES ('4', 'field', '16', 'en_us', '');
INSERT INTO `craft_searchindex` (`elementId`, `attribute`, `fieldId`, `locale`, `keywords`) VALUES ('4', 'field', '19', 'en_us', '');
INSERT INTO `craft_searchindex` (`elementId`, `attribute`, `fieldId`, `locale`, `keywords`) VALUES ('4', 'field', '22', 'en_us', '');
INSERT INTO `craft_searchindex` (`elementId`, `attribute`, `fieldId`, `locale`, `keywords`) VALUES ('4', 'field', '28', 'en_us', ' about ');
INSERT INTO `craft_searchindex` (`elementId`, `attribute`, `fieldId`, `locale`, `keywords`) VALUES ('22', 'field', '5', 'en_us', '');
INSERT INTO `craft_searchindex` (`elementId`, `attribute`, `fieldId`, `locale`, `keywords`) VALUES ('22', 'field', '6', 'en_us', '');
INSERT INTO `craft_searchindex` (`elementId`, `attribute`, `fieldId`, `locale`, `keywords`) VALUES ('22', 'field', '2', 'en_us', '');
INSERT INTO `craft_searchindex` (`elementId`, `attribute`, `fieldId`, `locale`, `keywords`) VALUES ('22', 'field', '1', 'en_us', '');
INSERT INTO `craft_searchindex` (`elementId`, `attribute`, `fieldId`, `locale`, `keywords`) VALUES ('22', 'field', '16', 'en_us', '');
INSERT INTO `craft_searchindex` (`elementId`, `attribute`, `fieldId`, `locale`, `keywords`) VALUES ('22', 'field', '19', 'en_us', '');
INSERT INTO `craft_searchindex` (`elementId`, `attribute`, `fieldId`, `locale`, `keywords`) VALUES ('22', 'field', '12', 'en_us', '');
INSERT INTO `craft_searchindex` (`elementId`, `attribute`, `fieldId`, `locale`, `keywords`) VALUES ('22', 'field', '11', 'en_us', '');
INSERT INTO `craft_searchindex` (`elementId`, `attribute`, `fieldId`, `locale`, `keywords`) VALUES ('22', 'field', '8', 'en_us', '');
INSERT INTO `craft_searchindex` (`elementId`, `attribute`, `fieldId`, `locale`, `keywords`) VALUES ('22', 'field', '22', 'en_us', '');
INSERT INTO `craft_searchindex` (`elementId`, `attribute`, `fieldId`, `locale`, `keywords`) VALUES ('22', 'field', '15', 'en_us', '');
INSERT INTO `craft_searchindex` (`elementId`, `attribute`, `fieldId`, `locale`, `keywords`) VALUES ('22', 'field', '7', 'en_us', '');
INSERT INTO `craft_searchindex` (`elementId`, `attribute`, `fieldId`, `locale`, `keywords`) VALUES ('22', 'field', '14', 'en_us', '');
INSERT INTO `craft_searchindex` (`elementId`, `attribute`, `fieldId`, `locale`, `keywords`) VALUES ('22', 'field', '10', 'en_us', '');
INSERT INTO `craft_searchindex` (`elementId`, `attribute`, `fieldId`, `locale`, `keywords`) VALUES ('22', 'field', '13', 'en_us', '');
INSERT INTO `craft_searchindex` (`elementId`, `attribute`, `fieldId`, `locale`, `keywords`) VALUES ('22', 'field', '28', 'en_us', '');
INSERT INTO `craft_searchindex` (`elementId`, `attribute`, `fieldId`, `locale`, `keywords`) VALUES ('22', 'field', '4', 'en_us', '');
INSERT INTO `craft_searchindex` (`elementId`, `attribute`, `fieldId`, `locale`, `keywords`) VALUES ('22', 'filename', '0', 'en_us', ' about_1 png ');
INSERT INTO `craft_searchindex` (`elementId`, `attribute`, `fieldId`, `locale`, `keywords`) VALUES ('22', 'extension', '0', 'en_us', ' png ');
INSERT INTO `craft_searchindex` (`elementId`, `attribute`, `fieldId`, `locale`, `keywords`) VALUES ('22', 'kind', '0', 'en_us', ' image ');
INSERT INTO `craft_searchindex` (`elementId`, `attribute`, `fieldId`, `locale`, `keywords`) VALUES ('22', 'title', '0', 'en_us', ' about 1 ');
INSERT INTO `craft_searchindex` (`elementId`, `attribute`, `fieldId`, `locale`, `keywords`) VALUES ('8', 'field', '16', 'en_us', '');
INSERT INTO `craft_searchindex` (`elementId`, `attribute`, `fieldId`, `locale`, `keywords`) VALUES ('8', 'field', '19', 'en_us', '');
INSERT INTO `craft_searchindex` (`elementId`, `attribute`, `fieldId`, `locale`, `keywords`) VALUES ('8', 'field', '12', 'en_us', '');
INSERT INTO `craft_searchindex` (`elementId`, `attribute`, `fieldId`, `locale`, `keywords`) VALUES ('8', 'field', '11', 'en_us', '');
INSERT INTO `craft_searchindex` (`elementId`, `attribute`, `fieldId`, `locale`, `keywords`) VALUES ('8', 'field', '33', 'en_us', '');
INSERT INTO `craft_searchindex` (`elementId`, `attribute`, `fieldId`, `locale`, `keywords`) VALUES ('8', 'field', '22', 'en_us', '');
INSERT INTO `craft_searchindex` (`elementId`, `attribute`, `fieldId`, `locale`, `keywords`) VALUES ('8', 'field', '30', 'en_us', ' rayban ');
INSERT INTO `craft_searchindex` (`elementId`, `attribute`, `fieldId`, `locale`, `keywords`) VALUES ('8', 'field', '29', 'en_us', ' ray ban wayfarer square ');
INSERT INTO `craft_searchindex` (`elementId`, `attribute`, `fieldId`, `locale`, `keywords`) VALUES ('8', 'field', '31', 'en_us', ' 135 00 ');
INSERT INTO `craft_searchindex` (`elementId`, `attribute`, `fieldId`, `locale`, `keywords`) VALUES ('8', 'field', '32', 'en_us', ' j8dsjas9de234 ');
INSERT INTO `craft_searchindex` (`elementId`, `attribute`, `fieldId`, `locale`, `keywords`) VALUES ('8', 'field', '15', 'en_us', '');
INSERT INTO `craft_searchindex` (`elementId`, `attribute`, `fieldId`, `locale`, `keywords`) VALUES ('8', 'field', '14', 'en_us', '');
INSERT INTO `craft_searchindex` (`elementId`, `attribute`, `fieldId`, `locale`, `keywords`) VALUES ('8', 'field', '10', 'en_us', '');
INSERT INTO `craft_searchindex` (`elementId`, `attribute`, `fieldId`, `locale`, `keywords`) VALUES ('8', 'field', '13', 'en_us', '');
INSERT INTO `craft_searchindex` (`elementId`, `attribute`, `fieldId`, `locale`, `keywords`) VALUES ('8', 'field', '28', 'en_us', ' imgres ');
INSERT INTO `craft_searchindex` (`elementId`, `attribute`, `fieldId`, `locale`, `keywords`) VALUES ('23', 'slug', '0', 'en_us', ' aviator tm large metal ');
INSERT INTO `craft_searchindex` (`elementId`, `attribute`, `fieldId`, `locale`, `keywords`) VALUES ('23', 'title', '0', 'en_us', ' aviator tm large metal ');
INSERT INTO `craft_searchindex` (`elementId`, `attribute`, `fieldId`, `locale`, `keywords`) VALUES ('23', 'field', '5', 'en_us', '');
INSERT INTO `craft_searchindex` (`elementId`, `attribute`, `fieldId`, `locale`, `keywords`) VALUES ('23', 'field', '6', 'en_us', '');
INSERT INTO `craft_searchindex` (`elementId`, `attribute`, `fieldId`, `locale`, `keywords`) VALUES ('23', 'field', '2', 'en_us', ' the classic since the late 1960 s this is example text something you should replace before we launch this website on april 1st of course it is not going to be the april s fools for us ');
INSERT INTO `craft_searchindex` (`elementId`, `attribute`, `fieldId`, `locale`, `keywords`) VALUES ('23', 'field', '1', 'en_us', '');
INSERT INTO `craft_searchindex` (`elementId`, `attribute`, `fieldId`, `locale`, `keywords`) VALUES ('23', 'field', '16', 'en_us', '');
INSERT INTO `craft_searchindex` (`elementId`, `attribute`, `fieldId`, `locale`, `keywords`) VALUES ('23', 'field', '19', 'en_us', '');
INSERT INTO `craft_searchindex` (`elementId`, `attribute`, `fieldId`, `locale`, `keywords`) VALUES ('23', 'field', '12', 'en_us', '');
INSERT INTO `craft_searchindex` (`elementId`, `attribute`, `fieldId`, `locale`, `keywords`) VALUES ('23', 'field', '11', 'en_us', '');
INSERT INTO `craft_searchindex` (`elementId`, `attribute`, `fieldId`, `locale`, `keywords`) VALUES ('23', 'field', '8', 'en_us', '');
INSERT INTO `craft_searchindex` (`elementId`, `attribute`, `fieldId`, `locale`, `keywords`) VALUES ('23', 'field', '33', 'en_us', '');
INSERT INTO `craft_searchindex` (`elementId`, `attribute`, `fieldId`, `locale`, `keywords`) VALUES ('23', 'field', '22', 'en_us', '');
INSERT INTO `craft_searchindex` (`elementId`, `attribute`, `fieldId`, `locale`, `keywords`) VALUES ('23', 'field', '30', 'en_us', ' aviator ');
INSERT INTO `craft_searchindex` (`elementId`, `attribute`, `fieldId`, `locale`, `keywords`) VALUES ('23', 'field', '29', 'en_us', ' aviator tm large metal ');
INSERT INTO `craft_searchindex` (`elementId`, `attribute`, `fieldId`, `locale`, `keywords`) VALUES ('23', 'field', '31', 'en_us', ' 165 00 ');
INSERT INTO `craft_searchindex` (`elementId`, `attribute`, `fieldId`, `locale`, `keywords`) VALUES ('23', 'field', '32', 'en_us', ' 88adsf7aw34k ');
INSERT INTO `craft_searchindex` (`elementId`, `attribute`, `fieldId`, `locale`, `keywords`) VALUES ('23', 'field', '15', 'en_us', '');
INSERT INTO `craft_searchindex` (`elementId`, `attribute`, `fieldId`, `locale`, `keywords`) VALUES ('23', 'field', '7', 'en_us', '');
INSERT INTO `craft_searchindex` (`elementId`, `attribute`, `fieldId`, `locale`, `keywords`) VALUES ('23', 'field', '14', 'en_us', '');
INSERT INTO `craft_searchindex` (`elementId`, `attribute`, `fieldId`, `locale`, `keywords`) VALUES ('23', 'field', '10', 'en_us', '');
INSERT INTO `craft_searchindex` (`elementId`, `attribute`, `fieldId`, `locale`, `keywords`) VALUES ('23', 'field', '13', 'en_us', '');
INSERT INTO `craft_searchindex` (`elementId`, `attribute`, `fieldId`, `locale`, `keywords`) VALUES ('23', 'field', '28', 'en_us', ' images ');
INSERT INTO `craft_searchindex` (`elementId`, `attribute`, `fieldId`, `locale`, `keywords`) VALUES ('23', 'field', '4', 'en_us', '');
INSERT INTO `craft_searchindex` (`elementId`, `attribute`, `fieldId`, `locale`, `keywords`) VALUES ('24', 'slug', '0', 'en_us', ' sunglasses ');
INSERT INTO `craft_searchindex` (`elementId`, `attribute`, `fieldId`, `locale`, `keywords`) VALUES ('24', 'title', '0', 'en_us', ' sunglasses ');
INSERT INTO `craft_searchindex` (`elementId`, `attribute`, `fieldId`, `locale`, `keywords`) VALUES ('24', 'field', '5', 'en_us', '');
INSERT INTO `craft_searchindex` (`elementId`, `attribute`, `fieldId`, `locale`, `keywords`) VALUES ('24', 'field', '6', 'en_us', '');
INSERT INTO `craft_searchindex` (`elementId`, `attribute`, `fieldId`, `locale`, `keywords`) VALUES ('24', 'field', '2', 'en_us', '');
INSERT INTO `craft_searchindex` (`elementId`, `attribute`, `fieldId`, `locale`, `keywords`) VALUES ('24', 'field', '1', 'en_us', '');
INSERT INTO `craft_searchindex` (`elementId`, `attribute`, `fieldId`, `locale`, `keywords`) VALUES ('24', 'field', '16', 'en_us', '');
INSERT INTO `craft_searchindex` (`elementId`, `attribute`, `fieldId`, `locale`, `keywords`) VALUES ('24', 'field', '19', 'en_us', '');
INSERT INTO `craft_searchindex` (`elementId`, `attribute`, `fieldId`, `locale`, `keywords`) VALUES ('24', 'field', '12', 'en_us', '');
INSERT INTO `craft_searchindex` (`elementId`, `attribute`, `fieldId`, `locale`, `keywords`) VALUES ('24', 'field', '11', 'en_us', '');
INSERT INTO `craft_searchindex` (`elementId`, `attribute`, `fieldId`, `locale`, `keywords`) VALUES ('24', 'field', '8', 'en_us', '');
INSERT INTO `craft_searchindex` (`elementId`, `attribute`, `fieldId`, `locale`, `keywords`) VALUES ('24', 'field', '33', 'en_us', '');
INSERT INTO `craft_searchindex` (`elementId`, `attribute`, `fieldId`, `locale`, `keywords`) VALUES ('24', 'field', '22', 'en_us', '');
INSERT INTO `craft_searchindex` (`elementId`, `attribute`, `fieldId`, `locale`, `keywords`) VALUES ('24', 'field', '30', 'en_us', '');
INSERT INTO `craft_searchindex` (`elementId`, `attribute`, `fieldId`, `locale`, `keywords`) VALUES ('24', 'field', '29', 'en_us', '');
INSERT INTO `craft_searchindex` (`elementId`, `attribute`, `fieldId`, `locale`, `keywords`) VALUES ('24', 'field', '31', 'en_us', '');
INSERT INTO `craft_searchindex` (`elementId`, `attribute`, `fieldId`, `locale`, `keywords`) VALUES ('24', 'field', '32', 'en_us', '');
INSERT INTO `craft_searchindex` (`elementId`, `attribute`, `fieldId`, `locale`, `keywords`) VALUES ('24', 'field', '15', 'en_us', '');
INSERT INTO `craft_searchindex` (`elementId`, `attribute`, `fieldId`, `locale`, `keywords`) VALUES ('24', 'field', '7', 'en_us', '');
INSERT INTO `craft_searchindex` (`elementId`, `attribute`, `fieldId`, `locale`, `keywords`) VALUES ('24', 'field', '14', 'en_us', '');
INSERT INTO `craft_searchindex` (`elementId`, `attribute`, `fieldId`, `locale`, `keywords`) VALUES ('24', 'field', '10', 'en_us', '');
INSERT INTO `craft_searchindex` (`elementId`, `attribute`, `fieldId`, `locale`, `keywords`) VALUES ('24', 'field', '13', 'en_us', '');
INSERT INTO `craft_searchindex` (`elementId`, `attribute`, `fieldId`, `locale`, `keywords`) VALUES ('24', 'field', '28', 'en_us', '');
INSERT INTO `craft_searchindex` (`elementId`, `attribute`, `fieldId`, `locale`, `keywords`) VALUES ('24', 'field', '4', 'en_us', '');
INSERT INTO `craft_searchindex` (`elementId`, `attribute`, `fieldId`, `locale`, `keywords`) VALUES ('25', 'field', '5', 'en_us', '');
INSERT INTO `craft_searchindex` (`elementId`, `attribute`, `fieldId`, `locale`, `keywords`) VALUES ('25', 'field', '6', 'en_us', '');
INSERT INTO `craft_searchindex` (`elementId`, `attribute`, `fieldId`, `locale`, `keywords`) VALUES ('25', 'field', '2', 'en_us', '');
INSERT INTO `craft_searchindex` (`elementId`, `attribute`, `fieldId`, `locale`, `keywords`) VALUES ('25', 'field', '1', 'en_us', '');
INSERT INTO `craft_searchindex` (`elementId`, `attribute`, `fieldId`, `locale`, `keywords`) VALUES ('25', 'field', '16', 'en_us', '');
INSERT INTO `craft_searchindex` (`elementId`, `attribute`, `fieldId`, `locale`, `keywords`) VALUES ('25', 'field', '19', 'en_us', '');
INSERT INTO `craft_searchindex` (`elementId`, `attribute`, `fieldId`, `locale`, `keywords`) VALUES ('25', 'field', '12', 'en_us', '');
INSERT INTO `craft_searchindex` (`elementId`, `attribute`, `fieldId`, `locale`, `keywords`) VALUES ('25', 'field', '11', 'en_us', '');
INSERT INTO `craft_searchindex` (`elementId`, `attribute`, `fieldId`, `locale`, `keywords`) VALUES ('25', 'field', '8', 'en_us', '');
INSERT INTO `craft_searchindex` (`elementId`, `attribute`, `fieldId`, `locale`, `keywords`) VALUES ('25', 'field', '33', 'en_us', '');
INSERT INTO `craft_searchindex` (`elementId`, `attribute`, `fieldId`, `locale`, `keywords`) VALUES ('25', 'field', '22', 'en_us', '');
INSERT INTO `craft_searchindex` (`elementId`, `attribute`, `fieldId`, `locale`, `keywords`) VALUES ('25', 'field', '30', 'en_us', '');
INSERT INTO `craft_searchindex` (`elementId`, `attribute`, `fieldId`, `locale`, `keywords`) VALUES ('25', 'field', '29', 'en_us', '');
INSERT INTO `craft_searchindex` (`elementId`, `attribute`, `fieldId`, `locale`, `keywords`) VALUES ('25', 'field', '31', 'en_us', '');
INSERT INTO `craft_searchindex` (`elementId`, `attribute`, `fieldId`, `locale`, `keywords`) VALUES ('25', 'field', '32', 'en_us', '');
INSERT INTO `craft_searchindex` (`elementId`, `attribute`, `fieldId`, `locale`, `keywords`) VALUES ('25', 'field', '15', 'en_us', '');
INSERT INTO `craft_searchindex` (`elementId`, `attribute`, `fieldId`, `locale`, `keywords`) VALUES ('25', 'field', '7', 'en_us', '');
INSERT INTO `craft_searchindex` (`elementId`, `attribute`, `fieldId`, `locale`, `keywords`) VALUES ('25', 'field', '14', 'en_us', '');
INSERT INTO `craft_searchindex` (`elementId`, `attribute`, `fieldId`, `locale`, `keywords`) VALUES ('25', 'field', '10', 'en_us', '');
INSERT INTO `craft_searchindex` (`elementId`, `attribute`, `fieldId`, `locale`, `keywords`) VALUES ('25', 'field', '13', 'en_us', '');
INSERT INTO `craft_searchindex` (`elementId`, `attribute`, `fieldId`, `locale`, `keywords`) VALUES ('25', 'field', '28', 'en_us', '');
INSERT INTO `craft_searchindex` (`elementId`, `attribute`, `fieldId`, `locale`, `keywords`) VALUES ('25', 'field', '4', 'en_us', '');
INSERT INTO `craft_searchindex` (`elementId`, `attribute`, `fieldId`, `locale`, `keywords`) VALUES ('25', 'filename', '0', 'en_us', ' site logo svg ');
INSERT INTO `craft_searchindex` (`elementId`, `attribute`, `fieldId`, `locale`, `keywords`) VALUES ('25', 'extension', '0', 'en_us', ' svg ');
INSERT INTO `craft_searchindex` (`elementId`, `attribute`, `fieldId`, `locale`, `keywords`) VALUES ('25', 'kind', '0', 'en_us', ' image ');
INSERT INTO `craft_searchindex` (`elementId`, `attribute`, `fieldId`, `locale`, `keywords`) VALUES ('25', 'title', '0', 'en_us', ' site logo ');
INSERT INTO `craft_searchindex` (`elementId`, `attribute`, `fieldId`, `locale`, `keywords`) VALUES ('26', 'field', '5', 'en_us', '');
INSERT INTO `craft_searchindex` (`elementId`, `attribute`, `fieldId`, `locale`, `keywords`) VALUES ('26', 'field', '6', 'en_us', '');
INSERT INTO `craft_searchindex` (`elementId`, `attribute`, `fieldId`, `locale`, `keywords`) VALUES ('26', 'field', '2', 'en_us', '');
INSERT INTO `craft_searchindex` (`elementId`, `attribute`, `fieldId`, `locale`, `keywords`) VALUES ('26', 'field', '1', 'en_us', '');
INSERT INTO `craft_searchindex` (`elementId`, `attribute`, `fieldId`, `locale`, `keywords`) VALUES ('26', 'field', '16', 'en_us', '');
INSERT INTO `craft_searchindex` (`elementId`, `attribute`, `fieldId`, `locale`, `keywords`) VALUES ('26', 'field', '19', 'en_us', '');
INSERT INTO `craft_searchindex` (`elementId`, `attribute`, `fieldId`, `locale`, `keywords`) VALUES ('26', 'field', '12', 'en_us', '');
INSERT INTO `craft_searchindex` (`elementId`, `attribute`, `fieldId`, `locale`, `keywords`) VALUES ('26', 'field', '11', 'en_us', '');
INSERT INTO `craft_searchindex` (`elementId`, `attribute`, `fieldId`, `locale`, `keywords`) VALUES ('26', 'field', '8', 'en_us', '');
INSERT INTO `craft_searchindex` (`elementId`, `attribute`, `fieldId`, `locale`, `keywords`) VALUES ('26', 'field', '35', 'en_us', '');
INSERT INTO `craft_searchindex` (`elementId`, `attribute`, `fieldId`, `locale`, `keywords`) VALUES ('26', 'field', '22', 'en_us', '');
INSERT INTO `craft_searchindex` (`elementId`, `attribute`, `fieldId`, `locale`, `keywords`) VALUES ('26', 'field', '30', 'en_us', '');
INSERT INTO `craft_searchindex` (`elementId`, `attribute`, `fieldId`, `locale`, `keywords`) VALUES ('26', 'field', '29', 'en_us', '');
INSERT INTO `craft_searchindex` (`elementId`, `attribute`, `fieldId`, `locale`, `keywords`) VALUES ('26', 'field', '31', 'en_us', '');
INSERT INTO `craft_searchindex` (`elementId`, `attribute`, `fieldId`, `locale`, `keywords`) VALUES ('26', 'field', '32', 'en_us', '');
INSERT INTO `craft_searchindex` (`elementId`, `attribute`, `fieldId`, `locale`, `keywords`) VALUES ('26', 'field', '15', 'en_us', '');
INSERT INTO `craft_searchindex` (`elementId`, `attribute`, `fieldId`, `locale`, `keywords`) VALUES ('26', 'field', '7', 'en_us', '');
INSERT INTO `craft_searchindex` (`elementId`, `attribute`, `fieldId`, `locale`, `keywords`) VALUES ('26', 'field', '14', 'en_us', '');
INSERT INTO `craft_searchindex` (`elementId`, `attribute`, `fieldId`, `locale`, `keywords`) VALUES ('26', 'field', '10', 'en_us', '');
INSERT INTO `craft_searchindex` (`elementId`, `attribute`, `fieldId`, `locale`, `keywords`) VALUES ('26', 'field', '13', 'en_us', '');
INSERT INTO `craft_searchindex` (`elementId`, `attribute`, `fieldId`, `locale`, `keywords`) VALUES ('26', 'field', '28', 'en_us', '');
INSERT INTO `craft_searchindex` (`elementId`, `attribute`, `fieldId`, `locale`, `keywords`) VALUES ('26', 'field', '4', 'en_us', '');
INSERT INTO `craft_searchindex` (`elementId`, `attribute`, `fieldId`, `locale`, `keywords`) VALUES ('26', 'filename', '0', 'en_us', ' imgres 3 jpg ');
INSERT INTO `craft_searchindex` (`elementId`, `attribute`, `fieldId`, `locale`, `keywords`) VALUES ('26', 'extension', '0', 'en_us', ' jpg ');
INSERT INTO `craft_searchindex` (`elementId`, `attribute`, `fieldId`, `locale`, `keywords`) VALUES ('26', 'kind', '0', 'en_us', ' image ');
INSERT INTO `craft_searchindex` (`elementId`, `attribute`, `fieldId`, `locale`, `keywords`) VALUES ('26', 'title', '0', 'en_us', ' imgres 3 ');
INSERT INTO `craft_searchindex` (`elementId`, `attribute`, `fieldId`, `locale`, `keywords`) VALUES ('27', 'field', '5', 'en_us', '');
INSERT INTO `craft_searchindex` (`elementId`, `attribute`, `fieldId`, `locale`, `keywords`) VALUES ('27', 'field', '6', 'en_us', '');
INSERT INTO `craft_searchindex` (`elementId`, `attribute`, `fieldId`, `locale`, `keywords`) VALUES ('27', 'field', '2', 'en_us', '');
INSERT INTO `craft_searchindex` (`elementId`, `attribute`, `fieldId`, `locale`, `keywords`) VALUES ('27', 'field', '1', 'en_us', '');
INSERT INTO `craft_searchindex` (`elementId`, `attribute`, `fieldId`, `locale`, `keywords`) VALUES ('27', 'field', '16', 'en_us', '');
INSERT INTO `craft_searchindex` (`elementId`, `attribute`, `fieldId`, `locale`, `keywords`) VALUES ('27', 'field', '19', 'en_us', '');
INSERT INTO `craft_searchindex` (`elementId`, `attribute`, `fieldId`, `locale`, `keywords`) VALUES ('27', 'field', '12', 'en_us', '');
INSERT INTO `craft_searchindex` (`elementId`, `attribute`, `fieldId`, `locale`, `keywords`) VALUES ('27', 'field', '11', 'en_us', '');
INSERT INTO `craft_searchindex` (`elementId`, `attribute`, `fieldId`, `locale`, `keywords`) VALUES ('27', 'field', '8', 'en_us', '');
INSERT INTO `craft_searchindex` (`elementId`, `attribute`, `fieldId`, `locale`, `keywords`) VALUES ('27', 'field', '35', 'en_us', '');
INSERT INTO `craft_searchindex` (`elementId`, `attribute`, `fieldId`, `locale`, `keywords`) VALUES ('27', 'field', '22', 'en_us', '');
INSERT INTO `craft_searchindex` (`elementId`, `attribute`, `fieldId`, `locale`, `keywords`) VALUES ('27', 'field', '30', 'en_us', '');
INSERT INTO `craft_searchindex` (`elementId`, `attribute`, `fieldId`, `locale`, `keywords`) VALUES ('27', 'field', '29', 'en_us', '');
INSERT INTO `craft_searchindex` (`elementId`, `attribute`, `fieldId`, `locale`, `keywords`) VALUES ('27', 'field', '31', 'en_us', '');
INSERT INTO `craft_searchindex` (`elementId`, `attribute`, `fieldId`, `locale`, `keywords`) VALUES ('27', 'field', '32', 'en_us', '');
INSERT INTO `craft_searchindex` (`elementId`, `attribute`, `fieldId`, `locale`, `keywords`) VALUES ('27', 'field', '15', 'en_us', '');
INSERT INTO `craft_searchindex` (`elementId`, `attribute`, `fieldId`, `locale`, `keywords`) VALUES ('27', 'field', '7', 'en_us', '');
INSERT INTO `craft_searchindex` (`elementId`, `attribute`, `fieldId`, `locale`, `keywords`) VALUES ('27', 'field', '14', 'en_us', '');
INSERT INTO `craft_searchindex` (`elementId`, `attribute`, `fieldId`, `locale`, `keywords`) VALUES ('27', 'field', '10', 'en_us', '');
INSERT INTO `craft_searchindex` (`elementId`, `attribute`, `fieldId`, `locale`, `keywords`) VALUES ('27', 'field', '13', 'en_us', '');
INSERT INTO `craft_searchindex` (`elementId`, `attribute`, `fieldId`, `locale`, `keywords`) VALUES ('27', 'field', '28', 'en_us', '');
INSERT INTO `craft_searchindex` (`elementId`, `attribute`, `fieldId`, `locale`, `keywords`) VALUES ('27', 'field', '4', 'en_us', '');
INSERT INTO `craft_searchindex` (`elementId`, `attribute`, `fieldId`, `locale`, `keywords`) VALUES ('27', 'filename', '0', 'en_us', ' imgres 2 jpg ');
INSERT INTO `craft_searchindex` (`elementId`, `attribute`, `fieldId`, `locale`, `keywords`) VALUES ('27', 'extension', '0', 'en_us', ' jpg ');
INSERT INTO `craft_searchindex` (`elementId`, `attribute`, `fieldId`, `locale`, `keywords`) VALUES ('27', 'kind', '0', 'en_us', ' image ');
INSERT INTO `craft_searchindex` (`elementId`, `attribute`, `fieldId`, `locale`, `keywords`) VALUES ('27', 'title', '0', 'en_us', ' imgres 2 ');
INSERT INTO `craft_searchindex` (`elementId`, `attribute`, `fieldId`, `locale`, `keywords`) VALUES ('28', 'field', '5', 'en_us', '');
INSERT INTO `craft_searchindex` (`elementId`, `attribute`, `fieldId`, `locale`, `keywords`) VALUES ('28', 'field', '6', 'en_us', '');
INSERT INTO `craft_searchindex` (`elementId`, `attribute`, `fieldId`, `locale`, `keywords`) VALUES ('28', 'field', '2', 'en_us', '');
INSERT INTO `craft_searchindex` (`elementId`, `attribute`, `fieldId`, `locale`, `keywords`) VALUES ('28', 'field', '1', 'en_us', '');
INSERT INTO `craft_searchindex` (`elementId`, `attribute`, `fieldId`, `locale`, `keywords`) VALUES ('28', 'field', '16', 'en_us', '');
INSERT INTO `craft_searchindex` (`elementId`, `attribute`, `fieldId`, `locale`, `keywords`) VALUES ('28', 'field', '19', 'en_us', '');
INSERT INTO `craft_searchindex` (`elementId`, `attribute`, `fieldId`, `locale`, `keywords`) VALUES ('28', 'field', '12', 'en_us', '');
INSERT INTO `craft_searchindex` (`elementId`, `attribute`, `fieldId`, `locale`, `keywords`) VALUES ('28', 'field', '11', 'en_us', '');
INSERT INTO `craft_searchindex` (`elementId`, `attribute`, `fieldId`, `locale`, `keywords`) VALUES ('28', 'field', '8', 'en_us', '');
INSERT INTO `craft_searchindex` (`elementId`, `attribute`, `fieldId`, `locale`, `keywords`) VALUES ('28', 'field', '35', 'en_us', '');
INSERT INTO `craft_searchindex` (`elementId`, `attribute`, `fieldId`, `locale`, `keywords`) VALUES ('28', 'field', '22', 'en_us', '');
INSERT INTO `craft_searchindex` (`elementId`, `attribute`, `fieldId`, `locale`, `keywords`) VALUES ('28', 'field', '30', 'en_us', '');
INSERT INTO `craft_searchindex` (`elementId`, `attribute`, `fieldId`, `locale`, `keywords`) VALUES ('28', 'field', '29', 'en_us', '');
INSERT INTO `craft_searchindex` (`elementId`, `attribute`, `fieldId`, `locale`, `keywords`) VALUES ('28', 'field', '31', 'en_us', '');
INSERT INTO `craft_searchindex` (`elementId`, `attribute`, `fieldId`, `locale`, `keywords`) VALUES ('28', 'field', '32', 'en_us', '');
INSERT INTO `craft_searchindex` (`elementId`, `attribute`, `fieldId`, `locale`, `keywords`) VALUES ('28', 'field', '15', 'en_us', '');
INSERT INTO `craft_searchindex` (`elementId`, `attribute`, `fieldId`, `locale`, `keywords`) VALUES ('28', 'field', '7', 'en_us', '');
INSERT INTO `craft_searchindex` (`elementId`, `attribute`, `fieldId`, `locale`, `keywords`) VALUES ('28', 'field', '14', 'en_us', '');
INSERT INTO `craft_searchindex` (`elementId`, `attribute`, `fieldId`, `locale`, `keywords`) VALUES ('28', 'field', '10', 'en_us', '');
INSERT INTO `craft_searchindex` (`elementId`, `attribute`, `fieldId`, `locale`, `keywords`) VALUES ('28', 'field', '13', 'en_us', '');
INSERT INTO `craft_searchindex` (`elementId`, `attribute`, `fieldId`, `locale`, `keywords`) VALUES ('28', 'field', '28', 'en_us', '');
INSERT INTO `craft_searchindex` (`elementId`, `attribute`, `fieldId`, `locale`, `keywords`) VALUES ('28', 'field', '4', 'en_us', '');
INSERT INTO `craft_searchindex` (`elementId`, `attribute`, `fieldId`, `locale`, `keywords`) VALUES ('28', 'filename', '0', 'en_us', ' imgres 1 jpg ');
INSERT INTO `craft_searchindex` (`elementId`, `attribute`, `fieldId`, `locale`, `keywords`) VALUES ('28', 'extension', '0', 'en_us', ' jpg ');
INSERT INTO `craft_searchindex` (`elementId`, `attribute`, `fieldId`, `locale`, `keywords`) VALUES ('28', 'kind', '0', 'en_us', ' image ');
INSERT INTO `craft_searchindex` (`elementId`, `attribute`, `fieldId`, `locale`, `keywords`) VALUES ('28', 'title', '0', 'en_us', ' imgres 1 ');
INSERT INTO `craft_searchindex` (`elementId`, `attribute`, `fieldId`, `locale`, `keywords`) VALUES ('29', 'field', '5', 'en_us', '');
INSERT INTO `craft_searchindex` (`elementId`, `attribute`, `fieldId`, `locale`, `keywords`) VALUES ('29', 'field', '6', 'en_us', '');
INSERT INTO `craft_searchindex` (`elementId`, `attribute`, `fieldId`, `locale`, `keywords`) VALUES ('29', 'field', '2', 'en_us', '');
INSERT INTO `craft_searchindex` (`elementId`, `attribute`, `fieldId`, `locale`, `keywords`) VALUES ('29', 'field', '1', 'en_us', '');
INSERT INTO `craft_searchindex` (`elementId`, `attribute`, `fieldId`, `locale`, `keywords`) VALUES ('29', 'field', '16', 'en_us', '');
INSERT INTO `craft_searchindex` (`elementId`, `attribute`, `fieldId`, `locale`, `keywords`) VALUES ('29', 'field', '19', 'en_us', '');
INSERT INTO `craft_searchindex` (`elementId`, `attribute`, `fieldId`, `locale`, `keywords`) VALUES ('29', 'field', '12', 'en_us', '');
INSERT INTO `craft_searchindex` (`elementId`, `attribute`, `fieldId`, `locale`, `keywords`) VALUES ('29', 'field', '11', 'en_us', '');
INSERT INTO `craft_searchindex` (`elementId`, `attribute`, `fieldId`, `locale`, `keywords`) VALUES ('29', 'field', '8', 'en_us', '');
INSERT INTO `craft_searchindex` (`elementId`, `attribute`, `fieldId`, `locale`, `keywords`) VALUES ('29', 'field', '35', 'en_us', '');
INSERT INTO `craft_searchindex` (`elementId`, `attribute`, `fieldId`, `locale`, `keywords`) VALUES ('29', 'field', '22', 'en_us', '');
INSERT INTO `craft_searchindex` (`elementId`, `attribute`, `fieldId`, `locale`, `keywords`) VALUES ('29', 'field', '30', 'en_us', '');
INSERT INTO `craft_searchindex` (`elementId`, `attribute`, `fieldId`, `locale`, `keywords`) VALUES ('29', 'field', '29', 'en_us', '');
INSERT INTO `craft_searchindex` (`elementId`, `attribute`, `fieldId`, `locale`, `keywords`) VALUES ('29', 'field', '31', 'en_us', '');
INSERT INTO `craft_searchindex` (`elementId`, `attribute`, `fieldId`, `locale`, `keywords`) VALUES ('29', 'field', '32', 'en_us', '');
INSERT INTO `craft_searchindex` (`elementId`, `attribute`, `fieldId`, `locale`, `keywords`) VALUES ('29', 'field', '15', 'en_us', '');
INSERT INTO `craft_searchindex` (`elementId`, `attribute`, `fieldId`, `locale`, `keywords`) VALUES ('29', 'field', '7', 'en_us', '');
INSERT INTO `craft_searchindex` (`elementId`, `attribute`, `fieldId`, `locale`, `keywords`) VALUES ('29', 'field', '14', 'en_us', '');
INSERT INTO `craft_searchindex` (`elementId`, `attribute`, `fieldId`, `locale`, `keywords`) VALUES ('29', 'field', '10', 'en_us', '');
INSERT INTO `craft_searchindex` (`elementId`, `attribute`, `fieldId`, `locale`, `keywords`) VALUES ('29', 'field', '13', 'en_us', '');
INSERT INTO `craft_searchindex` (`elementId`, `attribute`, `fieldId`, `locale`, `keywords`) VALUES ('29', 'field', '28', 'en_us', '');
INSERT INTO `craft_searchindex` (`elementId`, `attribute`, `fieldId`, `locale`, `keywords`) VALUES ('29', 'field', '4', 'en_us', '');
INSERT INTO `craft_searchindex` (`elementId`, `attribute`, `fieldId`, `locale`, `keywords`) VALUES ('29', 'filename', '0', 'en_us', ' imgres jpg ');
INSERT INTO `craft_searchindex` (`elementId`, `attribute`, `fieldId`, `locale`, `keywords`) VALUES ('29', 'extension', '0', 'en_us', ' jpg ');
INSERT INTO `craft_searchindex` (`elementId`, `attribute`, `fieldId`, `locale`, `keywords`) VALUES ('29', 'kind', '0', 'en_us', ' image ');
INSERT INTO `craft_searchindex` (`elementId`, `attribute`, `fieldId`, `locale`, `keywords`) VALUES ('29', 'title', '0', 'en_us', ' imgres ');
INSERT INTO `craft_searchindex` (`elementId`, `attribute`, `fieldId`, `locale`, `keywords`) VALUES ('30', 'field', '5', 'en_us', '');
INSERT INTO `craft_searchindex` (`elementId`, `attribute`, `fieldId`, `locale`, `keywords`) VALUES ('30', 'field', '6', 'en_us', '');
INSERT INTO `craft_searchindex` (`elementId`, `attribute`, `fieldId`, `locale`, `keywords`) VALUES ('30', 'field', '2', 'en_us', '');
INSERT INTO `craft_searchindex` (`elementId`, `attribute`, `fieldId`, `locale`, `keywords`) VALUES ('30', 'field', '1', 'en_us', '');
INSERT INTO `craft_searchindex` (`elementId`, `attribute`, `fieldId`, `locale`, `keywords`) VALUES ('30', 'field', '16', 'en_us', '');
INSERT INTO `craft_searchindex` (`elementId`, `attribute`, `fieldId`, `locale`, `keywords`) VALUES ('30', 'field', '19', 'en_us', '');
INSERT INTO `craft_searchindex` (`elementId`, `attribute`, `fieldId`, `locale`, `keywords`) VALUES ('30', 'field', '12', 'en_us', '');
INSERT INTO `craft_searchindex` (`elementId`, `attribute`, `fieldId`, `locale`, `keywords`) VALUES ('30', 'field', '11', 'en_us', '');
INSERT INTO `craft_searchindex` (`elementId`, `attribute`, `fieldId`, `locale`, `keywords`) VALUES ('30', 'field', '8', 'en_us', '');
INSERT INTO `craft_searchindex` (`elementId`, `attribute`, `fieldId`, `locale`, `keywords`) VALUES ('30', 'field', '35', 'en_us', '');
INSERT INTO `craft_searchindex` (`elementId`, `attribute`, `fieldId`, `locale`, `keywords`) VALUES ('30', 'field', '22', 'en_us', '');
INSERT INTO `craft_searchindex` (`elementId`, `attribute`, `fieldId`, `locale`, `keywords`) VALUES ('30', 'field', '30', 'en_us', '');
INSERT INTO `craft_searchindex` (`elementId`, `attribute`, `fieldId`, `locale`, `keywords`) VALUES ('30', 'field', '29', 'en_us', '');
INSERT INTO `craft_searchindex` (`elementId`, `attribute`, `fieldId`, `locale`, `keywords`) VALUES ('30', 'field', '31', 'en_us', '');
INSERT INTO `craft_searchindex` (`elementId`, `attribute`, `fieldId`, `locale`, `keywords`) VALUES ('30', 'field', '32', 'en_us', '');
INSERT INTO `craft_searchindex` (`elementId`, `attribute`, `fieldId`, `locale`, `keywords`) VALUES ('30', 'field', '15', 'en_us', '');
INSERT INTO `craft_searchindex` (`elementId`, `attribute`, `fieldId`, `locale`, `keywords`) VALUES ('30', 'field', '7', 'en_us', '');
INSERT INTO `craft_searchindex` (`elementId`, `attribute`, `fieldId`, `locale`, `keywords`) VALUES ('30', 'field', '14', 'en_us', '');
INSERT INTO `craft_searchindex` (`elementId`, `attribute`, `fieldId`, `locale`, `keywords`) VALUES ('30', 'field', '10', 'en_us', '');
INSERT INTO `craft_searchindex` (`elementId`, `attribute`, `fieldId`, `locale`, `keywords`) VALUES ('30', 'field', '13', 'en_us', '');
INSERT INTO `craft_searchindex` (`elementId`, `attribute`, `fieldId`, `locale`, `keywords`) VALUES ('30', 'field', '28', 'en_us', '');
INSERT INTO `craft_searchindex` (`elementId`, `attribute`, `fieldId`, `locale`, `keywords`) VALUES ('30', 'field', '4', 'en_us', '');
INSERT INTO `craft_searchindex` (`elementId`, `attribute`, `fieldId`, `locale`, `keywords`) VALUES ('30', 'filename', '0', 'en_us', ' images jpg ');
INSERT INTO `craft_searchindex` (`elementId`, `attribute`, `fieldId`, `locale`, `keywords`) VALUES ('30', 'extension', '0', 'en_us', ' jpg ');
INSERT INTO `craft_searchindex` (`elementId`, `attribute`, `fieldId`, `locale`, `keywords`) VALUES ('30', 'kind', '0', 'en_us', ' image ');
INSERT INTO `craft_searchindex` (`elementId`, `attribute`, `fieldId`, `locale`, `keywords`) VALUES ('30', 'title', '0', 'en_us', ' images ');
INSERT INTO `craft_searchindex` (`elementId`, `attribute`, `fieldId`, `locale`, `keywords`) VALUES ('23', 'field', '35', 'en_us', ' images imgres imgres 1 imgres 2 imgres 3 ');
INSERT INTO `craft_searchindex` (`elementId`, `attribute`, `fieldId`, `locale`, `keywords`) VALUES ('31', 'slug', '0', 'en_us', ' sunglasses ');
INSERT INTO `craft_searchindex` (`elementId`, `attribute`, `fieldId`, `locale`, `keywords`) VALUES ('31', 'title', '0', 'en_us', ' sunglasses ');
INSERT INTO `craft_searchindex` (`elementId`, `attribute`, `fieldId`, `locale`, `keywords`) VALUES ('31', 'field', '5', 'en_us', '');
INSERT INTO `craft_searchindex` (`elementId`, `attribute`, `fieldId`, `locale`, `keywords`) VALUES ('31', 'field', '6', 'en_us', '');
INSERT INTO `craft_searchindex` (`elementId`, `attribute`, `fieldId`, `locale`, `keywords`) VALUES ('31', 'field', '2', 'en_us', '');
INSERT INTO `craft_searchindex` (`elementId`, `attribute`, `fieldId`, `locale`, `keywords`) VALUES ('31', 'field', '1', 'en_us', '');
INSERT INTO `craft_searchindex` (`elementId`, `attribute`, `fieldId`, `locale`, `keywords`) VALUES ('31', 'field', '16', 'en_us', ' eye bobs lindberg versace oakley silhouette tom ford prada barton pereira david yurman ');
INSERT INTO `craft_searchindex` (`elementId`, `attribute`, `fieldId`, `locale`, `keywords`) VALUES ('31', 'field', '19', 'en_us', ' tory burch dsquared 2 brooks brothers eddie bauer paul smith persol coach biggu ');
INSERT INTO `craft_searchindex` (`elementId`, `attribute`, `fieldId`, `locale`, `keywords`) VALUES ('31', 'field', '12', 'en_us', '');
INSERT INTO `craft_searchindex` (`elementId`, `attribute`, `fieldId`, `locale`, `keywords`) VALUES ('31', 'field', '11', 'en_us', '');
INSERT INTO `craft_searchindex` (`elementId`, `attribute`, `fieldId`, `locale`, `keywords`) VALUES ('31', 'field', '8', 'en_us', '');
INSERT INTO `craft_searchindex` (`elementId`, `attribute`, `fieldId`, `locale`, `keywords`) VALUES ('31', 'field', '35', 'en_us', '');
INSERT INTO `craft_searchindex` (`elementId`, `attribute`, `fieldId`, `locale`, `keywords`) VALUES ('31', 'field', '22', 'en_us', '');
INSERT INTO `craft_searchindex` (`elementId`, `attribute`, `fieldId`, `locale`, `keywords`) VALUES ('31', 'field', '30', 'en_us', '');
INSERT INTO `craft_searchindex` (`elementId`, `attribute`, `fieldId`, `locale`, `keywords`) VALUES ('31', 'field', '29', 'en_us', '');
INSERT INTO `craft_searchindex` (`elementId`, `attribute`, `fieldId`, `locale`, `keywords`) VALUES ('31', 'field', '31', 'en_us', '');
INSERT INTO `craft_searchindex` (`elementId`, `attribute`, `fieldId`, `locale`, `keywords`) VALUES ('31', 'field', '32', 'en_us', '');
INSERT INTO `craft_searchindex` (`elementId`, `attribute`, `fieldId`, `locale`, `keywords`) VALUES ('31', 'field', '15', 'en_us', ' the optical shoppe carries the following brands of eyeglasses if you see something not listed please contact us we are always looking to improve our selection ');
INSERT INTO `craft_searchindex` (`elementId`, `attribute`, `fieldId`, `locale`, `keywords`) VALUES ('31', 'field', '7', 'en_us', '');
INSERT INTO `craft_searchindex` (`elementId`, `attribute`, `fieldId`, `locale`, `keywords`) VALUES ('31', 'field', '14', 'en_us', '');
INSERT INTO `craft_searchindex` (`elementId`, `attribute`, `fieldId`, `locale`, `keywords`) VALUES ('31', 'field', '10', 'en_us', '');
INSERT INTO `craft_searchindex` (`elementId`, `attribute`, `fieldId`, `locale`, `keywords`) VALUES ('31', 'field', '13', 'en_us', '');
INSERT INTO `craft_searchindex` (`elementId`, `attribute`, `fieldId`, `locale`, `keywords`) VALUES ('31', 'field', '28', 'en_us', '');
INSERT INTO `craft_searchindex` (`elementId`, `attribute`, `fieldId`, `locale`, `keywords`) VALUES ('31', 'field', '4', 'en_us', '');
INSERT INTO `craft_searchindex` (`elementId`, `attribute`, `fieldId`, `locale`, `keywords`) VALUES ('32', 'slug', '0', 'en_us', ' eyeglasses ');
INSERT INTO `craft_searchindex` (`elementId`, `attribute`, `fieldId`, `locale`, `keywords`) VALUES ('32', 'title', '0', 'en_us', ' eyeglasses ');
INSERT INTO `craft_searchindex` (`elementId`, `attribute`, `fieldId`, `locale`, `keywords`) VALUES ('32', 'field', '5', 'en_us', '');
INSERT INTO `craft_searchindex` (`elementId`, `attribute`, `fieldId`, `locale`, `keywords`) VALUES ('32', 'field', '6', 'en_us', '');
INSERT INTO `craft_searchindex` (`elementId`, `attribute`, `fieldId`, `locale`, `keywords`) VALUES ('32', 'field', '2', 'en_us', '');
INSERT INTO `craft_searchindex` (`elementId`, `attribute`, `fieldId`, `locale`, `keywords`) VALUES ('32', 'field', '1', 'en_us', '');
INSERT INTO `craft_searchindex` (`elementId`, `attribute`, `fieldId`, `locale`, `keywords`) VALUES ('32', 'field', '16', 'en_us', '');
INSERT INTO `craft_searchindex` (`elementId`, `attribute`, `fieldId`, `locale`, `keywords`) VALUES ('32', 'field', '19', 'en_us', '');
INSERT INTO `craft_searchindex` (`elementId`, `attribute`, `fieldId`, `locale`, `keywords`) VALUES ('32', 'field', '12', 'en_us', '');
INSERT INTO `craft_searchindex` (`elementId`, `attribute`, `fieldId`, `locale`, `keywords`) VALUES ('32', 'field', '11', 'en_us', '');
INSERT INTO `craft_searchindex` (`elementId`, `attribute`, `fieldId`, `locale`, `keywords`) VALUES ('32', 'field', '8', 'en_us', '');
INSERT INTO `craft_searchindex` (`elementId`, `attribute`, `fieldId`, `locale`, `keywords`) VALUES ('32', 'field', '35', 'en_us', '');
INSERT INTO `craft_searchindex` (`elementId`, `attribute`, `fieldId`, `locale`, `keywords`) VALUES ('32', 'field', '22', 'en_us', '');
INSERT INTO `craft_searchindex` (`elementId`, `attribute`, `fieldId`, `locale`, `keywords`) VALUES ('32', 'field', '30', 'en_us', '');
INSERT INTO `craft_searchindex` (`elementId`, `attribute`, `fieldId`, `locale`, `keywords`) VALUES ('32', 'field', '29', 'en_us', '');
INSERT INTO `craft_searchindex` (`elementId`, `attribute`, `fieldId`, `locale`, `keywords`) VALUES ('32', 'field', '31', 'en_us', '');
INSERT INTO `craft_searchindex` (`elementId`, `attribute`, `fieldId`, `locale`, `keywords`) VALUES ('32', 'field', '32', 'en_us', '');
INSERT INTO `craft_searchindex` (`elementId`, `attribute`, `fieldId`, `locale`, `keywords`) VALUES ('32', 'field', '15', 'en_us', '');
INSERT INTO `craft_searchindex` (`elementId`, `attribute`, `fieldId`, `locale`, `keywords`) VALUES ('32', 'field', '7', 'en_us', '');
INSERT INTO `craft_searchindex` (`elementId`, `attribute`, `fieldId`, `locale`, `keywords`) VALUES ('32', 'field', '14', 'en_us', '');
INSERT INTO `craft_searchindex` (`elementId`, `attribute`, `fieldId`, `locale`, `keywords`) VALUES ('32', 'field', '10', 'en_us', '');
INSERT INTO `craft_searchindex` (`elementId`, `attribute`, `fieldId`, `locale`, `keywords`) VALUES ('32', 'field', '13', 'en_us', '');
INSERT INTO `craft_searchindex` (`elementId`, `attribute`, `fieldId`, `locale`, `keywords`) VALUES ('32', 'field', '28', 'en_us', '');
INSERT INTO `craft_searchindex` (`elementId`, `attribute`, `fieldId`, `locale`, `keywords`) VALUES ('32', 'field', '4', 'en_us', '');
INSERT INTO `craft_searchindex` (`elementId`, `attribute`, `fieldId`, `locale`, `keywords`) VALUES ('33', 'slug', '0', 'en_us', ' some eyeglass ');
INSERT INTO `craft_searchindex` (`elementId`, `attribute`, `fieldId`, `locale`, `keywords`) VALUES ('33', 'title', '0', 'en_us', ' some eyeglasses ');
INSERT INTO `craft_searchindex` (`elementId`, `attribute`, `fieldId`, `locale`, `keywords`) VALUES ('33', 'field', '5', 'en_us', '');
INSERT INTO `craft_searchindex` (`elementId`, `attribute`, `fieldId`, `locale`, `keywords`) VALUES ('33', 'field', '6', 'en_us', '');
INSERT INTO `craft_searchindex` (`elementId`, `attribute`, `fieldId`, `locale`, `keywords`) VALUES ('33', 'field', '2', 'en_us', '');
INSERT INTO `craft_searchindex` (`elementId`, `attribute`, `fieldId`, `locale`, `keywords`) VALUES ('33', 'field', '1', 'en_us', '');
INSERT INTO `craft_searchindex` (`elementId`, `attribute`, `fieldId`, `locale`, `keywords`) VALUES ('33', 'field', '16', 'en_us', '');
INSERT INTO `craft_searchindex` (`elementId`, `attribute`, `fieldId`, `locale`, `keywords`) VALUES ('33', 'field', '19', 'en_us', '');
INSERT INTO `craft_searchindex` (`elementId`, `attribute`, `fieldId`, `locale`, `keywords`) VALUES ('33', 'field', '12', 'en_us', '');
INSERT INTO `craft_searchindex` (`elementId`, `attribute`, `fieldId`, `locale`, `keywords`) VALUES ('33', 'field', '11', 'en_us', '');
INSERT INTO `craft_searchindex` (`elementId`, `attribute`, `fieldId`, `locale`, `keywords`) VALUES ('33', 'field', '8', 'en_us', '');
INSERT INTO `craft_searchindex` (`elementId`, `attribute`, `fieldId`, `locale`, `keywords`) VALUES ('33', 'field', '35', 'en_us', '');
INSERT INTO `craft_searchindex` (`elementId`, `attribute`, `fieldId`, `locale`, `keywords`) VALUES ('33', 'field', '22', 'en_us', '');
INSERT INTO `craft_searchindex` (`elementId`, `attribute`, `fieldId`, `locale`, `keywords`) VALUES ('33', 'field', '30', 'en_us', ' calvin klein ');
INSERT INTO `craft_searchindex` (`elementId`, `attribute`, `fieldId`, `locale`, `keywords`) VALUES ('33', 'field', '29', 'en_us', ' some eyeglasses ');
INSERT INTO `craft_searchindex` (`elementId`, `attribute`, `fieldId`, `locale`, `keywords`) VALUES ('33', 'field', '31', 'en_us', ' 55 00 ');
INSERT INTO `craft_searchindex` (`elementId`, `attribute`, `fieldId`, `locale`, `keywords`) VALUES ('33', 'field', '32', 'en_us', ' 234df934 ');
INSERT INTO `craft_searchindex` (`elementId`, `attribute`, `fieldId`, `locale`, `keywords`) VALUES ('33', 'field', '15', 'en_us', '');
INSERT INTO `craft_searchindex` (`elementId`, `attribute`, `fieldId`, `locale`, `keywords`) VALUES ('33', 'field', '7', 'en_us', '');
INSERT INTO `craft_searchindex` (`elementId`, `attribute`, `fieldId`, `locale`, `keywords`) VALUES ('33', 'field', '14', 'en_us', '');
INSERT INTO `craft_searchindex` (`elementId`, `attribute`, `fieldId`, `locale`, `keywords`) VALUES ('33', 'field', '10', 'en_us', '');
INSERT INTO `craft_searchindex` (`elementId`, `attribute`, `fieldId`, `locale`, `keywords`) VALUES ('33', 'field', '13', 'en_us', '');
INSERT INTO `craft_searchindex` (`elementId`, `attribute`, `fieldId`, `locale`, `keywords`) VALUES ('33', 'field', '28', 'en_us', '');
INSERT INTO `craft_searchindex` (`elementId`, `attribute`, `fieldId`, `locale`, `keywords`) VALUES ('33', 'field', '4', 'en_us', '');
INSERT INTO `craft_searchindex` (`elementId`, `attribute`, `fieldId`, `locale`, `keywords`) VALUES ('34', 'field', '18', 'en_us', '');
INSERT INTO `craft_searchindex` (`elementId`, `attribute`, `fieldId`, `locale`, `keywords`) VALUES ('34', 'field', '17', 'en_us', ' eye bobs ');
INSERT INTO `craft_searchindex` (`elementId`, `attribute`, `fieldId`, `locale`, `keywords`) VALUES ('35', 'field', '18', 'en_us', '');
INSERT INTO `craft_searchindex` (`elementId`, `attribute`, `fieldId`, `locale`, `keywords`) VALUES ('35', 'field', '17', 'en_us', ' lindberg ');
INSERT INTO `craft_searchindex` (`elementId`, `attribute`, `fieldId`, `locale`, `keywords`) VALUES ('36', 'field', '18', 'en_us', '');
INSERT INTO `craft_searchindex` (`elementId`, `attribute`, `fieldId`, `locale`, `keywords`) VALUES ('36', 'field', '17', 'en_us', ' versace ');
INSERT INTO `craft_searchindex` (`elementId`, `attribute`, `fieldId`, `locale`, `keywords`) VALUES ('37', 'field', '18', 'en_us', '');
INSERT INTO `craft_searchindex` (`elementId`, `attribute`, `fieldId`, `locale`, `keywords`) VALUES ('37', 'field', '17', 'en_us', ' oakley ');
INSERT INTO `craft_searchindex` (`elementId`, `attribute`, `fieldId`, `locale`, `keywords`) VALUES ('38', 'field', '18', 'en_us', '');
INSERT INTO `craft_searchindex` (`elementId`, `attribute`, `fieldId`, `locale`, `keywords`) VALUES ('38', 'field', '17', 'en_us', ' silhouette ');
INSERT INTO `craft_searchindex` (`elementId`, `attribute`, `fieldId`, `locale`, `keywords`) VALUES ('39', 'field', '18', 'en_us', '');
INSERT INTO `craft_searchindex` (`elementId`, `attribute`, `fieldId`, `locale`, `keywords`) VALUES ('39', 'field', '17', 'en_us', ' tom ford ');
INSERT INTO `craft_searchindex` (`elementId`, `attribute`, `fieldId`, `locale`, `keywords`) VALUES ('40', 'field', '18', 'en_us', '');
INSERT INTO `craft_searchindex` (`elementId`, `attribute`, `fieldId`, `locale`, `keywords`) VALUES ('40', 'field', '17', 'en_us', ' prada ');
INSERT INTO `craft_searchindex` (`elementId`, `attribute`, `fieldId`, `locale`, `keywords`) VALUES ('41', 'field', '18', 'en_us', '');
INSERT INTO `craft_searchindex` (`elementId`, `attribute`, `fieldId`, `locale`, `keywords`) VALUES ('41', 'field', '17', 'en_us', ' barton pereira ');
INSERT INTO `craft_searchindex` (`elementId`, `attribute`, `fieldId`, `locale`, `keywords`) VALUES ('42', 'field', '18', 'en_us', '');
INSERT INTO `craft_searchindex` (`elementId`, `attribute`, `fieldId`, `locale`, `keywords`) VALUES ('42', 'field', '17', 'en_us', ' david yurman ');
INSERT INTO `craft_searchindex` (`elementId`, `attribute`, `fieldId`, `locale`, `keywords`) VALUES ('43', 'field', '21', 'en_us', '');
INSERT INTO `craft_searchindex` (`elementId`, `attribute`, `fieldId`, `locale`, `keywords`) VALUES ('43', 'field', '20', 'en_us', ' tory burch ');
INSERT INTO `craft_searchindex` (`elementId`, `attribute`, `fieldId`, `locale`, `keywords`) VALUES ('44', 'field', '21', 'en_us', '');
INSERT INTO `craft_searchindex` (`elementId`, `attribute`, `fieldId`, `locale`, `keywords`) VALUES ('44', 'field', '20', 'en_us', ' dsquared 2 ');
INSERT INTO `craft_searchindex` (`elementId`, `attribute`, `fieldId`, `locale`, `keywords`) VALUES ('45', 'field', '21', 'en_us', '');
INSERT INTO `craft_searchindex` (`elementId`, `attribute`, `fieldId`, `locale`, `keywords`) VALUES ('45', 'field', '20', 'en_us', ' brooks brothers ');
INSERT INTO `craft_searchindex` (`elementId`, `attribute`, `fieldId`, `locale`, `keywords`) VALUES ('46', 'field', '21', 'en_us', '');
INSERT INTO `craft_searchindex` (`elementId`, `attribute`, `fieldId`, `locale`, `keywords`) VALUES ('46', 'field', '20', 'en_us', ' eddie bauer ');
INSERT INTO `craft_searchindex` (`elementId`, `attribute`, `fieldId`, `locale`, `keywords`) VALUES ('47', 'field', '21', 'en_us', '');
INSERT INTO `craft_searchindex` (`elementId`, `attribute`, `fieldId`, `locale`, `keywords`) VALUES ('47', 'field', '20', 'en_us', ' paul smith ');
INSERT INTO `craft_searchindex` (`elementId`, `attribute`, `fieldId`, `locale`, `keywords`) VALUES ('48', 'field', '21', 'en_us', '');
INSERT INTO `craft_searchindex` (`elementId`, `attribute`, `fieldId`, `locale`, `keywords`) VALUES ('48', 'field', '20', 'en_us', ' persol ');
INSERT INTO `craft_searchindex` (`elementId`, `attribute`, `fieldId`, `locale`, `keywords`) VALUES ('49', 'field', '21', 'en_us', '');
INSERT INTO `craft_searchindex` (`elementId`, `attribute`, `fieldId`, `locale`, `keywords`) VALUES ('49', 'field', '20', 'en_us', ' coach ');
INSERT INTO `craft_searchindex` (`elementId`, `attribute`, `fieldId`, `locale`, `keywords`) VALUES ('50', 'field', '21', 'en_us', '');
INSERT INTO `craft_searchindex` (`elementId`, `attribute`, `fieldId`, `locale`, `keywords`) VALUES ('50', 'field', '20', 'en_us', ' biggu ');
INSERT INTO `craft_searchindex` (`elementId`, `attribute`, `fieldId`, `locale`, `keywords`) VALUES ('8', 'field', '35', 'en_us', ' untitled 1 imgres 1 imgres 2 imgres 3 ');
INSERT INTO `craft_searchindex` (`elementId`, `attribute`, `fieldId`, `locale`, `keywords`) VALUES ('51', 'slug', '0', 'en_us', ' generic sunglasses ');
INSERT INTO `craft_searchindex` (`elementId`, `attribute`, `fieldId`, `locale`, `keywords`) VALUES ('51', 'title', '0', 'en_us', ' generic sunglasses ');
INSERT INTO `craft_searchindex` (`elementId`, `attribute`, `fieldId`, `locale`, `keywords`) VALUES ('51', 'field', '5', 'en_us', '');
INSERT INTO `craft_searchindex` (`elementId`, `attribute`, `fieldId`, `locale`, `keywords`) VALUES ('51', 'field', '6', 'en_us', '');
INSERT INTO `craft_searchindex` (`elementId`, `attribute`, `fieldId`, `locale`, `keywords`) VALUES ('51', 'field', '2', 'en_us', ' testing this is houston ');
INSERT INTO `craft_searchindex` (`elementId`, `attribute`, `fieldId`, `locale`, `keywords`) VALUES ('51', 'field', '1', 'en_us', '');
INSERT INTO `craft_searchindex` (`elementId`, `attribute`, `fieldId`, `locale`, `keywords`) VALUES ('51', 'field', '16', 'en_us', '');
INSERT INTO `craft_searchindex` (`elementId`, `attribute`, `fieldId`, `locale`, `keywords`) VALUES ('51', 'field', '19', 'en_us', '');
INSERT INTO `craft_searchindex` (`elementId`, `attribute`, `fieldId`, `locale`, `keywords`) VALUES ('51', 'field', '12', 'en_us', '');
INSERT INTO `craft_searchindex` (`elementId`, `attribute`, `fieldId`, `locale`, `keywords`) VALUES ('51', 'field', '11', 'en_us', '');
INSERT INTO `craft_searchindex` (`elementId`, `attribute`, `fieldId`, `locale`, `keywords`) VALUES ('51', 'field', '8', 'en_us', '');
INSERT INTO `craft_searchindex` (`elementId`, `attribute`, `fieldId`, `locale`, `keywords`) VALUES ('51', 'field', '35', 'en_us', '');
INSERT INTO `craft_searchindex` (`elementId`, `attribute`, `fieldId`, `locale`, `keywords`) VALUES ('51', 'field', '22', 'en_us', '');
INSERT INTO `craft_searchindex` (`elementId`, `attribute`, `fieldId`, `locale`, `keywords`) VALUES ('51', 'field', '30', 'en_us', '');
INSERT INTO `craft_searchindex` (`elementId`, `attribute`, `fieldId`, `locale`, `keywords`) VALUES ('51', 'field', '29', 'en_us', '');
INSERT INTO `craft_searchindex` (`elementId`, `attribute`, `fieldId`, `locale`, `keywords`) VALUES ('51', 'field', '31', 'en_us', '');
INSERT INTO `craft_searchindex` (`elementId`, `attribute`, `fieldId`, `locale`, `keywords`) VALUES ('51', 'field', '32', 'en_us', '');
INSERT INTO `craft_searchindex` (`elementId`, `attribute`, `fieldId`, `locale`, `keywords`) VALUES ('51', 'field', '15', 'en_us', '');
INSERT INTO `craft_searchindex` (`elementId`, `attribute`, `fieldId`, `locale`, `keywords`) VALUES ('51', 'field', '7', 'en_us', '');
INSERT INTO `craft_searchindex` (`elementId`, `attribute`, `fieldId`, `locale`, `keywords`) VALUES ('51', 'field', '14', 'en_us', '');
INSERT INTO `craft_searchindex` (`elementId`, `attribute`, `fieldId`, `locale`, `keywords`) VALUES ('51', 'field', '10', 'en_us', '');
INSERT INTO `craft_searchindex` (`elementId`, `attribute`, `fieldId`, `locale`, `keywords`) VALUES ('51', 'field', '13', 'en_us', '');
INSERT INTO `craft_searchindex` (`elementId`, `attribute`, `fieldId`, `locale`, `keywords`) VALUES ('51', 'field', '28', 'en_us', '');
INSERT INTO `craft_searchindex` (`elementId`, `attribute`, `fieldId`, `locale`, `keywords`) VALUES ('51', 'field', '4', 'en_us', '');
INSERT INTO `craft_searchindex` (`elementId`, `attribute`, `fieldId`, `locale`, `keywords`) VALUES ('52', 'field', '38', 'en_us', ' ray ban sunglasses are one of the most popular brands on the market the optical shoppe carries some of the most popular ray ban frames and sunglasses in baton rouge please do not hesitate to contact us or come by to see our large selection of ray bans including our custom optical lenses that can ordered to match your prescription ');
INSERT INTO `craft_searchindex` (`elementId`, `attribute`, `fieldId`, `locale`, `keywords`) VALUES ('52', 'field', '37', 'en_us', ' rayban ');
INSERT INTO `craft_searchindex` (`elementId`, `attribute`, `fieldId`, `locale`, `keywords`) VALUES ('52', 'field', '39', 'en_us', ' rayban is a luxury product ');
INSERT INTO `craft_searchindex` (`elementId`, `attribute`, `fieldId`, `locale`, `keywords`) VALUES ('51', 'field', '36', 'en_us', ' ray ban sunglasses are one of the most popular brands on the market the optical shoppe carries some of the most popular ray ban frames and sunglasses in baton rouge please do not hesitate to contact us or come by to see our large selection of ray bans including our custom optical lenses that can ordered to match your prescription rayban rayban rayban is a luxury product aviator is a luxury brand that is well renowned for its distinguished style aviator aviator aviator is cool ');
INSERT INTO `craft_searchindex` (`elementId`, `attribute`, `fieldId`, `locale`, `keywords`) VALUES ('53', 'name', '0', 'en_us', ' calvin klein ');
INSERT INTO `craft_searchindex` (`elementId`, `attribute`, `fieldId`, `locale`, `keywords`) VALUES ('8', 'field', '36', 'en_us', '');
INSERT INTO `craft_searchindex` (`elementId`, `attribute`, `fieldId`, `locale`, `keywords`) VALUES ('8', 'field', '40', 'en_us', ' rayban ');
INSERT INTO `craft_searchindex` (`elementId`, `attribute`, `fieldId`, `locale`, `keywords`) VALUES ('23', 'field', '36', 'en_us', '');
INSERT INTO `craft_searchindex` (`elementId`, `attribute`, `fieldId`, `locale`, `keywords`) VALUES ('23', 'field', '40', 'en_us', ' aviator ');
INSERT INTO `craft_searchindex` (`elementId`, `attribute`, `fieldId`, `locale`, `keywords`) VALUES ('55', 'slug', '0', 'en_us', ' rayban ');
INSERT INTO `craft_searchindex` (`elementId`, `attribute`, `fieldId`, `locale`, `keywords`) VALUES ('55', 'title', '0', 'en_us', ' ray ban ');
INSERT INTO `craft_searchindex` (`elementId`, `attribute`, `fieldId`, `locale`, `keywords`) VALUES ('55', 'field', '5', 'en_us', '');
INSERT INTO `craft_searchindex` (`elementId`, `attribute`, `fieldId`, `locale`, `keywords`) VALUES ('55', 'field', '6', 'en_us', '');
INSERT INTO `craft_searchindex` (`elementId`, `attribute`, `fieldId`, `locale`, `keywords`) VALUES ('55', 'field', '2', 'en_us', ' ray ban sunglasses are one of the most popular brands on the market the optical shoppe carries some of the most popular ray ban frames and sunglasses in baton rouge please do not hesitate to contact us or come by to see our large selection of ray bans including our custom optical lenses that can ordered to match your prescription ');
INSERT INTO `craft_searchindex` (`elementId`, `attribute`, `fieldId`, `locale`, `keywords`) VALUES ('55', 'field', '1', 'en_us', '');
INSERT INTO `craft_searchindex` (`elementId`, `attribute`, `fieldId`, `locale`, `keywords`) VALUES ('55', 'field', '36', 'en_us', '');
INSERT INTO `craft_searchindex` (`elementId`, `attribute`, `fieldId`, `locale`, `keywords`) VALUES ('55', 'field', '16', 'en_us', '');
INSERT INTO `craft_searchindex` (`elementId`, `attribute`, `fieldId`, `locale`, `keywords`) VALUES ('55', 'field', '19', 'en_us', '');
INSERT INTO `craft_searchindex` (`elementId`, `attribute`, `fieldId`, `locale`, `keywords`) VALUES ('55', 'field', '12', 'en_us', '');
INSERT INTO `craft_searchindex` (`elementId`, `attribute`, `fieldId`, `locale`, `keywords`) VALUES ('55', 'field', '11', 'en_us', '');
INSERT INTO `craft_searchindex` (`elementId`, `attribute`, `fieldId`, `locale`, `keywords`) VALUES ('55', 'field', '8', 'en_us', '');
INSERT INTO `craft_searchindex` (`elementId`, `attribute`, `fieldId`, `locale`, `keywords`) VALUES ('55', 'field', '35', 'en_us', '');
INSERT INTO `craft_searchindex` (`elementId`, `attribute`, `fieldId`, `locale`, `keywords`) VALUES ('55', 'field', '22', 'en_us', '');
INSERT INTO `craft_searchindex` (`elementId`, `attribute`, `fieldId`, `locale`, `keywords`) VALUES ('55', 'field', '30', 'en_us', '');
INSERT INTO `craft_searchindex` (`elementId`, `attribute`, `fieldId`, `locale`, `keywords`) VALUES ('55', 'field', '41', 'en_us', '');
INSERT INTO `craft_searchindex` (`elementId`, `attribute`, `fieldId`, `locale`, `keywords`) VALUES ('55', 'field', '29', 'en_us', '');
INSERT INTO `craft_searchindex` (`elementId`, `attribute`, `fieldId`, `locale`, `keywords`) VALUES ('55', 'field', '31', 'en_us', '');
INSERT INTO `craft_searchindex` (`elementId`, `attribute`, `fieldId`, `locale`, `keywords`) VALUES ('55', 'field', '32', 'en_us', '');
INSERT INTO `craft_searchindex` (`elementId`, `attribute`, `fieldId`, `locale`, `keywords`) VALUES ('55', 'field', '15', 'en_us', '');
INSERT INTO `craft_searchindex` (`elementId`, `attribute`, `fieldId`, `locale`, `keywords`) VALUES ('55', 'field', '7', 'en_us', '');
INSERT INTO `craft_searchindex` (`elementId`, `attribute`, `fieldId`, `locale`, `keywords`) VALUES ('55', 'field', '14', 'en_us', '');
INSERT INTO `craft_searchindex` (`elementId`, `attribute`, `fieldId`, `locale`, `keywords`) VALUES ('55', 'field', '10', 'en_us', '');
INSERT INTO `craft_searchindex` (`elementId`, `attribute`, `fieldId`, `locale`, `keywords`) VALUES ('55', 'field', '13', 'en_us', '');
INSERT INTO `craft_searchindex` (`elementId`, `attribute`, `fieldId`, `locale`, `keywords`) VALUES ('55', 'field', '28', 'en_us', '');
INSERT INTO `craft_searchindex` (`elementId`, `attribute`, `fieldId`, `locale`, `keywords`) VALUES ('55', 'field', '4', 'en_us', '');
INSERT INTO `craft_searchindex` (`elementId`, `attribute`, `fieldId`, `locale`, `keywords`) VALUES ('55', 'field', '40', 'en_us', '');
INSERT INTO `craft_searchindex` (`elementId`, `attribute`, `fieldId`, `locale`, `keywords`) VALUES ('56', 'field', '38', 'en_us', ' ray ban sunglasses are one of the most popular brands on the market the optical shoppe carries some of the most popular ray ban frames and sunglasses in baton rouge please do not hesitate to contact us or come by to see our large selection of ray bans including our custom optical lenses that can ordered to match your prescription ');
INSERT INTO `craft_searchindex` (`elementId`, `attribute`, `fieldId`, `locale`, `keywords`) VALUES ('56', 'field', '37', 'en_us', ' ray ban ');
INSERT INTO `craft_searchindex` (`elementId`, `attribute`, `fieldId`, `locale`, `keywords`) VALUES ('56', 'field', '39', 'en_us', '');
INSERT INTO `craft_searchindex` (`elementId`, `attribute`, `fieldId`, `locale`, `keywords`) VALUES ('8', 'field', '41', 'en_us', ' ray ban ');
INSERT INTO `craft_searchindex` (`elementId`, `attribute`, `fieldId`, `locale`, `keywords`) VALUES ('57', 'name', '0', 'en_us', ' rayban ');
INSERT INTO `craft_searchindex` (`elementId`, `attribute`, `fieldId`, `locale`, `keywords`) VALUES ('52', 'field', '42', 'en_us', ' rayban ');
INSERT INTO `craft_searchindex` (`elementId`, `attribute`, `fieldId`, `locale`, `keywords`) VALUES ('51', 'field', '40', 'en_us', '');
INSERT INTO `craft_searchindex` (`elementId`, `attribute`, `fieldId`, `locale`, `keywords`) VALUES ('59', 'name', '0', 'en_us', ' aviator ');
INSERT INTO `craft_searchindex` (`elementId`, `attribute`, `fieldId`, `locale`, `keywords`) VALUES ('58', 'field', '38', 'en_us', ' aviator is a luxury brand that is well renowned for its distinguished style ');
INSERT INTO `craft_searchindex` (`elementId`, `attribute`, `fieldId`, `locale`, `keywords`) VALUES ('58', 'field', '37', 'en_us', ' aviator ');
INSERT INTO `craft_searchindex` (`elementId`, `attribute`, `fieldId`, `locale`, `keywords`) VALUES ('58', 'field', '42', 'en_us', ' aviator ');
INSERT INTO `craft_searchindex` (`elementId`, `attribute`, `fieldId`, `locale`, `keywords`) VALUES ('58', 'field', '39', 'en_us', ' aviator is cool ');
INSERT INTO `craft_searchindex` (`elementId`, `attribute`, `fieldId`, `locale`, `keywords`) VALUES ('60', 'field', '5', 'en_us', '');
INSERT INTO `craft_searchindex` (`elementId`, `attribute`, `fieldId`, `locale`, `keywords`) VALUES ('60', 'field', '6', 'en_us', '');
INSERT INTO `craft_searchindex` (`elementId`, `attribute`, `fieldId`, `locale`, `keywords`) VALUES ('60', 'field', '2', 'en_us', ' the menu ');
INSERT INTO `craft_searchindex` (`elementId`, `attribute`, `fieldId`, `locale`, `keywords`) VALUES ('60', 'field', '1', 'en_us', '');
INSERT INTO `craft_searchindex` (`elementId`, `attribute`, `fieldId`, `locale`, `keywords`) VALUES ('60', 'field', '36', 'en_us', '');
INSERT INTO `craft_searchindex` (`elementId`, `attribute`, `fieldId`, `locale`, `keywords`) VALUES ('60', 'field', '40', 'en_us', '');
INSERT INTO `craft_searchindex` (`elementId`, `attribute`, `fieldId`, `locale`, `keywords`) VALUES ('60', 'field', '16', 'en_us', '');
INSERT INTO `craft_searchindex` (`elementId`, `attribute`, `fieldId`, `locale`, `keywords`) VALUES ('60', 'field', '19', 'en_us', '');
INSERT INTO `craft_searchindex` (`elementId`, `attribute`, `fieldId`, `locale`, `keywords`) VALUES ('60', 'field', '12', 'en_us', '');
INSERT INTO `craft_searchindex` (`elementId`, `attribute`, `fieldId`, `locale`, `keywords`) VALUES ('60', 'field', '11', 'en_us', '');
INSERT INTO `craft_searchindex` (`elementId`, `attribute`, `fieldId`, `locale`, `keywords`) VALUES ('60', 'field', '8', 'en_us', '');
INSERT INTO `craft_searchindex` (`elementId`, `attribute`, `fieldId`, `locale`, `keywords`) VALUES ('60', 'field', '35', 'en_us', '');
INSERT INTO `craft_searchindex` (`elementId`, `attribute`, `fieldId`, `locale`, `keywords`) VALUES ('60', 'field', '22', 'en_us', '');
INSERT INTO `craft_searchindex` (`elementId`, `attribute`, `fieldId`, `locale`, `keywords`) VALUES ('60', 'field', '29', 'en_us', '');
INSERT INTO `craft_searchindex` (`elementId`, `attribute`, `fieldId`, `locale`, `keywords`) VALUES ('60', 'field', '31', 'en_us', '');
INSERT INTO `craft_searchindex` (`elementId`, `attribute`, `fieldId`, `locale`, `keywords`) VALUES ('60', 'field', '32', 'en_us', '');
INSERT INTO `craft_searchindex` (`elementId`, `attribute`, `fieldId`, `locale`, `keywords`) VALUES ('60', 'field', '43', 'en_us', ' frames about lenses contact ');
INSERT INTO `craft_searchindex` (`elementId`, `attribute`, `fieldId`, `locale`, `keywords`) VALUES ('60', 'field', '15', 'en_us', '');
INSERT INTO `craft_searchindex` (`elementId`, `attribute`, `fieldId`, `locale`, `keywords`) VALUES ('60', 'field', '7', 'en_us', '');
INSERT INTO `craft_searchindex` (`elementId`, `attribute`, `fieldId`, `locale`, `keywords`) VALUES ('60', 'field', '14', 'en_us', '');
INSERT INTO `craft_searchindex` (`elementId`, `attribute`, `fieldId`, `locale`, `keywords`) VALUES ('60', 'field', '10', 'en_us', '');
INSERT INTO `craft_searchindex` (`elementId`, `attribute`, `fieldId`, `locale`, `keywords`) VALUES ('60', 'field', '13', 'en_us', '');
INSERT INTO `craft_searchindex` (`elementId`, `attribute`, `fieldId`, `locale`, `keywords`) VALUES ('60', 'field', '28', 'en_us', '');
INSERT INTO `craft_searchindex` (`elementId`, `attribute`, `fieldId`, `locale`, `keywords`) VALUES ('60', 'field', '4', 'en_us', '');
INSERT INTO `craft_searchindex` (`elementId`, `attribute`, `fieldId`, `locale`, `keywords`) VALUES ('60', 'field', '45', 'en_us', ' sunglasses eyeglasses ');
INSERT INTO `craft_searchindex` (`elementId`, `attribute`, `fieldId`, `locale`, `keywords`) VALUES ('2', 'field', '36', 'en_us', '');
INSERT INTO `craft_searchindex` (`elementId`, `attribute`, `fieldId`, `locale`, `keywords`) VALUES ('2', 'field', '40', 'en_us', '');
INSERT INTO `craft_searchindex` (`elementId`, `attribute`, `fieldId`, `locale`, `keywords`) VALUES ('2', 'field', '35', 'en_us', '');
INSERT INTO `craft_searchindex` (`elementId`, `attribute`, `fieldId`, `locale`, `keywords`) VALUES ('2', 'field', '29', 'en_us', '');
INSERT INTO `craft_searchindex` (`elementId`, `attribute`, `fieldId`, `locale`, `keywords`) VALUES ('2', 'field', '31', 'en_us', '');
INSERT INTO `craft_searchindex` (`elementId`, `attribute`, `fieldId`, `locale`, `keywords`) VALUES ('2', 'field', '32', 'en_us', '');
INSERT INTO `craft_searchindex` (`elementId`, `attribute`, `fieldId`, `locale`, `keywords`) VALUES ('2', 'field', '43', 'en_us', '');
INSERT INTO `craft_searchindex` (`elementId`, `attribute`, `fieldId`, `locale`, `keywords`) VALUES ('2', 'field', '28', 'en_us', '');
INSERT INTO `craft_searchindex` (`elementId`, `attribute`, `fieldId`, `locale`, `keywords`) VALUES ('2', 'field', '45', 'en_us', '');
INSERT INTO `craft_searchindex` (`elementId`, `attribute`, `fieldId`, `locale`, `keywords`) VALUES ('61', 'field', '5', 'en_us', '');
INSERT INTO `craft_searchindex` (`elementId`, `attribute`, `fieldId`, `locale`, `keywords`) VALUES ('61', 'field', '6', 'en_us', '');
INSERT INTO `craft_searchindex` (`elementId`, `attribute`, `fieldId`, `locale`, `keywords`) VALUES ('61', 'field', '2', 'en_us', '');
INSERT INTO `craft_searchindex` (`elementId`, `attribute`, `fieldId`, `locale`, `keywords`) VALUES ('61', 'field', '1', 'en_us', '');
INSERT INTO `craft_searchindex` (`elementId`, `attribute`, `fieldId`, `locale`, `keywords`) VALUES ('61', 'field', '36', 'en_us', '');
INSERT INTO `craft_searchindex` (`elementId`, `attribute`, `fieldId`, `locale`, `keywords`) VALUES ('61', 'field', '40', 'en_us', '');
INSERT INTO `craft_searchindex` (`elementId`, `attribute`, `fieldId`, `locale`, `keywords`) VALUES ('61', 'field', '16', 'en_us', '');
INSERT INTO `craft_searchindex` (`elementId`, `attribute`, `fieldId`, `locale`, `keywords`) VALUES ('61', 'field', '19', 'en_us', '');
INSERT INTO `craft_searchindex` (`elementId`, `attribute`, `fieldId`, `locale`, `keywords`) VALUES ('61', 'field', '12', 'en_us', '');
INSERT INTO `craft_searchindex` (`elementId`, `attribute`, `fieldId`, `locale`, `keywords`) VALUES ('61', 'field', '11', 'en_us', '');
INSERT INTO `craft_searchindex` (`elementId`, `attribute`, `fieldId`, `locale`, `keywords`) VALUES ('61', 'field', '8', 'en_us', '');
INSERT INTO `craft_searchindex` (`elementId`, `attribute`, `fieldId`, `locale`, `keywords`) VALUES ('61', 'field', '35', 'en_us', '');
INSERT INTO `craft_searchindex` (`elementId`, `attribute`, `fieldId`, `locale`, `keywords`) VALUES ('61', 'field', '22', 'en_us', '');
INSERT INTO `craft_searchindex` (`elementId`, `attribute`, `fieldId`, `locale`, `keywords`) VALUES ('61', 'field', '29', 'en_us', '');
INSERT INTO `craft_searchindex` (`elementId`, `attribute`, `fieldId`, `locale`, `keywords`) VALUES ('61', 'field', '31', 'en_us', '');
INSERT INTO `craft_searchindex` (`elementId`, `attribute`, `fieldId`, `locale`, `keywords`) VALUES ('61', 'field', '32', 'en_us', '');
INSERT INTO `craft_searchindex` (`elementId`, `attribute`, `fieldId`, `locale`, `keywords`) VALUES ('61', 'field', '43', 'en_us', '');
INSERT INTO `craft_searchindex` (`elementId`, `attribute`, `fieldId`, `locale`, `keywords`) VALUES ('61', 'field', '15', 'en_us', '');
INSERT INTO `craft_searchindex` (`elementId`, `attribute`, `fieldId`, `locale`, `keywords`) VALUES ('61', 'field', '7', 'en_us', '');
INSERT INTO `craft_searchindex` (`elementId`, `attribute`, `fieldId`, `locale`, `keywords`) VALUES ('61', 'field', '14', 'en_us', '');
INSERT INTO `craft_searchindex` (`elementId`, `attribute`, `fieldId`, `locale`, `keywords`) VALUES ('61', 'field', '10', 'en_us', '');
INSERT INTO `craft_searchindex` (`elementId`, `attribute`, `fieldId`, `locale`, `keywords`) VALUES ('61', 'field', '13', 'en_us', '');
INSERT INTO `craft_searchindex` (`elementId`, `attribute`, `fieldId`, `locale`, `keywords`) VALUES ('61', 'field', '28', 'en_us', '');
INSERT INTO `craft_searchindex` (`elementId`, `attribute`, `fieldId`, `locale`, `keywords`) VALUES ('61', 'field', '45', 'en_us', '');
INSERT INTO `craft_searchindex` (`elementId`, `attribute`, `fieldId`, `locale`, `keywords`) VALUES ('61', 'field', '4', 'en_us', '');
INSERT INTO `craft_searchindex` (`elementId`, `attribute`, `fieldId`, `locale`, `keywords`) VALUES ('61', 'filename', '0', 'en_us', ' untitled 1 png ');
INSERT INTO `craft_searchindex` (`elementId`, `attribute`, `fieldId`, `locale`, `keywords`) VALUES ('61', 'extension', '0', 'en_us', ' png ');
INSERT INTO `craft_searchindex` (`elementId`, `attribute`, `fieldId`, `locale`, `keywords`) VALUES ('61', 'kind', '0', 'en_us', ' image ');
INSERT INTO `craft_searchindex` (`elementId`, `attribute`, `fieldId`, `locale`, `keywords`) VALUES ('61', 'title', '0', 'en_us', ' untitled 1 ');
INSERT INTO `craft_searchindex` (`elementId`, `attribute`, `fieldId`, `locale`, `keywords`) VALUES ('62', 'field', '5', 'en_us', '');
INSERT INTO `craft_searchindex` (`elementId`, `attribute`, `fieldId`, `locale`, `keywords`) VALUES ('8', 'field', '43', 'en_us', '');
INSERT INTO `craft_searchindex` (`elementId`, `attribute`, `fieldId`, `locale`, `keywords`) VALUES ('8', 'field', '45', 'en_us', '');
INSERT INTO `craft_searchindex` (`elementId`, `attribute`, `fieldId`, `locale`, `keywords`) VALUES ('62', 'field', '6', 'en_us', '');
INSERT INTO `craft_searchindex` (`elementId`, `attribute`, `fieldId`, `locale`, `keywords`) VALUES ('62', 'field', '2', 'en_us', '');
INSERT INTO `craft_searchindex` (`elementId`, `attribute`, `fieldId`, `locale`, `keywords`) VALUES ('62', 'field', '1', 'en_us', '');
INSERT INTO `craft_searchindex` (`elementId`, `attribute`, `fieldId`, `locale`, `keywords`) VALUES ('62', 'field', '36', 'en_us', '');
INSERT INTO `craft_searchindex` (`elementId`, `attribute`, `fieldId`, `locale`, `keywords`) VALUES ('62', 'field', '40', 'en_us', '');
INSERT INTO `craft_searchindex` (`elementId`, `attribute`, `fieldId`, `locale`, `keywords`) VALUES ('62', 'field', '16', 'en_us', '');
INSERT INTO `craft_searchindex` (`elementId`, `attribute`, `fieldId`, `locale`, `keywords`) VALUES ('62', 'field', '19', 'en_us', '');
INSERT INTO `craft_searchindex` (`elementId`, `attribute`, `fieldId`, `locale`, `keywords`) VALUES ('62', 'field', '12', 'en_us', '');
INSERT INTO `craft_searchindex` (`elementId`, `attribute`, `fieldId`, `locale`, `keywords`) VALUES ('62', 'field', '11', 'en_us', '');
INSERT INTO `craft_searchindex` (`elementId`, `attribute`, `fieldId`, `locale`, `keywords`) VALUES ('62', 'field', '8', 'en_us', '');
INSERT INTO `craft_searchindex` (`elementId`, `attribute`, `fieldId`, `locale`, `keywords`) VALUES ('62', 'field', '35', 'en_us', '');
INSERT INTO `craft_searchindex` (`elementId`, `attribute`, `fieldId`, `locale`, `keywords`) VALUES ('62', 'field', '22', 'en_us', '');
INSERT INTO `craft_searchindex` (`elementId`, `attribute`, `fieldId`, `locale`, `keywords`) VALUES ('62', 'field', '29', 'en_us', '');
INSERT INTO `craft_searchindex` (`elementId`, `attribute`, `fieldId`, `locale`, `keywords`) VALUES ('62', 'field', '31', 'en_us', '');
INSERT INTO `craft_searchindex` (`elementId`, `attribute`, `fieldId`, `locale`, `keywords`) VALUES ('62', 'field', '32', 'en_us', '');
INSERT INTO `craft_searchindex` (`elementId`, `attribute`, `fieldId`, `locale`, `keywords`) VALUES ('62', 'field', '43', 'en_us', '');
INSERT INTO `craft_searchindex` (`elementId`, `attribute`, `fieldId`, `locale`, `keywords`) VALUES ('62', 'field', '15', 'en_us', '');
INSERT INTO `craft_searchindex` (`elementId`, `attribute`, `fieldId`, `locale`, `keywords`) VALUES ('62', 'field', '7', 'en_us', '');
INSERT INTO `craft_searchindex` (`elementId`, `attribute`, `fieldId`, `locale`, `keywords`) VALUES ('62', 'field', '14', 'en_us', '');
INSERT INTO `craft_searchindex` (`elementId`, `attribute`, `fieldId`, `locale`, `keywords`) VALUES ('62', 'field', '10', 'en_us', '');
INSERT INTO `craft_searchindex` (`elementId`, `attribute`, `fieldId`, `locale`, `keywords`) VALUES ('62', 'field', '13', 'en_us', '');
INSERT INTO `craft_searchindex` (`elementId`, `attribute`, `fieldId`, `locale`, `keywords`) VALUES ('62', 'field', '28', 'en_us', '');
INSERT INTO `craft_searchindex` (`elementId`, `attribute`, `fieldId`, `locale`, `keywords`) VALUES ('62', 'field', '45', 'en_us', '');
INSERT INTO `craft_searchindex` (`elementId`, `attribute`, `fieldId`, `locale`, `keywords`) VALUES ('62', 'field', '4', 'en_us', '');
INSERT INTO `craft_searchindex` (`elementId`, `attribute`, `fieldId`, `locale`, `keywords`) VALUES ('62', 'filename', '0', 'en_us', ' eyeglass png ');
INSERT INTO `craft_searchindex` (`elementId`, `attribute`, `fieldId`, `locale`, `keywords`) VALUES ('62', 'extension', '0', 'en_us', ' png ');
INSERT INTO `craft_searchindex` (`elementId`, `attribute`, `fieldId`, `locale`, `keywords`) VALUES ('62', 'kind', '0', 'en_us', ' image ');
INSERT INTO `craft_searchindex` (`elementId`, `attribute`, `fieldId`, `locale`, `keywords`) VALUES ('62', 'title', '0', 'en_us', ' eyeglass ');
INSERT INTO `craft_searchindex` (`elementId`, `attribute`, `fieldId`, `locale`, `keywords`) VALUES ('63', 'field', '5', 'en_us', '');
INSERT INTO `craft_searchindex` (`elementId`, `attribute`, `fieldId`, `locale`, `keywords`) VALUES ('63', 'field', '6', 'en_us', '');
INSERT INTO `craft_searchindex` (`elementId`, `attribute`, `fieldId`, `locale`, `keywords`) VALUES ('63', 'field', '2', 'en_us', '');
INSERT INTO `craft_searchindex` (`elementId`, `attribute`, `fieldId`, `locale`, `keywords`) VALUES ('63', 'field', '1', 'en_us', '');
INSERT INTO `craft_searchindex` (`elementId`, `attribute`, `fieldId`, `locale`, `keywords`) VALUES ('63', 'field', '36', 'en_us', '');
INSERT INTO `craft_searchindex` (`elementId`, `attribute`, `fieldId`, `locale`, `keywords`) VALUES ('63', 'field', '40', 'en_us', '');
INSERT INTO `craft_searchindex` (`elementId`, `attribute`, `fieldId`, `locale`, `keywords`) VALUES ('63', 'field', '16', 'en_us', '');
INSERT INTO `craft_searchindex` (`elementId`, `attribute`, `fieldId`, `locale`, `keywords`) VALUES ('63', 'field', '19', 'en_us', '');
INSERT INTO `craft_searchindex` (`elementId`, `attribute`, `fieldId`, `locale`, `keywords`) VALUES ('63', 'field', '12', 'en_us', '');
INSERT INTO `craft_searchindex` (`elementId`, `attribute`, `fieldId`, `locale`, `keywords`) VALUES ('63', 'field', '11', 'en_us', '');
INSERT INTO `craft_searchindex` (`elementId`, `attribute`, `fieldId`, `locale`, `keywords`) VALUES ('63', 'field', '8', 'en_us', '');
INSERT INTO `craft_searchindex` (`elementId`, `attribute`, `fieldId`, `locale`, `keywords`) VALUES ('63', 'field', '35', 'en_us', '');
INSERT INTO `craft_searchindex` (`elementId`, `attribute`, `fieldId`, `locale`, `keywords`) VALUES ('63', 'field', '22', 'en_us', '');
INSERT INTO `craft_searchindex` (`elementId`, `attribute`, `fieldId`, `locale`, `keywords`) VALUES ('63', 'field', '29', 'en_us', '');
INSERT INTO `craft_searchindex` (`elementId`, `attribute`, `fieldId`, `locale`, `keywords`) VALUES ('63', 'field', '31', 'en_us', '');
INSERT INTO `craft_searchindex` (`elementId`, `attribute`, `fieldId`, `locale`, `keywords`) VALUES ('63', 'field', '32', 'en_us', '');
INSERT INTO `craft_searchindex` (`elementId`, `attribute`, `fieldId`, `locale`, `keywords`) VALUES ('63', 'field', '43', 'en_us', '');
INSERT INTO `craft_searchindex` (`elementId`, `attribute`, `fieldId`, `locale`, `keywords`) VALUES ('63', 'field', '15', 'en_us', '');
INSERT INTO `craft_searchindex` (`elementId`, `attribute`, `fieldId`, `locale`, `keywords`) VALUES ('63', 'field', '7', 'en_us', '');
INSERT INTO `craft_searchindex` (`elementId`, `attribute`, `fieldId`, `locale`, `keywords`) VALUES ('63', 'field', '14', 'en_us', '');
INSERT INTO `craft_searchindex` (`elementId`, `attribute`, `fieldId`, `locale`, `keywords`) VALUES ('63', 'field', '10', 'en_us', '');
INSERT INTO `craft_searchindex` (`elementId`, `attribute`, `fieldId`, `locale`, `keywords`) VALUES ('63', 'field', '13', 'en_us', '');
INSERT INTO `craft_searchindex` (`elementId`, `attribute`, `fieldId`, `locale`, `keywords`) VALUES ('63', 'field', '28', 'en_us', '');
INSERT INTO `craft_searchindex` (`elementId`, `attribute`, `fieldId`, `locale`, `keywords`) VALUES ('63', 'field', '45', 'en_us', '');
INSERT INTO `craft_searchindex` (`elementId`, `attribute`, `fieldId`, `locale`, `keywords`) VALUES ('63', 'field', '4', 'en_us', '');
INSERT INTO `craft_searchindex` (`elementId`, `attribute`, `fieldId`, `locale`, `keywords`) VALUES ('63', 'filename', '0', 'en_us', ' sunglass png ');
INSERT INTO `craft_searchindex` (`elementId`, `attribute`, `fieldId`, `locale`, `keywords`) VALUES ('63', 'extension', '0', 'en_us', ' png ');
INSERT INTO `craft_searchindex` (`elementId`, `attribute`, `fieldId`, `locale`, `keywords`) VALUES ('63', 'kind', '0', 'en_us', ' image ');
INSERT INTO `craft_searchindex` (`elementId`, `attribute`, `fieldId`, `locale`, `keywords`) VALUES ('63', 'title', '0', 'en_us', ' sunglass ');
INSERT INTO `craft_searchindex` (`elementId`, `attribute`, `fieldId`, `locale`, `keywords`) VALUES ('64', 'field', '5', 'en_us', '');
INSERT INTO `craft_searchindex` (`elementId`, `attribute`, `fieldId`, `locale`, `keywords`) VALUES ('64', 'field', '6', 'en_us', '');
INSERT INTO `craft_searchindex` (`elementId`, `attribute`, `fieldId`, `locale`, `keywords`) VALUES ('64', 'field', '2', 'en_us', '');
INSERT INTO `craft_searchindex` (`elementId`, `attribute`, `fieldId`, `locale`, `keywords`) VALUES ('64', 'field', '1', 'en_us', '');
INSERT INTO `craft_searchindex` (`elementId`, `attribute`, `fieldId`, `locale`, `keywords`) VALUES ('64', 'field', '36', 'en_us', '');
INSERT INTO `craft_searchindex` (`elementId`, `attribute`, `fieldId`, `locale`, `keywords`) VALUES ('64', 'field', '40', 'en_us', '');
INSERT INTO `craft_searchindex` (`elementId`, `attribute`, `fieldId`, `locale`, `keywords`) VALUES ('64', 'field', '16', 'en_us', '');
INSERT INTO `craft_searchindex` (`elementId`, `attribute`, `fieldId`, `locale`, `keywords`) VALUES ('64', 'field', '19', 'en_us', '');
INSERT INTO `craft_searchindex` (`elementId`, `attribute`, `fieldId`, `locale`, `keywords`) VALUES ('64', 'field', '12', 'en_us', '');
INSERT INTO `craft_searchindex` (`elementId`, `attribute`, `fieldId`, `locale`, `keywords`) VALUES ('64', 'field', '11', 'en_us', '');
INSERT INTO `craft_searchindex` (`elementId`, `attribute`, `fieldId`, `locale`, `keywords`) VALUES ('64', 'field', '8', 'en_us', '');
INSERT INTO `craft_searchindex` (`elementId`, `attribute`, `fieldId`, `locale`, `keywords`) VALUES ('64', 'field', '35', 'en_us', '');
INSERT INTO `craft_searchindex` (`elementId`, `attribute`, `fieldId`, `locale`, `keywords`) VALUES ('64', 'field', '22', 'en_us', '');
INSERT INTO `craft_searchindex` (`elementId`, `attribute`, `fieldId`, `locale`, `keywords`) VALUES ('64', 'field', '29', 'en_us', '');
INSERT INTO `craft_searchindex` (`elementId`, `attribute`, `fieldId`, `locale`, `keywords`) VALUES ('64', 'field', '31', 'en_us', '');
INSERT INTO `craft_searchindex` (`elementId`, `attribute`, `fieldId`, `locale`, `keywords`) VALUES ('64', 'field', '32', 'en_us', '');
INSERT INTO `craft_searchindex` (`elementId`, `attribute`, `fieldId`, `locale`, `keywords`) VALUES ('64', 'field', '43', 'en_us', '');
INSERT INTO `craft_searchindex` (`elementId`, `attribute`, `fieldId`, `locale`, `keywords`) VALUES ('64', 'field', '15', 'en_us', '');
INSERT INTO `craft_searchindex` (`elementId`, `attribute`, `fieldId`, `locale`, `keywords`) VALUES ('64', 'field', '7', 'en_us', '');
INSERT INTO `craft_searchindex` (`elementId`, `attribute`, `fieldId`, `locale`, `keywords`) VALUES ('64', 'field', '14', 'en_us', '');
INSERT INTO `craft_searchindex` (`elementId`, `attribute`, `fieldId`, `locale`, `keywords`) VALUES ('64', 'field', '10', 'en_us', '');
INSERT INTO `craft_searchindex` (`elementId`, `attribute`, `fieldId`, `locale`, `keywords`) VALUES ('64', 'field', '13', 'en_us', '');
INSERT INTO `craft_searchindex` (`elementId`, `attribute`, `fieldId`, `locale`, `keywords`) VALUES ('64', 'field', '28', 'en_us', '');
INSERT INTO `craft_searchindex` (`elementId`, `attribute`, `fieldId`, `locale`, `keywords`) VALUES ('64', 'field', '45', 'en_us', '');
INSERT INTO `craft_searchindex` (`elementId`, `attribute`, `fieldId`, `locale`, `keywords`) VALUES ('64', 'field', '4', 'en_us', '');
INSERT INTO `craft_searchindex` (`elementId`, `attribute`, `fieldId`, `locale`, `keywords`) VALUES ('64', 'filename', '0', 'en_us', ' eyeglass_1 png ');
INSERT INTO `craft_searchindex` (`elementId`, `attribute`, `fieldId`, `locale`, `keywords`) VALUES ('64', 'extension', '0', 'en_us', ' png ');
INSERT INTO `craft_searchindex` (`elementId`, `attribute`, `fieldId`, `locale`, `keywords`) VALUES ('64', 'kind', '0', 'en_us', ' image ');
INSERT INTO `craft_searchindex` (`elementId`, `attribute`, `fieldId`, `locale`, `keywords`) VALUES ('64', 'title', '0', 'en_us', ' eyeglass 1 ');
INSERT INTO `craft_searchindex` (`elementId`, `attribute`, `fieldId`, `locale`, `keywords`) VALUES ('65', 'field', '49', 'en_us', ' 5 ');
INSERT INTO `craft_searchindex` (`elementId`, `attribute`, `fieldId`, `locale`, `keywords`) VALUES ('65', 'field', '47', 'en_us', ' monday ');
INSERT INTO `craft_searchindex` (`elementId`, `attribute`, `fieldId`, `locale`, `keywords`) VALUES ('65', 'field', '48', 'en_us', ' 10 ');
INSERT INTO `craft_searchindex` (`elementId`, `attribute`, `fieldId`, `locale`, `keywords`) VALUES ('66', 'field', '49', 'en_us', ' 5 ');
INSERT INTO `craft_searchindex` (`elementId`, `attribute`, `fieldId`, `locale`, `keywords`) VALUES ('66', 'field', '47', 'en_us', ' tuesday ');
INSERT INTO `craft_searchindex` (`elementId`, `attribute`, `fieldId`, `locale`, `keywords`) VALUES ('66', 'field', '48', 'en_us', ' 10 ');
INSERT INTO `craft_searchindex` (`elementId`, `attribute`, `fieldId`, `locale`, `keywords`) VALUES ('67', 'field', '49', 'en_us', ' 5 ');
INSERT INTO `craft_searchindex` (`elementId`, `attribute`, `fieldId`, `locale`, `keywords`) VALUES ('67', 'field', '47', 'en_us', ' wednesd ');
INSERT INTO `craft_searchindex` (`elementId`, `attribute`, `fieldId`, `locale`, `keywords`) VALUES ('67', 'field', '48', 'en_us', ' 10 ');
INSERT INTO `craft_searchindex` (`elementId`, `attribute`, `fieldId`, `locale`, `keywords`) VALUES ('68', 'field', '49', 'en_us', ' 5 ');
INSERT INTO `craft_searchindex` (`elementId`, `attribute`, `fieldId`, `locale`, `keywords`) VALUES ('68', 'field', '47', 'en_us', ' thursday ');
INSERT INTO `craft_searchindex` (`elementId`, `attribute`, `fieldId`, `locale`, `keywords`) VALUES ('68', 'field', '48', 'en_us', ' 10 ');
INSERT INTO `craft_searchindex` (`elementId`, `attribute`, `fieldId`, `locale`, `keywords`) VALUES ('69', 'field', '49', 'en_us', ' 5 ');
INSERT INTO `craft_searchindex` (`elementId`, `attribute`, `fieldId`, `locale`, `keywords`) VALUES ('69', 'field', '47', 'en_us', ' friday ');
INSERT INTO `craft_searchindex` (`elementId`, `attribute`, `fieldId`, `locale`, `keywords`) VALUES ('69', 'field', '48', 'en_us', ' 10 ');
INSERT INTO `craft_searchindex` (`elementId`, `attribute`, `fieldId`, `locale`, `keywords`) VALUES ('70', 'field', '49', 'en_us', ' 2 ');
INSERT INTO `craft_searchindex` (`elementId`, `attribute`, `fieldId`, `locale`, `keywords`) VALUES ('70', 'field', '47', 'en_us', ' saturday ');
INSERT INTO `craft_searchindex` (`elementId`, `attribute`, `fieldId`, `locale`, `keywords`) VALUES ('70', 'field', '48', 'en_us', ' 10 ');
INSERT INTO `craft_searchindex` (`elementId`, `attribute`, `fieldId`, `locale`, `keywords`) VALUES ('71', 'field', '50', 'en_us', ' sunday ');
INSERT INTO `craft_searchindex` (`elementId`, `attribute`, `fieldId`, `locale`, `keywords`) VALUES ('71', 'field', '51', 'en_us', ' closed ');
INSERT INTO `craft_searchindex` (`elementId`, `attribute`, `fieldId`, `locale`, `keywords`) VALUES ('9', 'field', '36', 'en_us', '');
INSERT INTO `craft_searchindex` (`elementId`, `attribute`, `fieldId`, `locale`, `keywords`) VALUES ('9', 'field', '40', 'en_us', '');
INSERT INTO `craft_searchindex` (`elementId`, `attribute`, `fieldId`, `locale`, `keywords`) VALUES ('9', 'field', '16', 'en_us', '');
INSERT INTO `craft_searchindex` (`elementId`, `attribute`, `fieldId`, `locale`, `keywords`) VALUES ('9', 'field', '19', 'en_us', '');
INSERT INTO `craft_searchindex` (`elementId`, `attribute`, `fieldId`, `locale`, `keywords`) VALUES ('9', 'field', '12', 'en_us', '');
INSERT INTO `craft_searchindex` (`elementId`, `attribute`, `fieldId`, `locale`, `keywords`) VALUES ('9', 'field', '11', 'en_us', '');
INSERT INTO `craft_searchindex` (`elementId`, `attribute`, `fieldId`, `locale`, `keywords`) VALUES ('9', 'field', '35', 'en_us', '');
INSERT INTO `craft_searchindex` (`elementId`, `attribute`, `fieldId`, `locale`, `keywords`) VALUES ('9', 'field', '22', 'en_us', '');
INSERT INTO `craft_searchindex` (`elementId`, `attribute`, `fieldId`, `locale`, `keywords`) VALUES ('9', 'field', '46', 'en_us', ' 5 monday 10 5 tuesday 10 5 wednesd 10 5 thursday 10 5 friday 10 2 saturday 10 sunday closed ');
INSERT INTO `craft_searchindex` (`elementId`, `attribute`, `fieldId`, `locale`, `keywords`) VALUES ('9', 'field', '29', 'en_us', '');
INSERT INTO `craft_searchindex` (`elementId`, `attribute`, `fieldId`, `locale`, `keywords`) VALUES ('9', 'field', '31', 'en_us', '');
INSERT INTO `craft_searchindex` (`elementId`, `attribute`, `fieldId`, `locale`, `keywords`) VALUES ('9', 'field', '32', 'en_us', '');
INSERT INTO `craft_searchindex` (`elementId`, `attribute`, `fieldId`, `locale`, `keywords`) VALUES ('9', 'field', '43', 'en_us', '');
INSERT INTO `craft_searchindex` (`elementId`, `attribute`, `fieldId`, `locale`, `keywords`) VALUES ('9', 'field', '15', 'en_us', '');
INSERT INTO `craft_searchindex` (`elementId`, `attribute`, `fieldId`, `locale`, `keywords`) VALUES ('9', 'field', '14', 'en_us', '');
INSERT INTO `craft_searchindex` (`elementId`, `attribute`, `fieldId`, `locale`, `keywords`) VALUES ('9', 'field', '10', 'en_us', '');
INSERT INTO `craft_searchindex` (`elementId`, `attribute`, `fieldId`, `locale`, `keywords`) VALUES ('9', 'field', '13', 'en_us', '');
INSERT INTO `craft_searchindex` (`elementId`, `attribute`, `fieldId`, `locale`, `keywords`) VALUES ('9', 'field', '28', 'en_us', '');
INSERT INTO `craft_searchindex` (`elementId`, `attribute`, `fieldId`, `locale`, `keywords`) VALUES ('9', 'field', '45', 'en_us', '');



--
-- Schema for table `craft_sections`
--

DROP TABLE IF EXISTS `craft_sections`;

CREATE TABLE `craft_sections` (
  `id` int(11) NOT NULL AUTO_INCREMENT,
  `name` varchar(255) COLLATE utf8_unicode_ci NOT NULL,
  `handle` varchar(255) COLLATE utf8_unicode_ci NOT NULL,
  `type` enum('single','channel','structure') COLLATE utf8_unicode_ci NOT NULL DEFAULT 'channel',
  `hasUrls` tinyint(1) unsigned NOT NULL DEFAULT '1',
  `template` varchar(500) COLLATE utf8_unicode_ci DEFAULT NULL,
  `maxDepth` int(10) unsigned DEFAULT NULL,
  `dateCreated` datetime NOT NULL,
  `dateUpdated` datetime NOT NULL,
  `uid` char(36) COLLATE utf8_unicode_ci NOT NULL DEFAULT '0',
  PRIMARY KEY (`id`),
  UNIQUE KEY `craft_sections_name_unq_idx` (`name`),
  UNIQUE KEY `craft_sections_handle_unq_idx` (`handle`)
) ENGINE=InnoDB AUTO_INCREMENT=8 DEFAULT CHARSET=utf8 COLLATE=utf8_unicode_ci;

--
-- Data for table `craft_sections`
--

INSERT INTO `craft_sections` (`id`, `name`, `handle`, `type`, `hasUrls`, `template`, `maxDepth`, `dateCreated`, `dateUpdated`, `uid`) VALUES ('1', 'Homepage', 'homepage', 'single', '1', 'index', NULL, '2014-03-15 17:07:16', '2014-03-19 18:35:59', '745d044b-11dc-49ba-ab8c-121eacd3b2de');
INSERT INTO `craft_sections` (`id`, `name`, `handle`, `type`, `hasUrls`, `template`, `maxDepth`, `dateCreated`, `dateUpdated`, `uid`) VALUES ('3', 'About', 'about', 'single', '1', 'about', NULL, '2014-03-16 17:49:10', '2014-03-19 18:38:20', '66db0149-de7c-48aa-8476-9ad0cbb02281');
INSERT INTO `craft_sections` (`id`, `name`, `handle`, `type`, `hasUrls`, `template`, `maxDepth`, `dateCreated`, `dateUpdated`, `uid`) VALUES ('4', 'Lenses', 'lenses', 'single', '1', 'index.html', NULL, '2014-03-16 17:49:28', '2014-03-20 17:24:00', '7d357e00-be6b-4cd9-9341-7feb39a6ae7f');
INSERT INTO `craft_sections` (`id`, `name`, `handle`, `type`, `hasUrls`, `template`, `maxDepth`, `dateCreated`, `dateUpdated`, `uid`) VALUES ('5', 'Contact', 'contact', 'single', '1', 'contact', NULL, '2014-03-16 17:49:38', '2014-03-16 17:49:38', '9b50ae50-7009-4c32-99c1-3f41a57f3f9e');
INSERT INTO `craft_sections` (`id`, `name`, `handle`, `type`, `hasUrls`, `template`, `maxDepth`, `dateCreated`, `dateUpdated`, `uid`) VALUES ('6', 'Merch', 'merch', 'structure', '1', 'merch/_entry', NULL, '2014-03-16 21:56:16', '2014-03-20 08:58:56', 'f4281cc0-8014-4c71-892a-be8a159dedc7');
INSERT INTO `craft_sections` (`id`, `name`, `handle`, `type`, `hasUrls`, `template`, `maxDepth`, `dateCreated`, `dateUpdated`, `uid`) VALUES ('7', 'Brands', 'brands', 'structure', '1', 'brands/_entry', NULL, '2014-03-20 14:50:24', '2014-03-20 14:50:24', 'f00ac587-4124-44bd-8d20-e5d57063d3df');



--
-- Schema for table `craft_sections_i18n`
--

DROP TABLE IF EXISTS `craft_sections_i18n`;

CREATE TABLE `craft_sections_i18n` (
  `id` int(11) NOT NULL AUTO_INCREMENT,
  `sectionId` int(11) NOT NULL,
  `locale` char(12) COLLATE utf8_unicode_ci NOT NULL,
  `urlFormat` varchar(255) COLLATE utf8_unicode_ci DEFAULT NULL,
  `nestedUrlFormat` varchar(255) COLLATE utf8_unicode_ci DEFAULT NULL,
  `dateCreated` datetime NOT NULL,
  `dateUpdated` datetime NOT NULL,
  `uid` char(36) COLLATE utf8_unicode_ci NOT NULL DEFAULT '0',
  PRIMARY KEY (`id`),
  UNIQUE KEY `craft_sections_i18n_sectionId_locale_unq_idx` (`sectionId`,`locale`),
  KEY `craft_sections_i18n_locale_fk` (`locale`)
) ENGINE=InnoDB AUTO_INCREMENT=8 DEFAULT CHARSET=utf8 COLLATE=utf8_unicode_ci;

--
-- Data for table `craft_sections_i18n`
--

INSERT INTO `craft_sections_i18n` (`id`, `sectionId`, `locale`, `urlFormat`, `nestedUrlFormat`, `dateCreated`, `dateUpdated`, `uid`) VALUES ('1', '1', 'en_us', '__home__', NULL, '2014-03-15 17:07:16', '2014-03-15 17:07:16', '6806350b-e597-4362-8878-e089cc2506ff');
INSERT INTO `craft_sections_i18n` (`id`, `sectionId`, `locale`, `urlFormat`, `nestedUrlFormat`, `dateCreated`, `dateUpdated`, `uid`) VALUES ('3', '3', 'en_us', 'about', NULL, '2014-03-16 17:49:10', '2014-03-16 17:49:10', '93815fac-888e-41c4-8b7c-d35e996cc05a');
INSERT INTO `craft_sections_i18n` (`id`, `sectionId`, `locale`, `urlFormat`, `nestedUrlFormat`, `dateCreated`, `dateUpdated`, `uid`) VALUES ('4', '4', 'en_us', 'lenses', NULL, '2014-03-16 17:49:28', '2014-03-16 17:49:28', '47ef010b-4c7c-4d2d-a9fd-d5b61d81329f');
INSERT INTO `craft_sections_i18n` (`id`, `sectionId`, `locale`, `urlFormat`, `nestedUrlFormat`, `dateCreated`, `dateUpdated`, `uid`) VALUES ('5', '5', 'en_us', 'contact', NULL, '2014-03-16 17:49:38', '2014-03-16 17:49:38', 'b38f2824-3117-41c6-9160-062db5083a1f');
INSERT INTO `craft_sections_i18n` (`id`, `sectionId`, `locale`, `urlFormat`, `nestedUrlFormat`, `dateCreated`, `dateUpdated`, `uid`) VALUES ('6', '6', 'en_us', '{slug}', '{parent.uri}/{slug}', '2014-03-16 21:56:16', '2014-03-20 00:04:17', 'fe98d389-04d1-4adf-971d-09ef743c1811');
INSERT INTO `craft_sections_i18n` (`id`, `sectionId`, `locale`, `urlFormat`, `nestedUrlFormat`, `dateCreated`, `dateUpdated`, `uid`) VALUES ('7', '7', 'en_us', 'brands/{slug}', '{parent.uri}/{slug}', '2014-03-20 14:50:24', '2014-03-20 14:50:24', '4e64e95a-fca1-4b9c-9425-1c554eb4e296');



--
-- Schema for table `craft_sessions`
--

DROP TABLE IF EXISTS `craft_sessions`;

CREATE TABLE `craft_sessions` (
  `id` int(11) NOT NULL AUTO_INCREMENT,
  `userId` int(11) NOT NULL,
  `token` char(100) COLLATE utf8_unicode_ci NOT NULL,
  `dateCreated` datetime NOT NULL,
  `dateUpdated` datetime NOT NULL,
  `uid` char(36) COLLATE utf8_unicode_ci NOT NULL DEFAULT '0',
  PRIMARY KEY (`id`),
  KEY `craft_sessions_uid_idx` (`uid`),
  KEY `craft_sessions_token_idx` (`token`),
  KEY `craft_sessions_dateUpdated_idx` (`dateUpdated`),
  KEY `craft_sessions_userId_fk` (`userId`)
) ENGINE=InnoDB AUTO_INCREMENT=11 DEFAULT CHARSET=utf8 COLLATE=utf8_unicode_ci;

--
-- Data for table `craft_sessions`
--

INSERT INTO `craft_sessions` (`id`, `userId`, `token`, `dateCreated`, `dateUpdated`, `uid`) VALUES ('1', '1', '7d4f32fca394ecf611ad7811b0bdb9d969011e96czozNjoiYWM3ZDZhM2UtYTk0Yi00YmYzLWEzZmItN2M1MmQ3YjI5YTI1Ijs=', '2014-03-15 17:07:16', '2014-03-15 17:07:16', '4bf3e20b-76ed-4760-a78f-5dace9a704ea');
INSERT INTO `craft_sessions` (`id`, `userId`, `token`, `dateCreated`, `dateUpdated`, `uid`) VALUES ('2', '1', 'b0c976cff14e02e9249e63d075678064a67ad721czozNjoiODU1YjZkMzgtZmI2MC00OTE2LWE2ZmYtNDdhYWZmZjFjNzFkIjs=', '2014-03-15 20:25:02', '2014-03-15 20:25:02', 'f3d0a3be-79f3-43be-a73d-3a6078979b01');
INSERT INTO `craft_sessions` (`id`, `userId`, `token`, `dateCreated`, `dateUpdated`, `uid`) VALUES ('3', '1', '757c2e78f5812337b77c136596956373059d03c4czozNjoiY2JhYmUzNDgtNmI0Ny00MzY2LTlmNTMtNWYxNTgzMjcwOGFiIjs=', '2014-03-16 14:17:09', '2014-03-16 14:17:09', '24e91b24-481a-4d88-8c70-fcb76dd65c49');
INSERT INTO `craft_sessions` (`id`, `userId`, `token`, `dateCreated`, `dateUpdated`, `uid`) VALUES ('5', '1', '699f316c8da90e0c9d630d33bd62a08afe1023a0czozNjoiNTdiYWY5ZTgtNjA2OC00MTU1LTg5Y2ItOGM5Y2VlYmRiN2JjIjs=', '2014-03-18 12:21:18', '2014-03-18 12:21:18', '37d1e45a-d686-418e-a463-ba53af9cb1cc');
INSERT INTO `craft_sessions` (`id`, `userId`, `token`, `dateCreated`, `dateUpdated`, `uid`) VALUES ('6', '1', 'c97fb6f2c450d4e7b01399f9ac2e1bde87c9e3f7czozNjoiNmU3MmU3ZTAtY2JhOS00NDhhLTkyMTItYjRjZjJiMzczZDU3Ijs=', '2014-03-18 23:52:27', '2014-03-18 23:52:27', 'ada94b6c-4e9f-4f80-b667-02c1418ca5c0');
INSERT INTO `craft_sessions` (`id`, `userId`, `token`, `dateCreated`, `dateUpdated`, `uid`) VALUES ('7', '1', '810ca997762524b79c71c5c0bb7855f6694a4566czozNjoiNTRlNGNhMmItM2VhMi00YTJjLTk1YWYtZDBkMzlkZTY3NzVhIjs=', '2014-03-18 23:55:37', '2014-03-18 23:55:37', '78f1d70f-0633-44fe-ad41-d89c9bdf6159');
INSERT INTO `craft_sessions` (`id`, `userId`, `token`, `dateCreated`, `dateUpdated`, `uid`) VALUES ('8', '1', '4fbe192b84a73787fe267613dcc542dc6d47e9fdczozNjoiOGY0ZjRkOTktMzA4NS00OWNlLThmNDAtYzdiMjczYmJjZTJiIjs=', '2014-03-19 15:00:35', '2014-03-19 15:00:35', 'a74eef8c-bec5-4b15-946d-d1ac18c6c8d7');
INSERT INTO `craft_sessions` (`id`, `userId`, `token`, `dateCreated`, `dateUpdated`, `uid`) VALUES ('9', '1', 'c8ea2a41fbb9599d6cc99b4bc02ed8bf60c10abeczozNjoiZTk1MDg0MGMtNWJkNC00Mzg2LWIxMWYtZGE5Y2E2OTNhY2VmIjs=', '2014-03-19 22:00:56', '2014-03-19 22:00:56', '1b6d395e-d900-44ad-ae9a-1487d907b401');
INSERT INTO `craft_sessions` (`id`, `userId`, `token`, `dateCreated`, `dateUpdated`, `uid`) VALUES ('10', '1', '4499ff9c867d7044ac9ca1d8a8a2beda50a7cfa8czozNjoiYmI2NjU1NTQtYzBhOS00ZWJkLWIwNTQtOGU0MTRhMzEzZGI4Ijs=', '2014-03-19 23:52:01', '2014-03-19 23:52:01', 'b9b2299a-9bdd-4e70-8c6c-5b60f85e4b10');



--
-- Schema for table `craft_shunnedmessages`
--

DROP TABLE IF EXISTS `craft_shunnedmessages`;

CREATE TABLE `craft_shunnedmessages` (
  `id` int(11) NOT NULL AUTO_INCREMENT,
  `userId` int(11) NOT NULL,
  `message` varchar(255) COLLATE utf8_unicode_ci NOT NULL,
  `expiryDate` datetime DEFAULT NULL,
  `dateCreated` datetime NOT NULL,
  `dateUpdated` datetime NOT NULL,
  `uid` char(36) COLLATE utf8_unicode_ci NOT NULL DEFAULT '0',
  PRIMARY KEY (`id`),
  UNIQUE KEY `craft_shunnedmessages_userId_message_unq_idx` (`userId`,`message`)
) ENGINE=InnoDB DEFAULT CHARSET=utf8 COLLATE=utf8_unicode_ci;

--
-- Schema for table `craft_systemsettings`
--

DROP TABLE IF EXISTS `craft_systemsettings`;

CREATE TABLE `craft_systemsettings` (
  `id` int(11) NOT NULL AUTO_INCREMENT,
  `category` varchar(15) COLLATE utf8_unicode_ci NOT NULL,
  `settings` text COLLATE utf8_unicode_ci,
  `dateCreated` datetime NOT NULL,
  `dateUpdated` datetime NOT NULL,
  `uid` char(36) COLLATE utf8_unicode_ci NOT NULL DEFAULT '0',
  PRIMARY KEY (`id`),
  UNIQUE KEY `craft_systemsettings_category_unq_idx` (`category`)
) ENGINE=InnoDB AUTO_INCREMENT=2 DEFAULT CHARSET=utf8 COLLATE=utf8_unicode_ci;

--
-- Data for table `craft_systemsettings`
--

INSERT INTO `craft_systemsettings` (`id`, `category`, `settings`, `dateCreated`, `dateUpdated`, `uid`) VALUES ('1', 'email', '{\"protocol\":\"php\",\"emailAddress\":\"sethjgore@gmail.com\",\"senderName\":\"Optical Shoppe\"}', '2014-03-15 17:07:16', '2014-03-15 17:07:16', '2e7820e0-4bdf-4e12-b1f8-fd03a42cd592');



--
-- Schema for table `craft_tags`
--

DROP TABLE IF EXISTS `craft_tags`;

CREATE TABLE `craft_tags` (
  `id` int(11) NOT NULL,
  `setId` int(11) NOT NULL,
  `name` varchar(255) COLLATE utf8_unicode_ci NOT NULL,
  `dateCreated` datetime NOT NULL,
  `dateUpdated` datetime NOT NULL,
  `uid` char(36) COLLATE utf8_unicode_ci NOT NULL DEFAULT '0',
  PRIMARY KEY (`id`),
  UNIQUE KEY `craft_tags_setId_name_unq_idx` (`setId`,`name`)
) ENGINE=InnoDB DEFAULT CHARSET=utf8 COLLATE=utf8_unicode_ci;

--
-- Data for table `craft_tags`
--

INSERT INTO `craft_tags` (`id`, `setId`, `name`, `dateCreated`, `dateUpdated`, `uid`) VALUES ('53', '2', 'Calvin Klein', '2014-03-20 14:36:00', '2014-03-20 14:36:00', 'b877e5ac-f8f6-4819-ac8b-08885ec40028');
INSERT INTO `craft_tags` (`id`, `setId`, `name`, `dateCreated`, `dateUpdated`, `uid`) VALUES ('57', '2', 'RayBan', '2014-03-20 16:02:48', '2014-03-20 16:02:48', '31b6f52c-8905-49f0-a7fe-7a695674a07f');
INSERT INTO `craft_tags` (`id`, `setId`, `name`, `dateCreated`, `dateUpdated`, `uid`) VALUES ('59', '2', 'Aviator', '2014-03-20 16:03:16', '2014-03-20 16:03:16', 'a75d981a-0cf6-4e0b-8c8a-1688a3ac60fb');



--
-- Schema for table `craft_tagsets`
--

DROP TABLE IF EXISTS `craft_tagsets`;

CREATE TABLE `craft_tagsets` (
  `id` int(11) NOT NULL AUTO_INCREMENT,
  `name` varchar(255) COLLATE utf8_unicode_ci NOT NULL,
  `handle` varchar(255) COLLATE utf8_unicode_ci NOT NULL,
  `fieldLayoutId` int(10) DEFAULT NULL,
  `dateCreated` datetime NOT NULL,
  `dateUpdated` datetime NOT NULL,
  `uid` char(36) COLLATE utf8_unicode_ci NOT NULL DEFAULT '0',
  PRIMARY KEY (`id`),
  UNIQUE KEY `craft_tagsets_name_unq_idx` (`name`),
  UNIQUE KEY `craft_tagsets_handle_unq_idx` (`handle`),
  KEY `craft_tagsets_fieldLayoutId_fk` (`fieldLayoutId`)
) ENGINE=InnoDB AUTO_INCREMENT=3 DEFAULT CHARSET=utf8 COLLATE=utf8_unicode_ci;

--
-- Data for table `craft_tagsets`
--

INSERT INTO `craft_tagsets` (`id`, `name`, `handle`, `fieldLayoutId`, `dateCreated`, `dateUpdated`, `uid`) VALUES ('1', 'Default', 'default', '1', '2014-03-15 17:07:16', '2014-03-15 17:07:16', 'dab9734b-f398-4eb9-82b4-a97c4d49df71');
INSERT INTO `craft_tagsets` (`id`, `name`, `handle`, `fieldLayoutId`, `dateCreated`, `dateUpdated`, `uid`) VALUES ('2', 'Brands', 'brandTags', '60', '2014-03-20 14:33:57', '2014-03-20 14:34:14', '0b7abd11-f956-43ac-99ca-5a664ebd97ca');



--
-- Schema for table `craft_usergroups`
--

DROP TABLE IF EXISTS `craft_usergroups`;

CREATE TABLE `craft_usergroups` (
  `id` int(11) NOT NULL AUTO_INCREMENT,
  `name` varchar(255) COLLATE utf8_unicode_ci NOT NULL,
  `handle` varchar(255) COLLATE utf8_unicode_ci NOT NULL,
  `dateCreated` datetime NOT NULL,
  `dateUpdated` datetime NOT NULL,
  `uid` char(36) COLLATE utf8_unicode_ci NOT NULL DEFAULT '0',
  PRIMARY KEY (`id`)
) ENGINE=InnoDB DEFAULT CHARSET=utf8 COLLATE=utf8_unicode_ci;

--
-- Schema for table `craft_usergroups_users`
--

DROP TABLE IF EXISTS `craft_usergroups_users`;

CREATE TABLE `craft_usergroups_users` (
  `id` int(11) NOT NULL AUTO_INCREMENT,
  `groupId` int(11) NOT NULL,
  `userId` int(11) NOT NULL,
  `dateCreated` datetime NOT NULL,
  `dateUpdated` datetime NOT NULL,
  `uid` char(36) COLLATE utf8_unicode_ci NOT NULL DEFAULT '0',
  PRIMARY KEY (`id`),
  UNIQUE KEY `craft_usergroups_users_groupId_userId_unq_idx` (`groupId`,`userId`),
  KEY `craft_usergroups_users_userId_fk` (`userId`)
) ENGINE=InnoDB DEFAULT CHARSET=utf8 COLLATE=utf8_unicode_ci;

--
-- Schema for table `craft_userpermissions`
--

DROP TABLE IF EXISTS `craft_userpermissions`;

CREATE TABLE `craft_userpermissions` (
  `id` int(11) NOT NULL AUTO_INCREMENT,
  `name` varchar(255) COLLATE utf8_unicode_ci NOT NULL,
  `dateCreated` datetime NOT NULL,
  `dateUpdated` datetime NOT NULL,
  `uid` char(36) COLLATE utf8_unicode_ci NOT NULL DEFAULT '0',
  PRIMARY KEY (`id`),
  UNIQUE KEY `craft_userpermissions_name_unq_idx` (`name`)
) ENGINE=InnoDB DEFAULT CHARSET=utf8 COLLATE=utf8_unicode_ci;

--
-- Schema for table `craft_userpermissions_usergroups`
--

DROP TABLE IF EXISTS `craft_userpermissions_usergroups`;

CREATE TABLE `craft_userpermissions_usergroups` (
  `id` int(11) NOT NULL AUTO_INCREMENT,
  `permissionId` int(11) NOT NULL,
  `groupId` int(11) NOT NULL,
  `dateCreated` datetime NOT NULL,
  `dateUpdated` datetime NOT NULL,
  `uid` char(36) COLLATE utf8_unicode_ci NOT NULL DEFAULT '0',
  PRIMARY KEY (`id`),
  UNIQUE KEY `craft_userpermissions_usergroups_permissionId_groupId_unq_idx` (`permissionId`,`groupId`),
  KEY `craft_userpermissions_usergroups_groupId_fk` (`groupId`)
) ENGINE=InnoDB DEFAULT CHARSET=utf8 COLLATE=utf8_unicode_ci;

--
-- Schema for table `craft_userpermissions_users`
--

DROP TABLE IF EXISTS `craft_userpermissions_users`;

CREATE TABLE `craft_userpermissions_users` (
  `id` int(11) NOT NULL AUTO_INCREMENT,
  `permissionId` int(11) NOT NULL,
  `userId` int(11) NOT NULL,
  `dateCreated` datetime NOT NULL,
  `dateUpdated` datetime NOT NULL,
  `uid` char(36) COLLATE utf8_unicode_ci NOT NULL DEFAULT '0',
  PRIMARY KEY (`id`),
  UNIQUE KEY `craft_userpermissions_users_permissionId_userId_unq_idx` (`permissionId`,`userId`),
  KEY `craft_userpermissions_users_userId_fk` (`userId`)
) ENGINE=InnoDB DEFAULT CHARSET=utf8 COLLATE=utf8_unicode_ci;

--
-- Schema for table `craft_users`
--

DROP TABLE IF EXISTS `craft_users`;

CREATE TABLE `craft_users` (
  `id` int(11) NOT NULL,
  `username` varchar(100) COLLATE utf8_unicode_ci NOT NULL,
  `photo` varchar(50) COLLATE utf8_unicode_ci DEFAULT NULL,
  `firstName` varchar(100) COLLATE utf8_unicode_ci DEFAULT NULL,
  `lastName` varchar(100) COLLATE utf8_unicode_ci DEFAULT NULL,
  `email` varchar(255) COLLATE utf8_unicode_ci NOT NULL,
  `password` char(255) COLLATE utf8_unicode_ci DEFAULT NULL,
  `preferredLocale` char(12) COLLATE utf8_unicode_ci DEFAULT NULL,
  `admin` tinyint(1) unsigned NOT NULL DEFAULT '0',
  `status` enum('locked','suspended','pending','active','archived') COLLATE utf8_unicode_ci DEFAULT 'pending',
  `lastLoginDate` datetime DEFAULT NULL,
  `lastLoginAttemptIPAddress` varchar(45) COLLATE utf8_unicode_ci DEFAULT NULL,
  `invalidLoginWindowStart` datetime DEFAULT NULL,
  `invalidLoginCount` tinyint(4) unsigned DEFAULT NULL,
  `lastInvalidLoginDate` datetime DEFAULT NULL,
  `lockoutDate` datetime DEFAULT NULL,
  `verificationCode` char(100) COLLATE utf8_unicode_ci DEFAULT NULL,
  `verificationCodeIssuedDate` datetime DEFAULT NULL,
  `passwordResetRequired` tinyint(1) unsigned NOT NULL DEFAULT '0',
  `lastPasswordChangeDate` datetime DEFAULT NULL,
  `dateCreated` datetime NOT NULL,
  `dateUpdated` datetime NOT NULL,
  `uid` char(36) COLLATE utf8_unicode_ci NOT NULL DEFAULT '0',
  PRIMARY KEY (`id`),
  UNIQUE KEY `craft_users_username_unq_idx` (`username`),
  UNIQUE KEY `craft_users_email_unq_idx` (`email`),
  KEY `craft_users_verificationCode_idx` (`verificationCode`),
  KEY `craft_users_uid_idx` (`uid`),
  KEY `craft_users_preferredLocale_fk` (`preferredLocale`)
) ENGINE=InnoDB DEFAULT CHARSET=utf8 COLLATE=utf8_unicode_ci;

--
-- Data for table `craft_users`
--

INSERT INTO `craft_users` (`id`, `username`, `photo`, `firstName`, `lastName`, `email`, `password`, `preferredLocale`, `admin`, `status`, `lastLoginDate`, `lastLoginAttemptIPAddress`, `invalidLoginWindowStart`, `invalidLoginCount`, `lastInvalidLoginDate`, `lockoutDate`, `verificationCode`, `verificationCodeIssuedDate`, `passwordResetRequired`, `lastPasswordChangeDate`, `dateCreated`, `dateUpdated`, `uid`) VALUES ('1', 'admin', NULL, NULL, NULL, 'sethjgore@gmail.com', '$2a$13$alq8zwjB7BWe6tuTsFEPf.k2Sy0kq.3uYwAbKq1.meqncPrfLyNUm', NULL, '1', 'active', '2014-03-19 23:52:01', '::1', NULL, NULL, '2014-03-15 20:24:40', NULL, NULL, NULL, '0', '2014-03-15 17:07:12', '2014-03-15 17:07:12', '2014-03-19 23:52:01', '21d5e756-5f2e-48a3-8238-e0b4f81e19a7');



--
-- Schema for table `craft_widgets`
--

DROP TABLE IF EXISTS `craft_widgets`;

CREATE TABLE `craft_widgets` (
  `id` int(11) NOT NULL AUTO_INCREMENT,
  `userId` int(11) NOT NULL,
  `type` char(150) COLLATE utf8_unicode_ci NOT NULL,
  `sortOrder` tinyint(4) DEFAULT NULL,
  `settings` text COLLATE utf8_unicode_ci,
  `enabled` tinyint(1) unsigned NOT NULL DEFAULT '1',
  `dateCreated` datetime NOT NULL,
  `dateUpdated` datetime NOT NULL,
  `uid` char(36) COLLATE utf8_unicode_ci NOT NULL DEFAULT '0',
  PRIMARY KEY (`id`),
  KEY `craft_widgets_userId_fk` (`userId`)
) ENGINE=InnoDB AUTO_INCREMENT=6 DEFAULT CHARSET=utf8 COLLATE=utf8_unicode_ci;

--
-- Data for table `craft_widgets`
--

INSERT INTO `craft_widgets` (`id`, `userId`, `type`, `sortOrder`, `settings`, `enabled`, `dateCreated`, `dateUpdated`, `uid`) VALUES ('1', '1', 'QuickPost', '1', '{\"section\":\"2\"}', '1', '2014-03-15 17:07:20', '2014-03-15 17:07:20', '30291356-5e42-46f6-9f41-22b486afed6b');
INSERT INTO `craft_widgets` (`id`, `userId`, `type`, `sortOrder`, `settings`, `enabled`, `dateCreated`, `dateUpdated`, `uid`) VALUES ('2', '1', 'RecentEntries', '2', NULL, '1', '2014-03-15 17:07:20', '2014-03-15 17:07:20', '379d4867-c7a0-401c-86a3-237d018e6a24');
INSERT INTO `craft_widgets` (`id`, `userId`, `type`, `sortOrder`, `settings`, `enabled`, `dateCreated`, `dateUpdated`, `uid`) VALUES ('3', '1', 'GetHelp', '3', '[]', '0', '2014-03-15 17:07:20', '2014-03-16 21:51:13', 'b3b29e7b-1fda-4a75-a275-809c31f9a524');
INSERT INTO `craft_widgets` (`id`, `userId`, `type`, `sortOrder`, `settings`, `enabled`, `dateCreated`, `dateUpdated`, `uid`) VALUES ('4', '1', 'Updates', '4', '[]', '0', '2014-03-15 17:07:20', '2014-03-16 21:51:19', '9c240dee-6d10-4b91-99d7-544139fa8ddd');
INSERT INTO `craft_widgets` (`id`, `userId`, `type`, `sortOrder`, `settings`, `enabled`, `dateCreated`, `dateUpdated`, `uid`) VALUES ('5', '1', 'Feed', '5', '{\"url\":\"http:\\/\\/feeds.feedburner.com\\/blogandtonic\",\"title\":\"Blog & Tonic\"}', '0', '2014-03-15 17:07:20', '2014-03-16 21:51:16', '853c0acc-3461-4116-ad7e-c67e18a9407b');


--
-- Constraints for tables
--


--
-- Constraints for table `craft_assetfiles`
--
ALTER TABLE `craft_assetfiles`
	ADD CONSTRAINT `craft_assetfiles_folderId_fk` FOREIGN KEY (`folderId`) REFERENCES `craft_assetfolders` (`id`) ON DELETE CASCADE,
	ADD CONSTRAINT `craft_assetfiles_id_fk` FOREIGN KEY (`id`) REFERENCES `craft_elements` (`id`) ON DELETE CASCADE,
	ADD CONSTRAINT `craft_assetfiles_sourceId_fk` FOREIGN KEY (`sourceId`) REFERENCES `craft_assetsources` (`id`) ON DELETE CASCADE;

--
-- Constraints for table `craft_assetfolders`
--
ALTER TABLE `craft_assetfolders`
	ADD CONSTRAINT `craft_assetfolders_parentId_fk` FOREIGN KEY (`parentId`) REFERENCES `craft_assetfolders` (`id`) ON DELETE CASCADE,
	ADD CONSTRAINT `craft_assetfolders_sourceId_fk` FOREIGN KEY (`sourceId`) REFERENCES `craft_assetsources` (`id`) ON DELETE CASCADE;

--
-- Constraints for table `craft_assetindexdata`
--
ALTER TABLE `craft_assetindexdata`
	ADD CONSTRAINT `craft_assetindexdata_sourceId_fk` FOREIGN KEY (`sourceId`) REFERENCES `craft_assetsources` (`id`) ON DELETE CASCADE;

--
-- Constraints for table `craft_content`
--
ALTER TABLE `craft_content`
	ADD CONSTRAINT `craft_content_elementId_fk` FOREIGN KEY (`elementId`) REFERENCES `craft_elements` (`id`) ON DELETE CASCADE,
	ADD CONSTRAINT `craft_content_locale_fk` FOREIGN KEY (`locale`) REFERENCES `craft_locales` (`locale`) ON DELETE CASCADE ON UPDATE CASCADE;

--
-- Constraints for table `craft_elements_i18n`
--
ALTER TABLE `craft_elements_i18n`
	ADD CONSTRAINT `craft_elements_i18n_elementId_fk` FOREIGN KEY (`elementId`) REFERENCES `craft_elements` (`id`) ON DELETE CASCADE,
	ADD CONSTRAINT `craft_elements_i18n_locale_fk` FOREIGN KEY (`locale`) REFERENCES `craft_locales` (`locale`) ON DELETE CASCADE ON UPDATE CASCADE;

--
-- Constraints for table `craft_emailmessages`
--
ALTER TABLE `craft_emailmessages`
	ADD CONSTRAINT `craft_emailmessages_locale_fk` FOREIGN KEY (`locale`) REFERENCES `craft_locales` (`locale`) ON DELETE CASCADE ON UPDATE CASCADE;

--
-- Constraints for table `craft_entries`
--
ALTER TABLE `craft_entries`
	ADD CONSTRAINT `craft_entries_authorId_fk` FOREIGN KEY (`authorId`) REFERENCES `craft_users` (`id`) ON DELETE CASCADE,
	ADD CONSTRAINT `craft_entries_id_fk` FOREIGN KEY (`id`) REFERENCES `craft_elements` (`id`) ON DELETE CASCADE,
	ADD CONSTRAINT `craft_entries_sectionId_fk` FOREIGN KEY (`sectionId`) REFERENCES `craft_sections` (`id`) ON DELETE CASCADE,
	ADD CONSTRAINT `craft_entries_typeId_fk` FOREIGN KEY (`typeId`) REFERENCES `craft_entrytypes` (`id`) ON DELETE CASCADE;

--
-- Constraints for table `craft_entries_i18n`
--
ALTER TABLE `craft_entries_i18n`
	ADD CONSTRAINT `craft_entries_i18n_entryId_fk` FOREIGN KEY (`entryId`) REFERENCES `craft_entries` (`id`) ON DELETE CASCADE,
	ADD CONSTRAINT `craft_entries_i18n_locale_fk` FOREIGN KEY (`locale`) REFERENCES `craft_locales` (`locale`) ON DELETE CASCADE ON UPDATE CASCADE,
	ADD CONSTRAINT `craft_entries_i18n_sectionId_fk` FOREIGN KEY (`sectionId`) REFERENCES `craft_sections` (`id`) ON DELETE CASCADE;

--
-- Constraints for table `craft_entrydrafts`
--
ALTER TABLE `craft_entrydrafts`
	ADD CONSTRAINT `craft_entrydrafts_creatorId_fk` FOREIGN KEY (`creatorId`) REFERENCES `craft_users` (`id`) ON DELETE CASCADE,
	ADD CONSTRAINT `craft_entrydrafts_entryId_fk` FOREIGN KEY (`entryId`) REFERENCES `craft_entries` (`id`) ON DELETE CASCADE,
	ADD CONSTRAINT `craft_entrydrafts_locale_fk` FOREIGN KEY (`locale`) REFERENCES `craft_locales` (`locale`) ON DELETE CASCADE ON UPDATE CASCADE,
	ADD CONSTRAINT `craft_entrydrafts_sectionId_fk` FOREIGN KEY (`sectionId`) REFERENCES `craft_sections` (`id`) ON DELETE CASCADE;

--
-- Constraints for table `craft_entrytypes`
--
ALTER TABLE `craft_entrytypes`
	ADD CONSTRAINT `craft_entrytypes_fieldLayoutId_fk` FOREIGN KEY (`fieldLayoutId`) REFERENCES `craft_fieldlayouts` (`id`) ON DELETE SET NULL,
	ADD CONSTRAINT `craft_entrytypes_sectionId_fk` FOREIGN KEY (`sectionId`) REFERENCES `craft_sections` (`id`) ON DELETE CASCADE;

--
-- Constraints for table `craft_entryversions`
--
ALTER TABLE `craft_entryversions`
	ADD CONSTRAINT `craft_entryversions_creatorId_fk` FOREIGN KEY (`creatorId`) REFERENCES `craft_users` (`id`) ON DELETE SET NULL,
	ADD CONSTRAINT `craft_entryversions_entryId_fk` FOREIGN KEY (`entryId`) REFERENCES `craft_entries` (`id`) ON DELETE CASCADE,
	ADD CONSTRAINT `craft_entryversions_locale_fk` FOREIGN KEY (`locale`) REFERENCES `craft_locales` (`locale`) ON DELETE CASCADE ON UPDATE CASCADE,
	ADD CONSTRAINT `craft_entryversions_sectionId_fk` FOREIGN KEY (`sectionId`) REFERENCES `craft_sections` (`id`) ON DELETE CASCADE;

--
-- Constraints for table `craft_fieldlayoutfields`
--
ALTER TABLE `craft_fieldlayoutfields`
	ADD CONSTRAINT `craft_fieldlayoutfields_fieldId_fk` FOREIGN KEY (`fieldId`) REFERENCES `craft_fields` (`id`) ON DELETE CASCADE,
	ADD CONSTRAINT `craft_fieldlayoutfields_layoutId_fk` FOREIGN KEY (`layoutId`) REFERENCES `craft_fieldlayouts` (`id`) ON DELETE CASCADE,
	ADD CONSTRAINT `craft_fieldlayoutfields_tabId_fk` FOREIGN KEY (`tabId`) REFERENCES `craft_fieldlayouttabs` (`id`) ON DELETE CASCADE;

--
-- Constraints for table `craft_fieldlayouttabs`
--
ALTER TABLE `craft_fieldlayouttabs`
	ADD CONSTRAINT `craft_fieldlayouttabs_layoutId_fk` FOREIGN KEY (`layoutId`) REFERENCES `craft_fieldlayouts` (`id`) ON DELETE CASCADE;

--
-- Constraints for table `craft_fields`
--
ALTER TABLE `craft_fields`
	ADD CONSTRAINT `craft_fields_groupId_fk` FOREIGN KEY (`groupId`) REFERENCES `craft_fieldgroups` (`id`) ON DELETE CASCADE;

--
-- Constraints for table `craft_globalsets`
--
ALTER TABLE `craft_globalsets`
	ADD CONSTRAINT `craft_globalsets_fieldLayoutId_fk` FOREIGN KEY (`fieldLayoutId`) REFERENCES `craft_fieldlayouts` (`id`) ON DELETE SET NULL,
	ADD CONSTRAINT `craft_globalsets_id_fk` FOREIGN KEY (`id`) REFERENCES `craft_elements` (`id`) ON DELETE CASCADE;

--
-- Constraints for table `craft_matrixblocks`
--
ALTER TABLE `craft_matrixblocks`
	ADD CONSTRAINT `craft_matrixblocks_fieldId_fk` FOREIGN KEY (`fieldId`) REFERENCES `craft_fields` (`id`) ON DELETE CASCADE,
	ADD CONSTRAINT `craft_matrixblocks_id_fk` FOREIGN KEY (`id`) REFERENCES `craft_elements` (`id`) ON DELETE CASCADE,
	ADD CONSTRAINT `craft_matrixblocks_ownerId_fk` FOREIGN KEY (`ownerId`) REFERENCES `craft_elements` (`id`) ON DELETE CASCADE,
	ADD CONSTRAINT `craft_matrixblocks_typeId_fk` FOREIGN KEY (`typeId`) REFERENCES `craft_matrixblocktypes` (`id`) ON DELETE CASCADE;

--
-- Constraints for table `craft_matrixblocktypes`
--
ALTER TABLE `craft_matrixblocktypes`
	ADD CONSTRAINT `craft_matrixblocktypes_fieldId_fk` FOREIGN KEY (`fieldId`) REFERENCES `craft_fields` (`id`) ON DELETE CASCADE,
	ADD CONSTRAINT `craft_matrixblocktypes_fieldLayoutId_fk` FOREIGN KEY (`fieldLayoutId`) REFERENCES `craft_fieldlayouts` (`id`) ON DELETE SET NULL;

--
-- Constraints for table `craft_matrixcontent_branddescriptions`
--
ALTER TABLE `craft_matrixcontent_branddescriptions`
	ADD CONSTRAINT `craft_matrixcontent_branddescriptions_elementId_fk` FOREIGN KEY (`elementId`) REFERENCES `craft_elements` (`id`) ON DELETE CASCADE,
	ADD CONSTRAINT `craft_matrixcontent_branddescriptions_locale_fk` FOREIGN KEY (`locale`) REFERENCES `craft_locales` (`locale`) ON DELETE CASCADE ON UPDATE CASCADE;

--
-- Constraints for table `craft_matrixcontent_collectionlistleft`
--
ALTER TABLE `craft_matrixcontent_collectionlistleft`
	ADD CONSTRAINT `craft_matrixcontent_collectionlistleft_elementId_fk` FOREIGN KEY (`elementId`) REFERENCES `craft_elements` (`id`) ON DELETE CASCADE,
	ADD CONSTRAINT `craft_matrixcontent_collectionlistleft_locale_fk` FOREIGN KEY (`locale`) REFERENCES `craft_locales` (`locale`) ON DELETE CASCADE ON UPDATE CASCADE;

--
-- Constraints for table `craft_matrixcontent_collectionlistright`
--
ALTER TABLE `craft_matrixcontent_collectionlistright`
	ADD CONSTRAINT `craft_matrixcontent_collectionlistright_elementId_fk` FOREIGN KEY (`elementId`) REFERENCES `craft_elements` (`id`) ON DELETE CASCADE,
	ADD CONSTRAINT `craft_matrixcontent_collectionlistright_locale_fk` FOREIGN KEY (`locale`) REFERENCES `craft_locales` (`locale`) ON DELETE CASCADE ON UPDATE CASCADE;

--
-- Constraints for table `craft_matrixcontent_goods`
--
ALTER TABLE `craft_matrixcontent_goods`
	ADD CONSTRAINT `craft_matrixcontent_goods_elementId_fk` FOREIGN KEY (`elementId`) REFERENCES `craft_elements` (`id`) ON DELETE CASCADE,
	ADD CONSTRAINT `craft_matrixcontent_goods_locale_fk` FOREIGN KEY (`locale`) REFERENCES `craft_locales` (`locale`) ON DELETE CASCADE ON UPDATE CASCADE;

--
-- Constraints for table `craft_matrixcontent_hourslist`
--
ALTER TABLE `craft_matrixcontent_hourslist`
	ADD CONSTRAINT `craft_matrixcontent_hourslist_elementId_fk` FOREIGN KEY (`elementId`) REFERENCES `craft_elements` (`id`) ON DELETE CASCADE,
	ADD CONSTRAINT `craft_matrixcontent_hourslist_locale_fk` FOREIGN KEY (`locale`) REFERENCES `craft_locales` (`locale`) ON DELETE CASCADE ON UPDATE CASCADE;

--
-- Constraints for table `craft_matrixcontent_mainmenu`
--
ALTER TABLE `craft_matrixcontent_mainmenu`
	ADD CONSTRAINT `craft_matrixcontent_mainmenu_locale_fk` FOREIGN KEY (`locale`) REFERENCES `craft_locales` (`locale`) ON DELETE CASCADE ON UPDATE CASCADE,
	ADD CONSTRAINT `craft_matrixcontent_mainmenu_elementId_fk` FOREIGN KEY (`elementId`) REFERENCES `craft_elements` (`id`) ON DELETE CASCADE;

--
-- Constraints for table `craft_migrations`
--
ALTER TABLE `craft_migrations`
	ADD CONSTRAINT `craft_migrations_pluginId_fk` FOREIGN KEY (`pluginId`) REFERENCES `craft_plugins` (`id`) ON DELETE CASCADE;

--
-- Constraints for table `craft_relations`
--
ALTER TABLE `craft_relations`
	ADD CONSTRAINT `craft_relations_fieldId_fk` FOREIGN KEY (`fieldId`) REFERENCES `craft_fields` (`id`) ON DELETE CASCADE,
	ADD CONSTRAINT `craft_relations_sourceId_fk` FOREIGN KEY (`sourceId`) REFERENCES `craft_elements` (`id`) ON DELETE CASCADE,
	ADD CONSTRAINT `craft_relations_targetId_fk` FOREIGN KEY (`targetId`) REFERENCES `craft_elements` (`id`) ON DELETE CASCADE;

--
-- Constraints for table `craft_sections_i18n`
--
ALTER TABLE `craft_sections_i18n`
	ADD CONSTRAINT `craft_sections_i18n_locale_fk` FOREIGN KEY (`locale`) REFERENCES `craft_locales` (`locale`) ON DELETE CASCADE ON UPDATE CASCADE,
	ADD CONSTRAINT `craft_sections_i18n_sectionId_fk` FOREIGN KEY (`sectionId`) REFERENCES `craft_sections` (`id`) ON DELETE CASCADE;

--
-- Constraints for table `craft_sessions`
--
ALTER TABLE `craft_sessions`
	ADD CONSTRAINT `craft_sessions_userId_fk` FOREIGN KEY (`userId`) REFERENCES `craft_users` (`id`) ON DELETE CASCADE;

--
-- Constraints for table `craft_shunnedmessages`
--
ALTER TABLE `craft_shunnedmessages`
	ADD CONSTRAINT `craft_shunnedmessages_userId_fk` FOREIGN KEY (`userId`) REFERENCES `craft_users` (`id`) ON DELETE CASCADE;

--
-- Constraints for table `craft_tags`
--
ALTER TABLE `craft_tags`
	ADD CONSTRAINT `craft_tags_id_fk` FOREIGN KEY (`id`) REFERENCES `craft_elements` (`id`) ON DELETE CASCADE,
	ADD CONSTRAINT `craft_tags_setId_fk` FOREIGN KEY (`setId`) REFERENCES `craft_tagsets` (`id`) ON DELETE CASCADE;

--
-- Constraints for table `craft_tagsets`
--
ALTER TABLE `craft_tagsets`
	ADD CONSTRAINT `craft_tagsets_fieldLayoutId_fk` FOREIGN KEY (`fieldLayoutId`) REFERENCES `craft_fieldlayouts` (`id`) ON DELETE SET NULL;

--
-- Constraints for table `craft_usergroups_users`
--
ALTER TABLE `craft_usergroups_users`
	ADD CONSTRAINT `craft_usergroups_users_groupId_fk` FOREIGN KEY (`groupId`) REFERENCES `craft_usergroups` (`id`) ON DELETE CASCADE,
	ADD CONSTRAINT `craft_usergroups_users_userId_fk` FOREIGN KEY (`userId`) REFERENCES `craft_users` (`id`) ON DELETE CASCADE;

--
-- Constraints for table `craft_userpermissions_usergroups`
--
ALTER TABLE `craft_userpermissions_usergroups`
	ADD CONSTRAINT `craft_userpermissions_usergroups_groupId_fk` FOREIGN KEY (`groupId`) REFERENCES `craft_usergroups` (`id`) ON DELETE CASCADE,
	ADD CONSTRAINT `craft_userpermissions_usergroups_permissionId_fk` FOREIGN KEY (`permissionId`) REFERENCES `craft_userpermissions` (`id`) ON DELETE CASCADE;

--
-- Constraints for table `craft_userpermissions_users`
--
ALTER TABLE `craft_userpermissions_users`
	ADD CONSTRAINT `craft_userpermissions_users_permissionId_fk` FOREIGN KEY (`permissionId`) REFERENCES `craft_userpermissions` (`id`) ON DELETE CASCADE,
	ADD CONSTRAINT `craft_userpermissions_users_userId_fk` FOREIGN KEY (`userId`) REFERENCES `craft_users` (`id`) ON DELETE CASCADE;

--
-- Constraints for table `craft_users`
--
ALTER TABLE `craft_users`
	ADD CONSTRAINT `craft_users_id_fk` FOREIGN KEY (`id`) REFERENCES `craft_elements` (`id`) ON DELETE CASCADE,
	ADD CONSTRAINT `craft_users_preferredLocale_fk` FOREIGN KEY (`preferredLocale`) REFERENCES `craft_locales` (`locale`) ON DELETE SET NULL ON UPDATE CASCADE;

--
-- Constraints for table `craft_widgets`
--
ALTER TABLE `craft_widgets`
	ADD CONSTRAINT `craft_widgets_userId_fk` FOREIGN KEY (`userId`) REFERENCES `craft_users` (`id`) ON DELETE CASCADE;

SET FOREIGN_KEY_CHECKS = 1;
